timestamp,t,close_lighter,open_lighter,high_lighter,low_lighter,volume_lighter,close_xyz,open_xyz,high_xyz,low_xyz,volume_xyz,spread,spread_pct
2025-12-26 00:00:00,1766707200000,74.2469,73.2091,74.3346,73.1936,8790.15,73.952,73.6,73.987,73.58,1988.57,-0.2948999999999984,-0.3971883001175785
2025-12-26 01:00:00,1766710800000,74.6757,74.2469,75.25,74.2469,29302.9,74.59,73.96,75.0,73.95,5117.05,-0.08570000000000277,-0.11476290145255119
2025-12-26 02:00:00,1766714400000,74.877,74.6757,74.9542,74.3759,21906.54,74.76,74.59,74.88,74.298,786.9,-0.11699999999999022,-0.15625626026682457
2025-12-26 03:00:00,1766718000000,74.482,74.877,75.0372,74.4481,15830.5,74.45,74.76,74.889,74.394,976.84,-0.031999999999996476,-0.042963400553149046
2025-12-26 04:00:00,1766721600000,74.6908,74.482,74.7836,74.4132,6091.28,74.52,74.425,74.74,74.395,385.29,-0.17079999999999984,-0.2286760886213561
2025-12-26 05:00:00,1766725200000,75.0123,74.6908,75.0819,74.6052,4541.86,74.889,74.595,74.889,74.562,239.58,-0.12330000000000041,-0.16437304282097792
2025-12-26 06:00:00,1766728800000,74.6622,75.0123,75.0753,74.515,7324.99,74.693,74.978,75.22,74.575,1411.67,0.030799999999999272,0.041252467781553816
2025-12-26 07:00:00,1766732400000,74.6781,74.6622,74.8504,74.5593,7692.38,74.66,74.62,74.82,74.59,645.36,-0.018100000000004002,-0.02423736008281411
2025-12-26 08:00:00,1766736000000,74.907,74.6781,74.9311,74.5826,8146.75,74.985,74.68,74.99,74.65,794.42,0.07800000000000296,0.10412912010893903
2025-12-26 09:00:00,1766739600000,74.7507,74.907,74.9668,74.5816,8966.23,74.796,74.934,74.95,74.699,640.4,0.045300000000011664,0.06060143918386272
2025-12-26 10:00:00,1766743200000,74.8618,74.7507,75.5827,74.7222,20419.47,74.9,74.796,75.45,74.796,2152.62,0.03820000000000334,0.051027359748233865
2025-12-26 11:00:00,1766746800000,74.4828,74.8618,74.8945,73.5214,35263.35,74.33,74.896,74.9,73.57,2987.45,-0.15279999999999916,-0.2051480341770169
2025-12-26 12:00:00,1766750400000,74.0864,74.4828,74.5089,74.0864,8043.73,74.231,74.4,74.57,73.95,721.07,0.14459999999999695,0.1951775224602585
2025-12-26 13:00:00,1766754000000,74.6609,74.0864,74.859,74.0,20297.66,74.7,74.08,74.844,74.017,1549.81,0.0391000000000048,0.05237011608486477
2025-12-26 14:00:00,1766757600000,74.9752,74.6609,75.3653,74.3365,32264.28,75.2,74.716,76.511,74.479,4767.61,0.2248000000000019,0.29983247793937445
2025-12-26 15:00:00,1766761200000,76.0739,74.9752,76.1368,74.9517,42588.5,76.03,75.2,76.179,74.479,5814.82,-0.04389999999999361,-0.05770704538612272
2025-12-26 16:00:00,1766764800000,76.3569,76.0739,76.5756,75.54,33227.84,76.333,76.029,76.38,75.573,3090.52,-0.02389999999999759,-0.03130038018829679
2025-12-26 17:00:00,1766768400000,76.5061,76.3569,76.6098,75.7983,17427.26,76.651,76.333,76.99,75.9,7194.64,0.1448999999999927,0.18939666248834106
2025-12-26 18:00:00,1766772000000,77.3802,76.5061,77.4742,76.4001,14818.04,77.449,76.651,77.765,76.35,5931.92,0.06879999999999598,0.0889116337254181
2025-12-26 19:00:00,1766775600000,77.3432,77.3802,77.7291,77.079,19805.35,77.098,77.43,77.855,77.01,9072.87,-0.24519999999999698,-0.3170285170512689
2025-12-26 20:00:00,1766779200000,78.3676,77.3432,78.5664,77.3432,50263.67,78.4,77.099,78.596,76.74,20552.08,0.032400000000009754,0.041343616494584186
2025-12-26 21:00:00,1766782800000,79.2299,78.3676,79.2678,78.0042,35393.7,79.2,78.4,79.28,77.894,8397.82,-0.029899999999997817,-0.037738278099553095
2025-12-26 22:00:00,1766786400000,78.78,79.2299,79.5315,78.7545,2222.72,79.201,79.277,79.285,78.67,6409.9,0.42099999999999227,0.5343995938055246
2025-12-26 23:00:00,1766790000000,78.7545,78.78,78.78,78.7545,182.56,79.119,79.2,79.2,77.794,6954.05,0.3645000000000067,0.46283069538884347
2025-12-27 00:00:00,1766793600000,78.7545,78.7545,78.76,78.7545,165.83,78.641,79.05,79.12,78.64,3066.87,-0.11349999999998772,-0.14411874876989597
2025-12-27 01:00:00,1766797200000,78.699,78.7545,79.0,78.699,962.55,78.302,78.641,79.01,78.3,2815.45,-0.39699999999999136,-0.5044536779374469
2025-12-27 02:00:00,1766800800000,78.699,78.699,78.699,78.699,510.61,78.928,78.504,78.948,78.301,1671.77,0.2289999999999992,0.29098209634175687
2025-12-27 03:00:00,1766804400000,78.6991,78.699,78.6991,78.699,584.07,78.94,78.928,78.957,78.817,1679.08,0.24089999999999634,0.30610261108449316
2025-12-27 04:00:00,1766808000000,78.6993,78.6991,78.6993,78.6991,89.7,78.937,78.94,79.202,78.761,3926.53,0.2377000000000038,0.30203572331647655
2025-12-27 05:00:00,1766811600000,78.699,78.6993,78.6995,78.699,147.63,78.9,78.92,78.927,78.725,2426.62,0.20100000000000762,0.25540349940915086
2025-12-27 06:00:00,1766815200000,78.699,78.699,78.699,78.699,133.25,78.84,78.9,78.92,78.83,1742.32,0.14100000000000534,0.17916364883925506
2025-12-27 07:00:00,1766818800000,78.5,78.699,78.699,78.5,614.76,78.98,78.84,79.191,78.84,4469.61,0.480000000000004,0.6114649681528713
2025-12-27 08:00:00,1766822400000,78.477,78.5,78.5,78.477,87.49,78.96,78.891,78.98,78.89,717.87,0.4829999999999899,0.6154669521006025
2025-12-27 09:00:00,1766826000000,78.477,78.477,78.477,78.477,0.0,79.11,78.891,79.191,78.89,2183.86,0.6329999999999956,0.806605757100801
2025-12-27 10:00:00,1766829600000,78.8937,78.8937,78.8937,78.8937,21.21,78.92,79.015,79.191,78.91,2545.11,0.026300000000006207,0.0333359951428393
2025-12-27 11:00:00,1766833200000,78.3105,78.8937,78.8937,78.3105,1429.6499999999999,78.99,78.96,78.99,78.91,1083.44,0.6794999999999902,0.8676997337521662
2025-12-27 12:00:00,1766836800000,78.1603,78.3105,78.366,77.8665,4022.07,79.0,78.99,79.04,78.88,748.44,0.8396999999999935,1.0743305744732214
2025-12-27 13:00:00,1766840400000,79.032,78.1603,79.143,77.9775,460.66,79.029,78.978,79.029,78.957,1294.74,-0.0030000000000001137,-0.003795930762223041
2025-12-27 14:00:00,1766844000000,79.309,79.032,79.309,77.811,4641.25,78.99,79.02,79.04,78.951,1624.8,-0.3190000000000026,-0.40222421162793964
2025-12-27 15:00:00,1766847600000,79.309,79.309,79.309,79.309,0.0,79.0,78.99,79.01,78.97,794.09,-0.3089999999999975,-0.38961530217251195
2025-12-27 16:00:00,1766851200000,79.2,79.203,79.203,78.5,300.0,78.99,78.97,79.11,78.97,2084.67,-0.21000000000000796,-0.2651515151515252
2025-12-27 17:00:00,1766854800000,79.15,79.2,79.2,79.15,50.0,79.025,79.01,79.05,78.93,4983.59,-0.125,-0.15792798483891343
2025-12-27 18:00:00,1766858400000,79.3095,79.15,79.3095,79.15,300.12,79.021,79.025,79.2,78.987,4743.43,-0.2884999999999991,-0.3637647444505376
2025-12-27 19:00:00,1766862000000,79.3095,79.3095,79.3095,79.3095,0.0,79.04,79.022,79.087,79.022,2980.0,-0.26949999999999363,-0.339807967519646
2025-12-27 20:00:00,1766865600000,79.3095,79.3095,79.3095,79.3095,0.0,79.02,79.04,79.074,78.873,3534.85,-0.28950000000000387,-0.3650256274469059
2025-12-27 21:00:00,1766869200000,79.3095,79.3095,79.3095,79.3095,0.0,79.06,79.04,79.1,79.02,675.6,-0.2494999999999976,-0.3145903075924039
2025-12-27 22:00:00,1766872800000,79.15,79.15,79.15,79.15,8.38,79.203,79.1,79.203,79.094,2552.59,0.05299999999999727,0.06696146557169586
2025-12-27 23:00:00,1766876400000,79.3095,79.15,79.3095,79.15,101.8,79.203,79.203,79.203,79.199,1975.0,-0.10649999999999693,-0.13428403911258668
2025-12-28 00:00:00,1766880000000,79.3095,79.3095,79.3095,79.3095,0.0,79.51,79.203,79.52,79.199,2907.06,0.20050000000000523,0.2528070407706583
2025-12-28 01:00:00,1766883600000,79.3095,79.3095,79.3095,79.3095,0.0,79.411,79.51,79.576,79.199,2102.58,0.10150000000000148,0.12797962413078065
2025-12-28 02:00:00,1766887200000,79.15,79.15,79.15,79.15,1.98,79.402,79.411,79.411,79.2,1143.94,0.25199999999999534,0.3183828174352436
2025-12-28 03:00:00,1766890800000,79.15,79.15,79.15,79.15,0.0,79.994,79.402,80.0,79.284,4204.62,0.8439999999999941,1.0663297536323362
2025-12-28 04:00:00,1766894400000,79.3095,79.3095,79.3095,79.3095,216.43,80.0,79.418,80.202,79.41,6397.61,0.6905000000000001,0.8706397089882045
2025-12-28 05:00:00,1766898000000,79.3095,79.3095,79.3095,79.3095,0.0,79.824,79.752,80.0,79.55,2135.08,0.5144999999999982,0.6487243016284281
2025-12-28 06:00:00,1766901600000,79.22,79.22,79.22,79.22,3.72,79.816,79.59,79.825,79.572,1661.27,0.5960000000000036,0.7523352688715017
2025-12-28 07:00:00,1766905200000,79.22,79.22,79.22,79.22,0.0,80.6,79.825,80.808,79.439,4232.91,1.3799999999999955,1.7419843473870176
2025-12-28 08:00:00,1766908800000,79.22,79.22,79.22,79.22,0.0,79.99,79.929,80.79,79.5,2044.52,0.769999999999996,0.9719767735420298
2025-12-28 09:00:00,1766912400000,79.15,79.22,79.22,79.15,31.6,80.441,80.148,80.447,79.613,1818.62,1.2909999999999968,1.631080227416294
2025-12-28 10:00:00,1766916000000,79.3095,79.15,79.3095,79.15,20.57,80.19,80.441,80.443,79.876,1687.85,0.8804999999999978,1.1102074782970488
2025-12-28 11:00:00,1766919600000,79.3095,79.3095,79.3095,79.3095,0.0,80.8,80.232,80.952,79.849,4574.57,1.4904999999999973,1.879346106078083
2025-12-28 12:00:00,1766923200000,79.3095,79.3095,79.3095,79.3095,1000.0,80.493,80.282,80.899,80.2,2629.57,1.1834999999999951,1.4922550261948382
2025-12-28 13:00:00,1766926800000,79.25,79.3095,79.3095,79.25,202.5,80.6,80.568,81.809,80.216,7619.63,1.3499999999999943,1.703470031545734
2025-12-28 14:00:00,1766930400000,79.25,79.25,79.25,79.25,1.94,80.54,80.6,81.316,80.5,4383.99,1.2900000000000063,1.6277602523659385
2025-12-28 15:00:00,1766934000000,79.3095,79.25,79.3095,79.15,217.53,80.929,80.62,81.05,80.451,3067.87,1.6195000000000022,2.042000012608833
2025-12-28 16:00:00,1766937600000,79.3649,79.3095,79.3649,79.3095,3.67,81.203,80.91,82.8,80.9,20995.66,1.8380999999999972,2.3160112341853853
2025-12-28 17:00:00,1766941200000,79.3,79.3649,79.4429,79.2982,1355.84,81.5,81.19,82.5,80.8,10681.84,2.200000000000003,2.77427490542245
2025-12-28 18:00:00,1766944800000,79.15,79.3,79.3,78.699,77.14,81.34,81.5,81.625,81.3,3390.47,2.1899999999999977,2.7668982943777607
2025-12-28 19:00:00,1766948400000,79.15,79.15,79.15,79.15,0.0,81.308,81.415,82.0,80.94,7747.97,2.1580000000000013,2.726468730259003
2025-12-28 20:00:00,1766952000000,79.15,79.15,79.15,79.15,0.0,81.31,81.456,81.459,80.663,3023.99,2.1599999999999966,2.7289955780164203
2025-12-28 21:00:00,1766955600000,79.4436,79.4204,79.4436,79.4204,23.57,80.412,81.31,81.458,80.3,6297.03,0.9684000000000026,1.2189779919339034
2025-12-28 22:00:00,1766959200000,79.4436,79.4436,79.4436,79.4436,0.0,81.54,80.95,82.3,80.412,14699.8,2.0964000000000027,2.6388532241741345
2025-12-28 23:00:00,1766962800000,81.7718,79.2968,83.86,79.1893,75700.78,81.5,81.476,84.0,80.5,95129.28,-0.27179999999999893,-0.33238842730623386
2025-12-29 00:00:00,1766966400000,76.7922,81.7718,81.8352,75.0,75294.09,77.15,81.336,82.0,75.0,109073.72,0.35780000000001166,0.465932737960381
2025-12-29 01:00:00,1766970000000,76.9748,76.7922,78.6544,76.0833,38631.6,77.314,77.15,78.81,76.25,21254.05,0.33919999999999106,0.440663697729635
2025-12-29 02:00:00,1766973600000,78.2535,76.9748,78.462,76.7448,25707.39,78.02,77.247,78.61,76.921,18426.36,-0.23350000000000648,-0.2983892094283405
2025-12-29 03:00:00,1766977200000,80.3016,78.2535,80.7046,78.2365,17456.38,80.299,78.272,80.83,78.105,10716.91,-0.002599999999986835,-0.0032377935184191037
2025-12-29 04:00:00,1766980800000,79.721,80.3016,80.304,79.3248,15405.6,79.88,80.299,80.299,79.192,22691.56,0.15899999999999181,0.1994455664128546
2025-12-29 05:00:00,1766984400000,78.9637,79.721,80.4929,78.6755,19503.34,79.193,79.8,80.622,78.82,18424.36,0.22929999999999495,0.2903865953596335
2025-12-29 06:00:00,1766988000000,75.8301,78.9637,79.2841,75.1,58195.5,75.988,79.082,79.487,74.786,50138.8,0.15789999999999793,0.20822865854060318
2025-12-29 07:00:00,1766991600000,76.1232,75.8301,76.8351,74.8794,36763.28,76.0,75.988,76.904,74.46,38254.1,-0.12319999999999709,-0.16184290728713074
2025-12-29 08:00:00,1766995200000,74.6464,76.1232,76.5,74.249,20084.08,74.722,75.97,76.3,73.906,38216.92,0.07559999999999434,0.10127748960431358
2025-12-29 09:00:00,1766998800000,75.772,74.6464,75.7992,74.4505,15732.74,75.643,74.654,75.74,74.141,18013.2,-0.1290000000000049,-0.17024758485984914
2025-12-29 10:00:00,1767002400000,75.5334,75.772,75.9576,75.0082,12161.789999999999,75.462,75.633,75.735,74.73,14996.34,-0.07139999999999702,-0.09452771886343925
2025-12-29 11:00:00,1767006000000,74.2727,75.5334,75.799,73.9001,21960.649999999998,73.945,75.462,75.832,73.721,20703.67,-0.3277000000000072,-0.4412119123177254
2025-12-29 12:00:00,1767009600000,75.3298,74.2727,75.418,74.2727,15282.9,75.297,74.199,75.316,74.199,15449.65,-0.03280000000000882,-0.04354186523793879
2025-12-29 13:00:00,1767013200000,73.7977,75.3298,76.1697,72.7499,37816.27,73.89,75.279,75.999,72.55,32237.41,0.0922999999999945,0.1250716485744061
2025-12-29 14:00:00,1767016800000,72.698,73.7977,73.839,71.7242,50684.3,72.709,73.8,73.81,72.0,28161.73,0.01100000000000989,0.0151310902638448
2025-12-29 15:00:00,1767020400000,71.4132,72.698,72.698,70.55,53567.71,71.554,72.464,72.464,70.536,42107.39,0.1407999999999987,0.19716242935479533
2025-12-29 16:00:00,1767024000000,72.4862,71.4132,72.7017,71.1463,28729.55,72.58,71.536,72.719,71.25,38353.01,0.09380000000000166,0.12940394171580474
2025-12-29 17:00:00,1767027600000,71.5793,72.4862,72.6651,71.394,16926.59,71.73,72.505,72.81,71.43,21708.04,0.1507000000000005,0.21053572750781369
2025-12-29 18:00:00,1767031200000,71.6801,71.5793,71.8545,70.8088,23470.63,71.791,71.662,71.957,70.653,36247.54,0.11090000000000089,0.1547151859442173
2025-12-29 19:00:00,1767034800000,72.3688,71.6801,72.4089,71.3443,12980.77,72.413,71.694,72.56,71.34,13014.15,0.04420000000000357,0.06107604381999367
2025-12-29 20:00:00,1767038400000,72.8355,72.3688,73.0459,72.3688,19760.73,72.876,72.413,73.298,72.402,23007.22,0.04050000000000864,0.05560475317669082
2025-12-29 21:00:00,1767042000000,72.1526,72.8355,72.8355,72.0139,4878.69,72.35,72.876,72.893,72.094,12820.34,0.19739999999998759,0.273586814612346
2025-12-29 22:00:00,1767045600000,71.9026,72.1526,72.4071,71.9,452.34,72.395,72.35,72.49,72.06,4529.9,0.4923999999999893,0.6848152917975
2025-12-29 23:00:00,1767049200000,72.5228,71.9026,72.6321,71.1793,41768.28,72.675,72.265,72.93,71.197,18275.14,0.15219999999999345,0.20986503554743258
2025-12-30 00:00:00,1767052800000,72.7934,72.5228,73.1401,72.1411,14774.72,72.657,72.435,73.22,72.18,13819.69,-0.13640000000000896,-0.18737962507591202
2025-12-30 01:00:00,1767056400000,73.6593,72.7934,73.7657,72.1024,13608.08,73.647,72.8,73.76,72.126,12983.19,-0.012299999999996203,-0.016698502429423306
2025-12-30 02:00:00,1767060000000,73.8741,73.6593,73.9608,73.1564,19214.01,73.921,73.781,73.925,73.098,14171.75,0.046900000000007935,0.06348639103556988
2025-12-30 03:00:00,1767063600000,74.3642,73.8741,74.6725,73.8315,4411.01,74.231,73.762,74.523,73.718,11447.76,-0.1332000000000022,-0.1791184467795017
2025-12-30 04:00:00,1767067200000,74.4856,74.3642,74.717,74.3356,3207.09,74.5,74.39,74.621,74.277,12947.5,0.014399999999994861,0.0193325958305966
2025-12-30 05:00:00,1767070800000,75.1268,74.4856,75.2062,74.0024,7395.0,75.085,74.504,75.199,74.037,36852.37,-0.04180000000000916,-0.05563926588116247
2025-12-30 06:00:00,1767074400000,74.984,75.1268,75.1451,74.4059,11103.43,74.95,75.08,75.117,74.031,22183.33,-0.033999999999991815,-0.04534300650804414
2025-12-30 07:00:00,1767078000000,74.8754,74.984,75.1302,74.2754,11407.77,74.87,74.908,75.091,74.169,15821.06,-0.00539999999999452,-0.0072119815052667765
2025-12-30 08:00:00,1767081600000,74.29,74.8754,74.948,73.8572,15638.21,74.316,74.87,74.915,73.809,10000.45,0.02599999999999625,0.03499798088571308
2025-12-30 09:00:00,1767085200000,74.6724,74.29,74.7231,74.2382,12504.8,74.669,74.319,74.693,74.16,6039.26,-0.0033999999999991815,-0.004553221806181644
2025-12-30 10:00:00,1767088800000,74.5276,74.6724,74.7637,74.377,3167.85,74.445,74.669,74.688,74.365,7440.32,-0.08260000000001355,-0.11083142352633593
2025-12-30 11:00:00,1767092400000,74.854,74.5276,74.9302,74.5276,3367.77,74.89,74.445,74.89,74.445,8015.28,0.036000000000001364,0.04809362225131772
2025-12-30 12:00:00,1767096000000,76.1482,74.854,76.2252,74.8295,10873.73,76.065,74.89,76.152,74.829,24421.14,-0.08320000000000505,-0.10926062598985276
2025-12-30 13:00:00,1767099600000,76.4051,76.1482,76.6507,75.3982,12684.58,76.3,76.09,76.569,75.273,37731.93,-0.1051000000000073,-0.13755626260551623
2025-12-30 14:00:00,1767103200000,75.5439,76.4051,76.5843,75.2,7203.04,75.447,76.355,76.503,75.01,27428.44,-0.09689999999999088,-0.12826978750103038
2025-12-30 15:00:00,1767106800000,76.1184,75.5439,76.55,75.2029,7967.71,76.05,75.483,76.507,75.045,37069.24,-0.06839999999999691,-0.08986000756715448
2025-12-30 16:00:00,1767110400000,77.1852,76.1184,77.1962,75.8283,12445.6,77.054,76.021,77.19,75.751,20655.45,-0.13119999999999266,-0.1699807735161568
2025-12-30 17:00:00,1767114000000,77.558,77.1852,77.8521,77.0323,10979.22,77.541,77.06,77.894,77.003,53121.55,-0.017000000000010118,-0.021919079914399696
2025-12-30 18:00:00,1767117600000,77.5805,77.558,78.1237,77.2976,13916.59,77.601,77.557,78.15,77.2,31155.11,0.02049999999999841,0.026424165866420567
2025-12-30 19:00:00,1767121200000,76.2504,77.5805,77.8835,75.9536,18183.25,76.251,77.61,77.75,75.843,67821.77,0.0006000000000057071,0.0007868811180081771
2025-12-30 20:00:00,1767124800000,76.0772,76.2504,76.8277,75.515,27994.71,75.996,76.258,76.698,75.396,37761.58,-0.08120000000000971,-0.10673368630813136
2025-12-30 21:00:00,1767128400000,76.2412,76.0772,76.7848,76.0772,11570.98,76.241,76.062,76.663,76.007,15590.67,-0.0002000000000066393,-0.0002623253569023563
2025-12-30 22:00:00,1767132000000,75.9349,76.2412,76.5756,75.9348,273.05,76.403,76.26,76.665,75.838,4057.73,0.46810000000000684,0.6164490899441586
2025-12-30 23:00:00,1767135600000,75.2145,75.9349,76.435,74.299,20983.19,75.25,76.264,76.453,74.503,60013.58,0.03549999999999898,0.0471983460635901
2025-12-31 00:00:00,1767139200000,74.5854,75.2145,75.3892,74.2002,16771.91,74.715,75.25,75.413,74.221,43032.0,0.12959999999999638,0.1737605483110587
2025-12-31 01:00:00,1767142800000,75.4447,74.5854,75.6817,74.3781,5536.6,75.519,74.646,75.756,74.396,50566.37,0.07430000000000803,0.09848272973450492
2025-12-31 02:00:00,1767146400000,73.1782,75.4447,75.814,72.844,13191.93,73.25,75.519,75.808,72.854,50832.73,0.07179999999999609,0.09811665222702402
2025-12-31 03:00:00,1767150000000,72.0176,73.1782,73.4723,71.8786,21873.23,72.143,73.25,73.468,71.763,57678.49,0.12539999999999907,0.17412410299704387
2025-12-31 04:00:00,1767153600000,71.7661,72.0176,73.153,71.5307,10263.66,71.702,72.15,72.82,71.567,18451.16,-0.06409999999999627,-0.0893179370203986
2025-12-31 05:00:00,1767157200000,70.9141,71.7661,72.5208,70.7387,11338.99,71.02,71.718,72.568,70.682,28989.69,0.10589999999999122,0.14933560462586595
2025-12-31 06:00:00,1767160800000,71.8397,70.9141,71.9731,70.601,11876.5,71.839,71.025,71.9,70.6,23502.5,-0.0006999999999948159,-0.0009743915968396527
2025-12-31 07:00:00,1767164400000,72.2481,71.8397,72.5282,71.593,10483.14,72.236,71.844,72.468,71.6,17775.43,-0.012099999999989564,-0.016747845272041154
2025-12-31 08:00:00,1767168000000,71.004,72.2481,72.3929,70.5,25566.219999999998,71.142,72.267,72.441,71.05,38045.27,0.13799999999999102,0.19435524759167233
2025-12-31 09:00:00,1767171600000,71.9218,71.004,72.4101,71.004,9557.02,71.984,71.059,72.448,71.059,23926.07,0.06219999999999004,0.08648281883933667
2025-12-31 10:00:00,1767175200000,71.9197,71.9218,72.2027,71.6,5251.89,71.92,71.984,72.279,71.554,22590.05,0.0002999999999957481,0.00041713188458203815
2025-12-31 11:00:00,1767178800000,72.0408,71.9197,72.3765,71.7061,10891.77,72.016,71.933,72.341,71.739,10770.99,-0.024799999999999045,-0.034424936980154364
2025-12-31 12:00:00,1767182400000,71.8945,72.0408,72.0817,71.3751,7436.34,71.894,72.002,72.059,71.37,17178.23,-0.0004999999999881766,-0.0006954634916275607
2025-12-31 13:00:00,1767186000000,72.2684,71.8945,72.4715,71.593,8146.4400000000005,72.291,71.907,72.415,71.596,10858.52,0.022599999999997067,0.03127231265670344
2025-12-31 14:00:00,1767189600000,73.5464,72.2684,73.846,71.7495,20255.09,73.726,72.274,73.86,71.711,27605.31,0.17959999999999354,0.2441995801289982
2025-12-31 15:00:00,1767193200000,72.4392,73.5464,73.6455,72.2,33985.090000000004,72.412,73.726,73.726,72.14,32817.41,-0.02719999999999345,-0.037548730521587005
2025-12-31 16:00:00,1767196800000,71.7732,72.4392,72.6091,71.5138,23259.7,71.863,72.404,72.612,71.476,24593.15,0.08979999999999677,0.12511633868908836
2025-12-31 17:00:00,1767200400000,71.3185,71.7732,72.071,71.1553,21357.84,71.376,71.748,72.165,71.224,14051.05,0.05750000000000455,0.08062424195686188
2025-12-31 18:00:00,1767204000000,71.6182,71.3185,71.8874,71.1587,13654.1,71.73,71.429,71.899,71.182,15444.44,0.11180000000000234,0.15610557093029753
2025-12-31 19:00:00,1767207600000,70.4458,71.6182,71.8095,70.3074,13338.33,70.644,71.689,71.94,70.522,23962.28,0.19819999999999993,0.281351052866175
2025-12-31 20:00:00,1767211200000,71.0452,70.4458,71.3909,70.0589,10639.67,71.152,70.522,71.519,70.065,26490.96,0.10680000000000689,0.15032683418444442
2025-12-31 21:00:00,1767214800000,71.593,71.0452,71.593,70.9166,2185.58,71.62,71.339,71.77,71.081,6611.82,0.027000000000001023,0.037713184249858256
2025-12-31 22:00:00,1767218400000,71.7,71.593,71.7,71.2338,444.72,71.581,71.684,71.76,71.512,5486.97,-0.11899999999999977,-0.16596931659693134
2025-12-31 23:00:00,1767222000000,71.4493,71.7,71.7,71.4493,1271.68,71.572,71.581,71.817,71.553,11661.56,0.12270000000000891,0.17173016390644685
2026-01-01 00:00:00,1767225600000,71.4718,71.4493,71.52,71.3097,1772.23,71.522,71.572,71.61,71.512,1646.25,0.0502000000000038,0.0702374922696837
2026-01-01 01:00:00,1767229200000,71.4878,71.4718,71.4878,71.328,341.38,71.591,71.522,71.729,71.522,1536.75,0.10320000000000107,0.14436029644219164
2026-01-01 02:00:00,1767232800000,71.3972,71.4878,71.5002,71.357,286.7,71.595,71.591,71.614,71.49,1118.36,0.19780000000000086,0.27704167670440977
2026-01-01 03:00:00,1767236400000,71.4197,71.3972,71.5002,71.3534,281.05,71.769,71.595,71.769,71.402,6249.63,0.3492999999999995,0.48908074382838274
2026-01-01 04:00:00,1767240000000,71.3323,71.4197,71.4872,71.3317,487.78,71.568,71.769,71.769,71.51,2761.88,0.23569999999999425,0.33042534728306
2026-01-01 05:00:00,1767243600000,71.3447,71.3323,71.4754,71.3323,95.82,71.55,71.568,71.57,71.491,1104.2,0.20529999999999404,0.2877578853089214
2026-01-01 06:00:00,1767247200000,71.4275,71.3447,71.5287,71.3447,1132.5,71.505,71.55,71.56,71.491,648.53,0.07750000000000057,0.10850162752441368
2026-01-01 07:00:00,1767250800000,71.4761,71.4275,71.4761,71.4275,90.95,71.552,71.505,71.552,71.495,1814.89,0.0759000000000043,0.10618934161209731
2026-01-01 08:00:00,1767254400000,71.4761,71.4761,71.4761,71.4518,34.95,71.59,71.552,71.663,71.55,1051.98,0.113900000000001,0.15935396587111075
2026-01-01 09:00:00,1767258000000,71.5287,71.4761,71.5287,71.4518,5.72,71.612,71.59,71.7,71.572,1391.18,0.08329999999999416,0.11645675092654299
2026-01-01 10:00:00,1767261600000,71.428,71.5287,71.5287,71.4239,105.57,71.617,71.612,71.63,71.607,2558.71,0.18900000000000716,0.26460211681694457
2026-01-01 11:00:00,1767265200000,71.4309,71.428,71.5305,71.428,57.42,71.617,71.617,71.617,71.616,1146.82,0.18610000000001037,0.260531506672897
2026-01-01 12:00:00,1767268800000,71.4776,71.4309,71.5305,71.394,745.0799999999999,71.78,71.617,71.78,71.601,1289.94,0.3024000000000058,0.4230696050231203
2026-01-01 13:00:00,1767272400000,71.3919,71.4776,71.5579,71.3447,2344.12,71.78,71.78,71.78,71.611,1768.26,0.38809999999999434,0.5436190940428737
2026-01-01 14:00:00,1767276000000,71.4949,71.3919,71.4972,71.3674,252.65,71.76,71.78,71.879,71.612,1422.53,0.2651000000000039,0.3707956791323631
2026-01-01 15:00:00,1767279600000,71.5247,71.4949,71.5247,71.3447,1314.08,71.769,71.798,71.839,71.612,1655.35,0.24430000000000973,0.3415603281104426
2026-01-01 16:00:00,1767283200000,71.5064,71.5247,71.5387,71.435,335.27,71.671,71.706,71.75,71.623,754.35,0.16460000000000719,0.23018918586309361
2026-01-01 17:00:00,1767286800000,71.5364,71.5064,71.5388,71.4413,99.34,71.9,71.671,71.95,71.623,1570.08,0.36360000000000525,0.5082727115147048
2026-01-01 18:00:00,1767290400000,71.519,71.5364,71.5382,71.4413,38.23,71.869,71.899,71.899,71.78,890.45,0.3499999999999943,0.4893804443574355
2026-01-01 19:00:00,1767294000000,71.5244,71.519,71.5424,71.4308,1040.54,71.865,71.869,71.996,71.8,2596.06,0.3405999999999949,0.47620112856590885
2026-01-01 20:00:00,1767297600000,71.5604,71.5244,71.5796,71.5,1566.42,71.989,71.865,72.004,71.8,3906.02,0.428600000000003,0.5989346062906342
2026-01-01 21:00:00,1767301200000,71.7398,71.5604,71.8694,71.555,3623.7000000000003,72.234,71.989,72.36,71.826,5920.08,0.4941999999999922,0.6888784189529273
2026-01-01 22:00:00,1767304800000,71.7398,71.7398,71.7398,71.7398,0.0,72.618,72.193,72.8,71.98,5633.47,0.8781999999999925,1.224146150393495
2026-01-01 23:00:00,1767308400000,72.765,71.9965,73.0704,71.3909,50652.89,72.9,72.565,73.19,71.8,16278.53,0.13500000000000512,0.18552875695733542
2026-01-02 00:00:00,1767312000000,72.7119,72.765,73.0236,72.0912,4924.95,72.833,72.9,73.2,71.98,7381.23,0.12109999999999843,0.16654770402093527
2026-01-02 01:00:00,1767315600000,72.7545,72.7119,72.9648,72.3285,4192.64,72.854,72.833,73.166,72.373,4183.26,0.09950000000000614,0.1367612999883253
2026-01-02 02:00:00,1767319200000,72.8698,72.7545,72.9827,72.2263,5912.81,72.907,72.93,73.183,72.223,6227.3,0.03719999999999857,0.051049954850978824
2026-01-02 03:00:00,1767322800000,73.4142,72.8698,73.5938,72.8227,6000.37,73.398,72.907,73.67,72.4,14804.73,-0.016199999999997772,-0.022066575676092326
2026-01-02 04:00:00,1767326400000,73.3824,73.4142,73.7448,73.2872,5930.46,73.63,73.398,73.825,73.02,13150.94,0.24759999999999138,0.33741060526773636
2026-01-02 05:00:00,1767330000000,73.9968,73.3824,74.0313,73.1794,6100.38,74.1,73.63,74.1,73.283,7506.04,0.10320000000000107,0.1394654903995863
2026-01-02 06:00:00,1767333600000,74.0044,73.9968,74.3088,73.7766,5511.13,74.1,73.962,76.1,73.65,24197.78,0.09559999999999036,0.1291815081265308
2026-01-02 07:00:00,1767337200000,74.0682,74.0044,74.1289,73.5591,17556.87,74.21,74.1,74.35,73.71,14575.12,0.14179999999998927,0.19144518160288662
2026-01-02 08:00:00,1767340800000,74.4548,74.0682,74.589,74.0113,7137.94,74.553,74.142,74.956,74.0,9005.42,0.0981999999999914,0.1318921009793746
2026-01-02 09:00:00,1767344400000,74.4628,74.4548,74.577,74.3328,2118.27,74.51,74.41,74.998,74.381,20989.15,0.04720000000000368,0.063387355834059
2026-01-02 10:00:00,1767348000000,74.5523,74.4628,74.6119,74.3911,3616.21,74.549,74.52,75.0,74.383,42574.11,-0.003299999999995862,-0.004426422793120885
2026-01-02 11:00:00,1767351600000,74.2779,74.5523,74.6166,74.1501,4792.26,74.39,74.687,74.8,74.116,12142.17,0.11209999999999809,0.1509197217476505
2026-01-02 12:00:00,1767355200000,74.0435,74.2779,74.4054,73.8421,11548.75,74.104,74.39,74.584,73.892,14113.31,0.06050000000000466,0.08170872527636412
2026-01-02 13:00:00,1767358800000,73.8738,74.0435,74.2289,73.6595,8418.35,73.879,74.058,74.29,73.634,18364.15,0.005200000000002092,0.007039031429278163
2026-01-02 14:00:00,1767362400000,73.6138,73.8738,74.4799,73.2434,15222.29,73.641,74.019,74.485,73.206,35824.7,0.027200000000007662,0.03694959369032391
2026-01-02 15:00:00,1767366000000,72.6903,73.6138,73.8539,72.518,48526.06,72.739,73.641,73.866,72.684,30738.67,0.048700000000010846,0.06699655937588764
2026-01-02 16:00:00,1767369600000,72.2707,72.6903,72.6903,71.6445,42171.72,72.242,72.684,72.74,71.649,44260.3,-0.028700000000000614,-0.03971180575253957
2026-01-02 17:00:00,1767373200000,71.9143,72.2707,72.7923,71.8947,16246.14,71.963,72.247,72.949,71.9,25936.12,0.048699999999996635,0.06771949389759288
2026-01-02 18:00:00,1767376800000,71.9285,71.9143,72.0474,71.4703,15956.52,71.959,71.957,72.102,71.509,10671.16,0.030500000000003524,0.04240321986417557
2026-01-02 19:00:00,1767380400000,72.0676,71.9285,72.6963,71.9121,4581.02,72.145,71.938,72.816,71.938,14973.09,0.07739999999999725,0.10739916411812972
2026-01-02 20:00:00,1767384000000,72.5823,72.0676,72.7696,72.0005,3491.26,72.695,72.142,73.299,71.982,16207.21,0.11269999999998959,0.15527201535359114
2026-01-02 21:00:00,1767387600000,72.8351,72.5823,72.8701,72.4461,1596.02,72.938,72.63,72.938,72.426,8746.28,0.10290000000000532,0.14127803764943733
2026-01-02 22:00:00,1767391200000,73.1339,72.8351,73.134,72.522,157.74,73.46,72.882,73.499,72.82,8104.58,0.3260999999999967,0.4458944484021729
2026-01-02 23:00:00,1767394800000,73.1339,73.1339,73.1339,72.522,258.23,73.15,73.24,73.989,73.03,5534.49,0.016100000000008663,0.022014414655869115
2026-01-03 00:00:00,1767398400000,73.1339,73.1339,73.1339,73.028,1.2,73.211,73.15,73.211,73.111,809.23,0.0771000000000015,0.10542306645755459
2026-01-03 01:00:00,1767402000000,73.1338,73.1339,73.1339,73.1338,1.2,73.282,73.16,73.3,73.16,684.97,0.14820000000000277,0.20264228031362078
2026-01-03 02:00:00,1767405600000,73.1338,73.1338,73.1339,72.522,16.2,73.13,73.282,73.282,73.111,1405.31,-0.0037999999999982492,-0.0051959559054749645
2026-01-03 03:00:00,1767409200000,73.1338,73.1338,73.1338,73.1338,1.2,73.034,73.13,73.39,73.01,1596.1,-0.09979999999998768,-0.13646221035962536
2026-01-03 04:00:00,1767412800000,73.1338,73.1338,73.1338,72.522,1.91,73.226,73.036,73.398,73.036,1688.79,0.09220000000000539,0.12607029854869486
2026-01-03 05:00:00,1767416400000,72.523,73.1338,73.1338,72.523,0.14,73.307,73.228,73.389,73.15,745.05,0.784000000000006,1.0810363608786262
2026-01-03 06:00:00,1767420000000,72.5366,72.523,72.5366,72.523,4.32,73.398,73.306,73.398,73.169,1937.3,0.8613999999999891,1.1875384288758901
2026-01-03 07:00:00,1767423600000,73.134,72.5366,73.134,72.5366,75.55,73.629,73.397,74.0,73.217,4256.72,0.49500000000000455,0.6768397735663365
2026-01-03 08:00:00,1767427200000,73.134,73.134,73.134,73.134,520.97,74.342,73.659,74.5,73.356,10666.16,1.2079999999999984,1.651762518117426
2026-01-03 09:00:00,1767430800000,72.537,73.134,73.134,72.537,183.99,74.121,74.266,74.8,73.88,9017.19,1.583999999999989,2.183713139501205
2026-01-03 10:00:00,1767434400000,72.537,72.537,72.537,72.537,0.33,73.2,74.044,74.15,73.001,8873.04,0.6629999999999967,0.9140162951321349
2026-01-03 11:00:00,1767438000000,73.133,72.537,73.133,72.537,0.61,73.916,73.2,74.299,73.011,5584.4,0.7830000000000013,1.0706520995993618
2026-01-03 12:00:00,1767441600000,72.537,73.133,73.133,72.537,252.82,73.94,73.985,74.17,73.87,3111.15,1.4029999999999916,1.9341853123233543
2026-01-03 13:00:00,1767445200000,72.523,72.537,72.537,72.523,190.35,73.84,73.864,74.027,73.73,4865.2,1.3170000000000073,1.8159756215269738
2026-01-03 14:00:00,1767448800000,72.523,72.523,73.134,72.523,16.21,73.878,73.84,73.924,73.67,3137.16,1.355000000000004,1.8683727920797595
2026-01-03 15:00:00,1767452400000,72.523,72.523,72.523,72.523,1.59,73.95,73.774,73.96,73.774,2522.48,1.4270000000000067,1.9676516415482077
2026-01-03 16:00:00,1767456000000,72.523,72.523,72.523,72.523,0.0,73.946,73.884,73.957,73.763,1967.51,1.4230000000000018,1.9621361499110652
2026-01-03 17:00:00,1767459600000,72.523,72.523,72.523,72.523,3.25,74.02,73.943,74.023,73.53,2287.07,1.4969999999999999,2.064172745198075
2026-01-03 18:00:00,1767463200000,72.523,72.523,72.523,72.523,0.0,73.877,74.02,74.17,73.445,3985.12,1.3539999999999992,1.866993919170469
2026-01-03 19:00:00,1767466800000,73.134,73.134,73.134,73.134,99.0,74.078,73.876,74.414,73.8,1608.91,0.9440000000000026,1.2907813055487223
2026-01-03 20:00:00,1767470400000,72.523,73.134,73.134,72.523,3.24,73.91,73.985,74.078,73.91,966.44,1.3870000000000005,1.9124967251768412
2026-01-03 21:00:00,1767474000000,73.134,72.523,73.134,72.523,2.3,73.895,73.91,74.11,73.882,2171.27,0.7609999999999957,1.0405556922908574
2026-01-03 22:00:00,1767477600000,73.134,73.134,73.134,73.134,41.71,73.673,73.896,74.018,73.117,4949.78,0.5390000000000015,0.7370033089944505
2026-01-03 23:00:00,1767481200000,73.0231,73.134,73.134,73.0231,25.28,73.854,73.634,74.22,73.427,1408.68,0.8308999999999997,1.1378591158140365
2026-01-04 00:00:00,1767484800000,73.0231,73.0231,73.0231,73.0231,712.22,73.761,73.854,73.94,73.76,1184.24,0.7378999999999962,1.0105021561670158
2026-01-04 01:00:00,1767488400000,73.134,73.0231,73.134,73.023,23.05,73.645,73.772,73.871,72.842,5250.75,0.5109999999999957,0.6987174228129128
2026-01-04 02:00:00,1767492000000,73.134,73.134,73.134,73.134,0.0,73.16,73.6,73.6,72.865,3616.61,0.02599999999999625,0.03555118002570111
2026-01-04 03:00:00,1767495600000,73.134,73.134,73.134,73.134,0.0,72.952,73.162,73.42,72.742,3074.72,-0.18200000000000216,-0.2488582601799466
2026-01-04 04:00:00,1767499200000,73.134,73.134,73.134,73.134,0.0,73.216,73.084,73.503,73.082,1140.16,0.08199999999999363,0.11212295238875712
2026-01-04 05:00:00,1767502800000,73.134,73.134,73.134,73.134,0.0,72.978,73.245,73.33,72.815,1325.05,-0.1560000000000059,-0.21330708015424552
2026-01-04 06:00:00,1767506400000,73.134,73.134,73.134,73.134,0.0,72.902,72.977,73.19,72.742,865.58,-0.23199999999999932,-0.31722591407553163
2026-01-04 07:00:00,1767510000000,73.134,73.134,73.134,73.134,0.0,73.148,72.983,73.148,72.743,2214.07,0.013999999999995794,0.019142943090759146
2026-01-04 08:00:00,1767513600000,73.134,73.134,73.134,73.134,0.0,73.09,73.137,73.138,72.989,310.99,-0.04399999999999693,-0.060163535428114055
2026-01-04 09:00:00,1767517200000,73.134,73.134,73.134,73.134,0.0,73.098,73.09,73.44,73.084,665.09,-0.036000000000001364,-0.049224710804825884
2026-01-04 10:00:00,1767520800000,73.134,73.134,73.134,73.134,0.0,73.08,73.197,73.197,72.89,2259.42,-0.054000000000002046,-0.07383706620723883
2026-01-04 11:00:00,1767524400000,73.134,73.134,73.134,73.134,0.0,72.996,73.078,73.08,72.88,1207.14,-0.13800000000000523,-0.18869472475183258
2026-01-04 12:00:00,1767528000000,73.134,73.1,73.134,73.1,27.58,72.994,72.992,73.503,72.835,3914.66,-0.14000000000000057,-0.19142943090764974
2026-01-04 13:00:00,1767531600000,72.523,73.134,73.134,72.523,10.29,72.895,72.837,72.993,72.745,1017.39,0.3719999999999999,0.5129407222536297
2026-01-04 14:00:00,1767535200000,72.523,72.523,72.523,72.523,1.21,72.815,72.748,73.268,72.745,3283.29,0.2920000000000016,0.40263088951091597
2026-01-04 15:00:00,1767538800000,72.523,72.523,72.523,72.523,0.0,72.935,72.816,73.275,72.816,2162.1,0.41200000000000614,0.5680956386249965
2026-01-04 16:00:00,1767542400000,72.522,72.522,72.522,72.522,1.05,73.04,72.935,73.05,72.935,1278.15,0.5180000000000007,0.7142660158296801
2026-01-04 17:00:00,1767546000000,73.134,72.522,73.134,72.522,58.17,73.019,73.028,73.03,72.981,482.29,-0.11499999999999488,-0.15724560395984752
2026-01-04 18:00:00,1767549600000,73.134,73.134,73.134,73.134,0.0,73.082,73.028,73.186,73.0,1417.79,-0.05200000000000671,-0.07110236005142165
2026-01-04 19:00:00,1767553200000,73.134,73.134,73.134,73.134,158.07,73.161,73.133,73.22,73.03,1763.82,0.027000000000001023,0.036918533103619415
2026-01-04 20:00:00,1767556800000,73.134,73.134,73.134,73.134,0.0,73.79,73.161,73.79,72.887,7184.22,0.6560000000000059,0.8969836191101347
2026-01-04 21:00:00,1767560400000,72.522,73.134,73.185,72.522,466.06,73.34,73.684,74.184,73.295,3940.31,0.8179999999999978,1.1279335925650118
2026-01-04 22:00:00,1767564000000,73.18,72.522,73.185,72.522,336.82,73.889,73.295,74.273,73.295,3891.56,0.708999999999989,0.9688439464334366
2026-01-04 23:00:00,1767567600000,74.0611,73.18,74.1379,73.0,10214.46,74.131,73.87,74.235,73.009,20306.03,0.06990000000000407,0.09438153092514705
2026-01-05 00:00:00,1767571200000,75.5702,74.0611,75.6275,74.049,17663.75,75.47,74.19,75.716,74.094,23371.6,-0.10020000000000095,-0.13259194761956558
2026-01-05 01:00:00,1767574800000,75.5575,75.5702,76.3596,75.2586,14571.04,75.536,75.6,76.629,75.267,25320.55,-0.021500000000003183,-0.028455150051289655
2026-01-05 02:00:00,1767578400000,75.589,75.5575,75.951,75.044,6640.77,75.78,75.725,76.0,75.089,6001.37,0.1910000000000025,0.25268226858405657
2026-01-05 03:00:00,1767582000000,75.225,75.589,76.0346,75.2216,4871.93,75.328,75.824,76.135,75.322,17492.13,0.10300000000000864,0.13692256563643557
2026-01-05 04:00:00,1767585600000,75.5806,75.225,75.6431,75.225,2604.62,75.634,75.322,75.73,75.322,5529.47,0.05339999999999634,0.07065305117979526
2026-01-05 05:00:00,1767589200000,75.298,75.5806,75.6049,74.9752,11526.0,75.444,75.513,75.746,75.063,3681.35,0.1460000000000008,0.19389625222449575
2026-01-05 06:00:00,1767592800000,75.4929,75.298,75.5687,75.2863,4038.41,75.586,75.444,75.749,75.341,5259.34,0.09309999999999263,0.12332285552680138
2026-01-05 07:00:00,1767596400000,75.5588,75.4929,75.5838,75.3707,3229.61,75.522,75.586,75.759,75.43,4346.43,-0.0367999999999995,-0.048703790954858335
2026-01-05 08:00:00,1767600000000,75.893,75.5588,76.0077,75.5074,9161.33,75.852,75.566,76.028,75.521,14208.94,-0.04099999999999682,-0.05402342772060245
2026-01-05 09:00:00,1767603600000,76.3289,75.893,76.3676,75.8061,4148.38,76.46,75.852,76.47,75.754,11399.97,0.13109999999998934,0.17175670027995862
2026-01-05 10:00:00,1767607200000,75.897,76.3289,76.3612,75.8392,5477.98,75.961,76.459,76.5,75.807,9708.36,0.06399999999999295,0.08432480862220239
2026-01-05 11:00:00,1767610800000,74.8983,75.897,75.9226,74.8,19097.1,74.932,75.886,75.974,74.84,15620.42,0.033699999999996066,0.044994345666051254
2026-01-05 12:00:00,1767614400000,75.0806,74.8983,75.2855,74.6705,7107.5,75.041,74.931,75.348,74.708,9514.13,-0.039600000000007185,-0.052743318513713514
2026-01-05 13:00:00,1767618000000,75.682,75.0806,75.682,75.0008,13674.38,76.03,75.05,76.03,75.05,16447.51,0.347999999999999,0.4598187151502325
2026-01-05 14:00:00,1767621600000,76.8825,75.682,77.1373,75.682,23552.98,76.806,75.787,77.279,75.787,28981.85,-0.0764999999999958,-0.09950248756218358
2026-01-05 15:00:00,1767625200000,77.2008,76.8825,77.2355,76.4074,17029.56,77.225,76.879,77.27,76.376,25681.59,0.024199999999993338,0.031346825421489595
2026-01-05 16:00:00,1767628800000,77.0499,77.2008,77.8999,76.6609,10919.88,77.15,77.181,78.029,76.671,42254.62,0.10010000000001185,0.1299158078076829
2026-01-05 17:00:00,1767632400000,76.4863,77.0499,77.066,76.2097,15487.47,76.608,77.182,77.196,76.26,19910.65,0.12170000000000414,0.15911346214943609
2026-01-05 18:00:00,1767636000000,76.5076,76.4863,76.8692,76.3,5414.42,76.629,76.516,76.99,76.359,5007.66,0.12140000000000839,0.15867704646336886
2026-01-05 19:00:00,1767639600000,76.1365,76.5076,76.5649,75.6666,14152.75,76.219,76.619,76.62,75.757,12150.05,0.08249999999999602,0.10835801488116215
2026-01-05 20:00:00,1767643200000,76.2095,76.1365,76.4419,75.75,4984.82,76.235,76.213,76.51,75.809,7812.22,0.02549999999999386,0.03346039535752611
2026-01-05 21:00:00,1767646800000,76.6317,76.2095,76.6506,76.1758,3166.39,76.629,76.235,76.691,76.17,12285.65,-0.0026999999999901547,-0.0035233460826135333
2026-01-05 22:00:00,1767650400000,76.6295,76.6317,76.9521,76.6295,390.1,76.697,76.61,76.758,76.6,2657.36,0.06750000000000966,0.0880861809094535
2026-01-05 23:00:00,1767654000000,76.2351,76.6295,76.8666,75.9243,3769.01,76.176,76.699,76.844,76.046,12325.19,-0.05910000000000082,-0.07752334554555686
2026-01-06 00:00:00,1767657600000,76.3059,76.2351,76.5,76.1179,975.98,76.365,76.287,76.54,76.166,5156.16,0.05910000000000082,0.07745141594555706
2026-01-06 01:00:00,1767661200000,76.6665,76.3059,76.784,75.9229,6104.05,76.744,76.365,76.834,76.04,4409.26,0.07750000000000057,0.1010871762764709
2026-01-06 02:00:00,1767664800000,77.7068,76.6665,77.9661,76.5599,7283.55,77.711,76.772,77.958,76.57,26720.8,0.004199999999997317,0.005404932386866165
2026-01-06 03:00:00,1767668400000,78.8231,77.7068,78.9238,77.7068,12850.37,78.889,77.785,79.268,77.77,45238.2,0.06589999999999918,0.08360493307164928
2026-01-06 04:00:00,1767672000000,78.6941,78.8231,79.0379,78.4526,2640.28,78.69,78.889,79.34,78.596,11609.5,-0.004100000000008208,-0.005210047513102263
2026-01-06 05:00:00,1767675600000,78.4294,78.6941,79.3095,77.9904,9195.32,78.451,78.84,79.33,78.24,47772.71,0.021599999999992292,0.02754069264841028
2026-01-06 06:00:00,1767679200000,78.9625,78.4294,79.1899,78.4294,11486.710000000001,78.87,78.46,79.163,78.46,24598.99,-0.09250000000000114,-0.11714421402564652
2026-01-06 07:00:00,1767682800000,78.097,78.9625,79.042,78.0168,28959.5,78.151,78.87,79.014,78.093,12769.89,0.054000000000002046,0.06914478148968853
2026-01-06 08:00:00,1767686400000,78.5795,78.097,78.5916,77.9705,13022.39,78.62,78.151,78.65,78.094,9809.34,0.04050000000000864,0.05154015996539637
2026-01-06 09:00:00,1767690000000,77.6744,78.5795,78.5923,77.616,9568.55,77.673,78.618,78.618,77.452,18465.31,-0.0014000000000038426,-0.001802395641297316
2026-01-06 10:00:00,1767693600000,77.8512,77.6744,78.0288,77.5,7656.94,77.866,77.662,77.972,77.402,21032.43,0.014799999999993929,0.019010625398187733
2026-01-06 11:00:00,1767697200000,78.3485,77.8512,78.4029,77.85,3427.19,78.366,77.866,78.403,77.866,10901.53,0.017499999999998295,0.022336100882592892
2026-01-06 12:00:00,1767700800000,78.4255,78.3485,78.6176,78.1695,8654.65,78.395,78.366,78.606,78.163,11054.45,-0.030500000000003524,-0.038890411919596975
2026-01-06 13:00:00,1767704400000,79.0669,78.4255,79.11,78.2077,14371.28,79.023,78.396,79.2,78.162,18849.05,-0.04390000000000782,-0.05552260174612615
2026-01-06 14:00:00,1767708000000,80.4267,79.0669,80.4691,78.8552,14545.57,80.383,79.085,80.459,78.814,32919.84,-0.04370000000000118,-0.05433518968203493
2026-01-06 15:00:00,1767711600000,80.3032,80.4267,80.7955,79.6006,25017.99,80.369,80.377,80.807,79.651,45439.46,0.06579999999999586,0.08193944948644122
2026-01-06 16:00:00,1767715200000,80.6709,80.3032,80.9269,79.9583,13318.8,80.586,80.376,80.898,79.887,29400.43,-0.08490000000000464,-0.10524241083216457
2026-01-06 17:00:00,1767718800000,81.2643,80.6709,81.3631,80.5429,15051.52,81.259,80.69,81.336,80.561,36014.68,-0.0053000000000054115,-0.0065219290635683946
2026-01-06 18:00:00,1767722400000,81.0667,81.2643,81.4036,80.3688,16028.94,81.035,81.244,81.423,80.203,38567.97,-0.03170000000000073,-0.03910360234226967
2026-01-06 19:00:00,1767726000000,80.1501,81.0667,81.0667,79.9205,13492.32,80.102,81.035,81.035,79.8,50807.13,-0.04809999999999093,-0.06001240173124043
2026-01-06 20:00:00,1767729600000,81.339,80.1501,81.3818,79.9509,9155.36,81.219,80.091,81.434,79.962,20521.96,-0.12000000000000455,-0.14753070482794792
2026-01-06 21:00:00,1767733200000,81.2942,81.339,81.4365,81.0356,4590.19,81.291,81.215,81.444,81.038,11785.44,-0.003200000000006753,-0.003936320180291771
2026-01-06 22:00:00,1767736800000,81.5153,81.2942,81.5153,80.997,233.75,81.08,81.294,81.666,80.871,7333.87,-0.435299999999998,-0.534010179684057
2026-01-06 23:00:00,1767740400000,82.4907,81.5153,82.7369,81.3133,6490.9,82.553,81.271,84.343,81.17,79789.37,0.06229999999999336,0.07552366509193564
2026-01-07 00:00:00,1767744000000,82.5149,82.4907,82.6746,82.3568,4328.08,82.5,82.459,82.99,82.417,14219.66,-0.014899999999997249,-0.01805734479469435
2026-01-07 01:00:00,1767747600000,80.3951,82.5149,82.6914,79.7068,22447.55,80.456,82.5,82.82,79.6,78143.52,0.06090000000000373,0.07575088531515445
2026-01-07 02:00:00,1767751200000,80.9459,80.3951,81.5,79.5826,18959.53,81.23,80.417,82.0,79.75,28127.98,0.28410000000000935,0.350975157481737
2026-01-07 03:00:00,1767754800000,80.4371,80.9459,81.2075,80.2872,7876.490000000001,80.412,81.243,81.394,80.342,22487.94,-0.025099999999994793,-0.031204506378269225
2026-01-07 04:00:00,1767758400000,79.6094,80.4371,80.4371,79.4363,13631.46,79.699,80.438,80.484,79.501,16962.24,0.08960000000000434,0.11254952304627888
2026-01-07 05:00:00,1767762000000,79.1334,79.6094,80.0801,78.1979,18855.07,79.182,79.752,80.609,78.32,31156.8,0.048600000000007526,0.061415281031786235
2026-01-07 06:00:00,1767765600000,79.1722,79.1334,79.4413,78.4193,37319.63,79.467,79.157,80.513,79.037,99263.57,0.29479999999999507,0.3723529218589291
2026-01-07 07:00:00,1767769200000,80.0375,79.1722,80.3533,78.9896,22141.52,80.245,79.5,80.588,79.333,15111.43,0.20750000000001023,0.25925347493363765
2026-01-07 08:00:00,1767772800000,79.6501,80.0375,80.2225,79.6454,7076.0599999999995,79.791,80.245,80.384,79.701,24179.7,0.14090000000000202,0.17689871073608449
2026-01-07 09:00:00,1767776400000,79.5892,79.6501,79.7166,79.0731,10510.0,79.752,79.772,79.86,79.15,9673.62,0.16279999999999006,0.20455036613006547
2026-01-07 10:00:00,1767780000000,79.5213,79.5892,79.683,79.1912,7814.02,79.548,79.752,79.874,79.181,15802.33,0.026700000000005275,0.03357590985057497
2026-01-07 11:00:00,1767783600000,78.9102,79.5213,79.5928,78.896,6619.22,78.924,79.55,79.67,78.91,12876.24,0.013800000000003365,0.01748823346031738
2026-01-07 12:00:00,1767787200000,78.6017,78.9102,79.1506,78.3152,10163.14,78.714,78.992,79.284,78.485,19553.06,0.11230000000000473,0.14287222795436325
2026-01-07 13:00:00,1767790800000,77.5958,78.6017,78.8536,77.1655,15943.19,77.555,78.727,78.9,77.148,45071.88,-0.04079999999999018,-0.05258016542131169
2026-01-07 14:00:00,1767794400000,77.6084,77.5958,77.9254,76.6869,12857.06,77.692,77.6,78.485,76.697,60174.49,0.0835999999999899,0.10772029831821028
2026-01-07 15:00:00,1767798000000,77.2,77.6084,77.7363,76.4327,14115.83,77.352,77.705,77.818,76.513,25095.41,0.15200000000000102,0.19689119170984587
2026-01-07 16:00:00,1767801600000,78.9086,77.2,78.9385,77.2,7246.28,79.062,77.351,79.28,77.196,49234.32,0.15339999999999065,0.1944021310731538
2026-01-07 17:00:00,1767805200000,78.1202,78.9086,78.9294,77.921,13725.01,78.239,79.039,79.41,77.884,40894.8,0.11880000000000734,0.15207334338622705
2026-01-07 18:00:00,1767808800000,78.1784,78.1202,78.309,77.4555,5162.87,78.263,78.158,79.38,77.398,34783.72,0.08460000000000889,0.10821403354380353
2026-01-07 19:00:00,1767812400000,78.4854,78.1784,78.5293,77.9287,2076.95,78.62,78.263,78.8,77.88,27112.8,0.13460000000000605,0.1714968643849761
2026-01-07 20:00:00,1767816000000,78.3769,78.4854,78.6549,78.2498,2026.61,78.594,78.604,78.819,78.32,12160.82,0.21709999999998786,0.27699487986892546
2026-01-07 21:00:00,1767819600000,78.2,78.3769,78.38,78.1215,1989.28,78.284,78.594,78.594,78.101,15760.39,0.08400000000000318,0.10741687979540049
2026-01-07 22:00:00,1767823200000,77.93,78.2,78.5284,77.93,78.68,78.4,78.283,78.698,78.148,5439.24,0.46999999999999886,0.6031053509559846
2026-01-07 23:00:00,1767826800000,78.8339,77.93,78.8662,77.93,6009.52,78.799,78.4,78.997,78.269,16428.9,-0.03489999999999327,-0.044270294885821036
2026-01-08 00:00:00,1767830400000,77.9488,78.8339,79.0268,77.66,6018.19,78.065,78.899,79.591,77.59,43388.8,0.11619999999999209,0.1490722115029251
2026-01-08 01:00:00,1767834000000,78.6517,77.9488,79.0437,77.5538,5289.67,78.735,78.02,79.138,77.555,12606.45,0.08329999999999416,0.10590998033099622
2026-01-08 02:00:00,1767837600000,77.976,78.6517,78.6978,77.6524,4065.08,78.089,78.65,78.74,77.782,13297.94,0.11299999999999955,0.1449163845285723
2026-01-08 03:00:00,1767841200000,78.0613,77.976,78.3378,77.7087,1632.51,78.105,78.087,78.41,77.714,12272.24,0.04370000000000118,0.05598164519422708
2026-01-08 04:00:00,1767844800000,77.7449,78.0613,78.0759,77.5919,1778.54,77.754,78.024,78.119,77.678,8198.25,0.00910000000000366,0.011704947848673881
2026-01-08 05:00:00,1767848400000,76.1621,77.7449,77.7449,75.5588,14456.2,76.231,77.706,77.723,75.59,55626.13,0.0688999999999993,0.09046494253703521
2026-01-08 06:00:00,1767852000000,76.2899,76.1621,76.65,75.5589,3898.97,76.394,76.178,76.689,75.561,12118.32,0.10410000000000252,0.13645318711913704
2026-01-08 07:00:00,1767855600000,75.9838,76.2899,76.6181,75.6389,5819.900000000001,76.049,76.393,76.641,75.704,8457.29,0.06520000000000437,0.08580776428660367
2026-01-08 08:00:00,1767859200000,75.7568,75.9838,76.0025,75.1755,10602.75,75.755,76.051,76.051,75.23,20719.35,-0.0018000000000029104,-0.002376024330492986
2026-01-08 09:00:00,1767862800000,76.1857,75.7568,76.3058,75.7023,6453.62,76.151,75.766,76.344,75.704,7066.3,-0.03470000000000084,-0.04554660520281476
2026-01-08 10:00:00,1767866400000,76.018,76.1857,76.1857,75.5635,9316.07,76.062,76.238,76.238,75.627,8830.69,0.04399999999999693,0.05788102817753286
2026-01-08 11:00:00,1767870000000,75.3758,76.018,76.018,75.3758,4648.65,75.424,76.105,76.105,75.389,8584.16,0.04820000000000846,0.06394625330677546
2026-01-08 12:00:00,1767873600000,75.1932,75.3758,75.3822,74.4438,14084.54,75.268,75.36,75.407,74.541,29313.07,0.0747999999999962,0.0994770803742841
2026-01-08 13:00:00,1767877200000,74.2103,75.1932,75.3499,74.0631,13562.25,74.217,75.236,75.385,74.13,17167.3,0.006699999999995043,0.009028396327726803
2026-01-08 14:00:00,1767880800000,74.5666,74.2103,74.8646,73.8024,16587.18,74.653,74.189,74.975,73.891,58127.56,0.0864000000000118,0.11586957163128239
2026-01-08 15:00:00,1767884400000,75.8046,74.5666,75.9836,74.2852,10217.92,76.034,74.653,76.464,74.251,32817.15,0.22940000000001248,0.30262015761578126
2026-01-08 16:00:00,1767888000000,76.2909,75.8046,76.4828,75.4678,10936.77,76.279,75.96,76.541,75.556,14732.98,-0.011899999999997135,-0.0155981906098855
2026-01-08 17:00:00,1767891600000,76.1246,76.2909,76.47,75.8949,3054.05,76.3,76.325,76.833,75.834,11133.47,0.17539999999999623,0.23041171973316932
2026-01-08 18:00:00,1767895200000,75.7794,76.1246,76.1995,75.2696,8141.45,75.879,76.267,76.267,75.36,16829.1,0.09960000000000946,0.13143413645398283
2026-01-08 19:00:00,1767898800000,75.9,75.7794,76.0528,75.6153,3980.97,75.999,75.879,76.203,75.631,14578.86,0.09899999999998954,0.13043478260868188
2026-01-08 20:00:00,1767902400000,76.8889,75.9,76.9712,75.8999,11008.76,77.006,75.999,77.18,75.999,15599.11,0.11709999999999354,0.15229766585293003
2026-01-08 21:00:00,1767906000000,77.0526,76.8889,77.0526,76.7631,2766.67,77.097,77.042,77.419,76.82,8229.7,0.044399999999996,0.057622974435640066
2026-01-08 22:00:00,1767909600000,76.8834,77.0526,77.1323,76.8308,64.75,77.119,77.097,77.45,77.097,6639.6,0.23560000000000514,0.30643806075174246
2026-01-08 23:00:00,1767913200000,76.7217,76.8834,77.3606,76.5568,8651.09,76.756,77.117,77.497,76.568,28260.78,0.034300000000001774,0.044707038556238685
2026-01-09 00:00:00,1767916800000,76.0713,76.7217,78.11,75.9823,13291.210000000001,76.057,76.791,76.99,76.038,16315.79,-0.014299999999991542,-0.018798153837244196
2026-01-09 01:00:00,1767920400000,76.728,76.0713,76.7627,75.5917,9088.09,76.794,76.134,77.011,75.667,19634.72,0.0660000000000025,0.08601814200813589
2026-01-09 02:00:00,1767924000000,77.0693,76.728,77.6187,76.6809,5967.02,77.101,76.794,77.839,76.794,11671.12,0.03170000000000073,0.04113181253754832
2026-01-09 03:00:00,1767927600000,76.5601,77.0693,77.0693,76.1658,8282.62,76.868,77.127,77.241,76.27,26604.78,0.3078999999999894,0.4021677087673467
2026-01-09 04:00:00,1767931200000,76.6876,76.5601,76.8351,76.446,3375.35,76.813,76.79,77.0,76.555,4102.91,0.12539999999999907,0.16352056916633076
2026-01-09 05:00:00,1767934800000,77.2024,76.6876,77.2217,76.3699,3205.36,77.128,76.876,77.264,76.437,14197.8,-0.07439999999999714,-0.09637006103436828
2026-01-09 06:00:00,1767938400000,77.1818,77.2024,77.4665,76.686,3320.78,77.27,77.225,77.646,76.741,8885.49,0.0882000000000005,0.11427564529461676
2026-01-09 07:00:00,1767942000000,77.1636,77.1818,77.4048,77.09,3413.4,77.269,77.344,77.572,77.193,13067.23,0.10540000000000305,0.13659290131616855
2026-01-09 08:00:00,1767945600000,77.4454,77.1636,77.8207,77.1077,4933.61,77.564,77.259,78.459,77.154,14180.24,0.1185999999999865,0.15314014776860407
2026-01-09 09:00:00,1767949200000,77.9903,77.4454,78.2431,77.4454,8814.54,78.021,77.564,78.364,77.539,16916.84,0.030699999999995953,0.03936386960942059
2026-01-09 10:00:00,1767952800000,78.0764,77.9903,78.1412,77.8406,1841.75,78.189,78.106,78.257,77.893,6164.51,0.11259999999998627,0.1442177149561023
2026-01-09 11:00:00,1767956400000,77.954,78.0764,78.2285,77.5554,7630.95,78.143,78.238,78.3,77.689,5331.29,0.18900000000000716,0.24245067603972495
2026-01-09 12:00:00,1767960000000,77.4369,77.954,78.4263,77.284,5154.76,77.5,78.149,78.49,77.4,42917.5,0.06310000000000571,0.08148569996991836
2026-01-09 13:00:00,1767963600000,78.285,77.4369,78.7177,77.3386,14210.94,78.331,77.531,78.7,77.45,37249.04,0.04600000000000648,0.05875966021588616
2026-01-09 14:00:00,1767967200000,79.3986,78.285,79.486,78.2182,11400.09,79.401,78.37,79.692,78.34,46975.88,0.0023999999999944066,0.0030227233225704315
2026-01-09 15:00:00,1767970800000,80.2295,79.3986,80.2295,78.9359,16824.91,80.211,79.368,80.5,79.0,32353.59,-0.01850000000000307,-0.02305884992428355
2026-01-09 16:00:00,1767974400000,80.3991,80.2295,80.5305,79.6849,7683.75,80.49,80.19,80.585,79.641,36948.76,0.09089999999999065,0.11306096710036635
2026-01-09 17:00:00,1767978000000,79.4779,80.3991,80.4412,79.2891,8415.4,79.597,80.453,80.509,79.358,28778.19,0.11909999999998888,0.14985297799764322
2026-01-09 18:00:00,1767981600000,79.9264,79.4779,80.0275,79.3753,5299.24,80.023,79.58,80.081,79.413,23850.95,0.09659999999999513,0.12086119229690707
2026-01-09 19:00:00,1767985200000,79.8992,79.9264,80.064,79.621,3974.67,79.957,80.023,80.18,79.74,22778.01,0.057800000000000296,0.07234114984880988
2026-01-09 20:00:00,1767988800000,79.806,79.8992,80.1535,79.5845,3490.13,79.827,79.957,80.26,79.599,40945.78,0.021000000000000796,0.026313810991655764
2026-01-09 21:00:00,1767992400000,79.8976,79.806,79.9493,79.6738,8877.91,79.929,79.815,80.057,79.718,13483.84,0.03140000000000498,0.039300304389624945
2026-01-09 22:00:00,1767996000000,80.1917,79.8976,80.1918,79.576,543.28,80.262,79.943,80.99,79.3,9943.02,0.07030000000000314,0.08766493290453144
2026-01-09 23:00:00,1767999600000,80.192,80.1917,80.192,79.8355,393.0,80.046,80.262,80.45,79.893,4513.81,-0.14599999999998658,-0.1820630486831437
2026-01-10 00:00:00,1768003200000,80.1,80.192,80.192,79.576,534.61,79.947,80.045,80.23,79.85,2306.5,-0.1529999999999916,-0.19101123595504568
2026-01-10 01:00:00,1768006800000,80.192,80.1,80.192,79.7,427.03,80.001,79.948,80.034,79.93,1917.56,-0.1909999999999883,-0.2381783719074076
2026-01-10 02:00:00,1768010400000,80.0,80.192,80.192,79.7,2.54,79.712,80.001,80.039,79.5,7330.46,-0.2879999999999967,-0.3599999999999959
2026-01-10 03:00:00,1768014000000,80.0,80.0,80.0,79.7,186.29,79.7,79.712,79.77,79.5,2914.63,-0.29999999999999716,-0.37499999999999645
2026-01-10 04:00:00,1768017600000,80.0,80.0,80.0,80.0,0.0,80.002,79.724,80.444,79.308,33818.6,0.001999999999995339,0.0024999999999941735
2026-01-10 05:00:00,1768021200000,79.25,79.577,79.577,79.25,1825.07,79.446,79.986,80.162,79.432,16922.97,0.19599999999999795,0.24731861198737912
2026-01-10 06:00:00,1768024800000,79.7219,79.25,79.7219,79.25,197.97,79.332,79.447,79.526,79.1,13241.22,-0.38990000000001146,-0.4890751474814467
2026-01-10 07:00:00,1768028400000,79.722,79.7219,79.722,79.408,702.25,79.979,79.372,80.166,79.332,24908.44,0.257000000000005,0.3223702365720943
2026-01-10 08:00:00,1768032000000,79.722,79.722,79.722,79.722,0.0,80.103,79.975,80.2,79.963,2634.28,0.3810000000000002,0.4779107398208779
2026-01-10 09:00:00,1768035600000,79.7221,79.7221,79.7221,79.7221,52.28,80.0,80.199,80.2,79.997,2681.32,0.2779000000000025,0.3485859002710698
2026-01-10 10:00:00,1768039200000,79.7221,79.7221,79.7221,79.7221,0.0,79.975,80.0,80.0,79.97,974.85,0.2528999999999968,0.3172269671772279
2026-01-10 11:00:00,1768042800000,79.9788,79.9788,79.9788,79.9788,8.41,79.968,79.975,79.976,79.952,963.22,-0.010800000000003251,-0.01350357844829286
2026-01-10 12:00:00,1768046400000,79.9788,79.9788,79.9788,79.9788,0.0,79.976,79.968,79.976,79.967,697.52,-0.0028000000000076852,-0.0035009277458622596
2026-01-10 13:00:00,1768050000000,79.9788,79.9788,79.9788,79.9788,0.0,79.972,79.976,79.976,79.94,684.38,-0.006800000000012574,-0.008502253097086444
2026-01-10 14:00:00,1768053600000,79.9788,79.73,79.9788,79.73,225.44,80.0,79.972,80.0,79.967,664.41,0.021199999999993224,0.02650702436144731
2026-01-10 15:00:00,1768057200000,79.9788,79.9788,79.9788,79.9788,0.0,79.986,80.0,80.0,79.985,1657.91,0.007199999999997431,0.009002385632189318
2026-01-10 16:00:00,1768060800000,79.4747,79.73,79.73,79.4747,131.37,79.984,79.986,79.986,79.983,1751.67,0.5092999999999961,0.6408328688249167
2026-01-10 17:00:00,1768064400000,79.4748,79.4747,80.1918,79.4747,172.4,80.056,79.984,80.06,79.973,3218.37,0.5811999999999955,0.7313009910059484
2026-01-10 18:00:00,1768068000000,79.486,79.4748,79.486,79.4748,209.19,80.05,80.056,80.1,80.047,1448.29,0.563999999999993,0.7095589160355193
2026-01-10 19:00:00,1768071600000,80.192,79.486,80.192,79.486,950.47,80.1,80.049,80.104,80.02,3792.21,-0.09199999999999875,-0.11472466081404475
2026-01-10 20:00:00,1768075200000,80.192,80.192,80.192,80.192,53.52,80.199,80.1,80.2,80.1,875.59,0.007000000000005002,0.008729050279335848
2026-01-10 21:00:00,1768078800000,80.192,80.192,80.192,79.5002,55.82,80.199,80.198,80.2,80.114,873.5,0.007000000000005002,0.008729050279335848
2026-01-10 22:00:00,1768082400000,80.192,80.192,80.192,80.192,0.0,80.157,80.199,80.199,80.078,1550.13,-0.03499999999999659,-0.0436452513966438
2026-01-10 23:00:00,1768086000000,80.192,80.192,80.192,80.192,0.0,80.037,80.157,80.157,79.961,4800.3,-0.15499999999998693,-0.1932861133279965
2026-01-11 00:00:00,1768089600000,80.1,80.1,80.1,80.1,0.1,79.931,80.037,80.037,79.863,1686.15,-0.16899999999999693,-0.21098626716603863
2026-01-11 01:00:00,1768093200000,80.1,80.1,80.1,80.1,10.0,79.991,79.983,79.994,79.931,164.07,-0.10899999999999466,-0.13607990012483728
2026-01-11 02:00:00,1768096800000,80.1,80.1,80.1,80.1,0.0,80.004,79.991,80.004,79.989,569.61,-0.09599999999998943,-0.1198501872659044
2026-01-11 03:00:00,1768100400000,80.0,80.0,80.0,80.0,200.0,80.06,80.004,80.073,80.003,1293.97,0.060000000000002274,0.07500000000000284
2026-01-11 04:00:00,1768104000000,80.099,80.0,80.099,80.0,5.0,80.197,80.06,80.265,80.003,2178.92,0.09799999999999898,0.12234859361539967
2026-01-11 05:00:00,1768107600000,80.099,80.099,80.099,80.099,0.0,80.2,80.205,80.223,80.155,619.3,0.10099999999999909,0.12609395872607534
2026-01-11 06:00:00,1768111200000,79.989,79.989,79.989,79.989,20.14,80.2,80.201,80.248,80.155,956.28,0.21099999999999852,0.26378627061220733
2026-01-11 07:00:00,1768114800000,79.989,79.989,79.989,79.989,70.0,80.169,80.2,80.2,80.118,921.03,0.1799999999999926,0.22503094175448196
2026-01-11 08:00:00,1768118400000,79.989,79.989,79.989,79.989,0.0,80.129,80.168,80.169,80.035,803.34,0.14000000000000057,0.17502406580904944
2026-01-11 09:00:00,1768122000000,79.989,79.989,79.989,79.989,221.39,80.129,80.128,80.129,80.126,368.12,0.14000000000000057,0.17502406580904944
2026-01-11 10:00:00,1768125600000,79.989,79.989,79.989,79.989,10.0,80.1,80.129,80.129,80.099,610.53,0.11099999999999,0.1387690807485904
2026-01-11 11:00:00,1768129200000,79.8,79.989,79.989,79.8,35.0,80.07,80.1,80.1,80.003,3265.12,0.269999999999996,0.3383458646616491
2026-01-11 12:00:00,1768132800000,79.8,79.8,79.8,79.8,19.62,80.078,80.07,80.081,80.03,571.53,0.2780000000000058,0.34837092731830305
2026-01-11 13:00:00,1768136400000,79.8,79.8,79.8,79.8,7.83,80.08,80.079,80.081,80.003,839.18,0.28000000000000114,0.35087719298245756
2026-01-11 14:00:00,1768140000000,80.136,79.8,80.2004,79.8,2179.28,80.072,80.08,80.086,80.032,1272.55,-0.06399999999999295,-0.07986423080761824
2026-01-11 15:00:00,1768143600000,79.8,80.136,80.136,79.8,45.58,80.109,80.072,80.11,80.052,639.24,0.3089999999999975,0.3872180451127788
2026-01-11 16:00:00,1768147200000,80.0,79.8,80.0,79.8,319.0,80.422,80.108,80.51,80.059,6716.04,0.42199999999999704,0.5274999999999963
2026-01-11 17:00:00,1768150800000,80.0,80.0,80.0,80.0,0.0,80.401,80.42,80.48,80.362,2220.78,0.40099999999999625,0.5012499999999953
2026-01-11 18:00:00,1768154400000,80.304,80.2004,80.304,80.2004,178.9,80.493,80.362,80.5,80.362,1631.5,0.18899999999999295,0.23535564853555604
2026-01-11 19:00:00,1768158000000,80.304,80.304,80.304,80.304,0.0,80.405,80.481,80.493,80.263,2526.81,0.10099999999999909,0.12577206614863404
2026-01-11 20:00:00,1768161600000,80.304,80.304,80.304,80.304,10.41,80.367,80.405,80.405,80.222,2101.37,0.06300000000000239,0.07845188284519125
2026-01-11 21:00:00,1768165200000,80.304,80.304,80.304,80.0,1800.25,80.415,80.342,80.415,80.32,1566.93,0.1110000000000042,0.13822474596533696
2026-01-11 22:00:00,1768168800000,80.0523,80.304,80.304,80.0,4879.94,80.321,80.414,80.425,80.12,4143.74,0.2686999999999955,0.33565556517426165
2026-01-11 23:00:00,1768172400000,81.639,80.0523,81.8959,79.9481,27290.79,81.573,80.321,82.039,80.123,56779.33,-0.0660000000000025,-0.08084371440120838
2026-01-12 00:00:00,1768176000000,83.2694,81.639,83.7144,81.5568,12520.08,83.25,81.684,83.782,81.579,65143.18,-0.019400000000004525,-0.02329787412903723
2026-01-12 01:00:00,1768179600000,82.905,83.2694,84.1088,81.121,20597.05,82.893,83.319,84.232,82.843,46527.99,-0.012000000000000455,-0.014474398407816723
2026-01-12 02:00:00,1768183200000,83.3175,82.905,83.4699,82.4198,5091.28,83.377,82.893,83.652,82.52,29806.03,0.059499999999999886,0.07141356857802969
2026-01-12 03:00:00,1768186800000,83.3657,83.3175,83.8714,83.1058,1800.85,83.392,83.377,83.874,83.161,26536.09,0.026299999999991996,0.03154774685511187
2026-01-12 04:00:00,1768190400000,83.486,83.3657,83.6612,83.1913,2632.91,83.542,83.441,83.68,83.244,15286.45,0.055999999999997385,0.06707711472581916
2026-01-12 05:00:00,1768194000000,84.6,83.486,84.7167,83.3618,10876.18,84.691,83.542,84.756,83.476,35134.4,0.09100000000000819,0.10756501182034066
2026-01-12 06:00:00,1768197600000,84.5735,84.6,84.684,84.171,2470.07,84.579,84.592,84.804,84.106,19388.91,0.00549999999999784,0.006503219093448705
2026-01-12 07:00:00,1768201200000,84.2068,84.5735,84.5735,83.6234,8052.53,84.328,84.501,84.569,83.721,30490.78,0.12120000000000175,0.1439313689630787
2026-01-12 08:00:00,1768204800000,84.2595,84.2068,84.4859,84.1347,1812.25,84.32,84.239,84.64,84.15,12699.72,0.06049999999999045,0.07180199265363603
2026-01-12 09:00:00,1768208400000,84.3001,84.2595,84.609,84.0845,2058.76,84.297,84.32,84.63,84.037,12441.83,-0.0031000000000034333,-0.003677338461049789
2026-01-12 10:00:00,1768212000000,84.3097,84.3001,84.4251,84.1409,3273.34,84.268,84.314,84.469,84.114,8395.89,-0.041700000000005844,-0.04946050098625169
2026-01-12 11:00:00,1768215600000,83.8129,84.3097,84.3097,83.6219,6600.75,83.829,84.3,84.3,83.587,11207.67,0.016099999999994452,0.01920945343735207
2026-01-12 12:00:00,1768219200000,84.2159,83.8129,84.3,83.8129,8648.59,84.208,83.873,84.402,83.8,13630.03,-0.007900000000006457,-0.009380651397190385
2026-01-12 13:00:00,1768222800000,85.7377,84.2159,85.788,84.195,20404.53,85.763,84.25,86.166,84.204,71317.69,0.025300000000001432,0.029508605899156885
2026-01-12 14:00:00,1768226400000,85.0843,85.7377,85.7472,83.9735,20833.04,85.18,85.847,85.856,84.022,110139.2,0.09570000000000789,0.11247668488782055
2026-01-12 15:00:00,1768230000000,85.4529,85.0843,85.8937,85.0234,7225.07,85.4,85.184,86.07,85.079,48003.52,-0.05289999999999395,-0.061905447328287226
2026-01-12 16:00:00,1768233600000,86.0962,85.4529,86.3504,85.4529,8927.62,86.16,85.458,86.364,85.458,49545.59,0.06380000000000052,0.07410315437847492
2026-01-12 17:00:00,1768237200000,86.0,86.0962,86.2967,85.55,3505.48,86.009,86.159,86.285,85.4,42427.98,0.009000000000000341,0.010465116279070165
2026-01-12 18:00:00,1768240800000,85.5451,86.0,86.1247,84.9708,7180.67,85.554,86.009,86.049,84.876,31206.96,0.008899999999997021,0.01040386883643484
2026-01-12 19:00:00,1768244400000,85.7078,85.5451,86.0,85.504,3310.0,85.75,85.557,85.984,85.447,22150.66,0.04219999999999402,0.049237058937452616
2026-01-12 20:00:00,1768248000000,85.2084,85.7078,85.7806,84.8493,6741.04,85.249,85.752,85.77,84.826,22433.13,0.04059999999999775,0.04764788448087014
2026-01-12 21:00:00,1768251600000,85.2697,85.2084,85.2697,84.7214,8148.39,85.26,85.205,85.31,84.72,17380.29,-0.009699999999995157,-0.011375670372940396
2026-01-12 22:00:00,1768255200000,84.5949,85.2697,85.5501,84.5949,3037.4900000000002,85.04,85.26,85.354,84.733,19716.77,0.4451000000000107,0.5261546499848226
2026-01-12 23:00:00,1768258800000,84.476,84.5949,85.3412,83.4748,15058.72,84.501,85.072,85.401,83.515,87532.59,0.025000000000005684,0.02959420427104229
2026-01-13 00:00:00,1768262400000,84.2092,84.476,84.5264,83.9529,4682.29,84.32,84.47,84.621,83.928,23847.87,0.11079999999999757,0.13157707233888646
2026-01-13 01:00:00,1768266000000,83.7966,84.2092,84.3745,83.6766,13694.04,83.84,84.192,84.42,83.703,26409.34,0.043400000000005434,0.05179207748286378
2026-01-13 02:00:00,1768269600000,85.4998,83.7966,85.6507,83.7822,17452.51,85.544,83.84,85.74,83.82,36727.87,0.04420000000000357,0.05169602735913251
2026-01-13 03:00:00,1768273200000,85.4654,85.4998,86.11,85.2967,12919.56,85.546,85.549,86.4,85.312,25825.83,0.080600000000004,0.09430716991905964
2026-01-13 04:00:00,1768276800000,85.7738,85.4654,85.9,85.4654,4689.97,85.778,85.546,86.08,85.511,21109.88,0.004200000000011528,0.004896600127325044
2026-01-13 05:00:00,1768280400000,85.463,85.7738,85.9581,84.6273,10014.4,85.487,85.848,86.006,84.709,27799.89,0.02400000000000091,0.02808232802499434
2026-01-13 06:00:00,1768284000000,85.0124,85.463,85.463,84.7197,4696.94,85.082,85.454,85.454,84.811,15868.41,0.06959999999999411,0.08187040949319642
2026-01-13 07:00:00,1768287600000,85.3208,85.0124,85.5059,84.7386,7873.33,85.344,85.082,85.57,84.753,10015.46,0.023199999999988563,0.02719149375063122
2026-01-13 08:00:00,1768291200000,85.7991,85.3208,86.1183,85.2785,4294.68,85.943,85.346,86.083,85.346,20353.25,0.14390000000000214,0.1677173769888054
2026-01-13 09:00:00,1768294800000,85.5549,85.7991,85.9086,85.458,7957.45,85.542,85.912,86.13,85.43,13361.84,-0.01290000000000191,-0.015078037610939772
2026-01-13 10:00:00,1768298400000,85.689,85.5549,85.8198,85.427,1808.33,85.801,85.542,85.842,85.449,13170.19,0.11200000000000898,0.130705224707966
2026-01-13 11:00:00,1768302000000,85.8624,85.689,85.9096,85.6116,1821.29,85.823,85.8,86.153,85.643,16386.41,-0.039400000000000546,-0.04588737328562974
2026-01-13 12:00:00,1768305600000,85.9936,85.8624,86.1147,85.5205,5457.38,86.043,85.823,86.113,85.5,29292.05,0.04940000000000566,0.05744613552637134
2026-01-13 13:00:00,1768309200000,87.7167,85.9936,87.865,85.9286,24922.84,87.747,86.043,87.88,85.938,129524.54,0.030299999999996885,0.03454302316434258
2026-01-13 14:00:00,1768312800000,88.8828,87.7167,89.1058,87.5004,40636.1,88.856,87.761,89.09,87.548,239878.82,-0.026800000000008595,-0.0301520654164907
2026-01-13 15:00:00,1768316400000,88.7853,88.8828,88.8828,87.5659,42832.9,88.834,88.856,88.864,87.535,126158.73,0.048699999999996635,0.05485142247646472
2026-01-13 16:00:00,1768320000000,89.0111,88.7853,89.105,88.0684,18047.43,88.985,88.823,89.111,88.062,58384.37,-0.026099999999999568,-0.029322185659990237
2026-01-13 17:00:00,1768323600000,87.1302,89.0111,89.1067,87.0,8881.1,87.059,88.958,89.091,86.577,92405.37,-0.07120000000000459,-0.08171678706120793
2026-01-13 18:00:00,1768327200000,87.6501,87.1302,87.9,86.293,15761.880000000001,87.696,87.063,87.883,86.242,125120.91,0.04590000000000316,0.052367310476546136
2026-01-13 19:00:00,1768330800000,87.5919,87.6501,88.0,87.0577,5018.31,87.529,87.697,88.06,86.978,62289.0,-0.06289999999999907,-0.07181029296087774
2026-01-13 20:00:00,1768334400000,86.8248,87.5919,87.5919,85.97,12925.44,86.72,87.528,87.528,85.937,81337.35,-0.10479999999999734,-0.12070284066303331
2026-01-13 21:00:00,1768338000000,86.993,86.8248,87.1689,86.6845,8584.91,87.023,86.762,87.185,86.688,17492.82,0.030000000000001137,0.03448553331877408
2026-01-13 22:00:00,1768341600000,87.38,86.993,87.3915,86.6608,569.28,87.14,87.019,87.323,86.615,17900.22,-0.23999999999999488,-0.27466239414052973
2026-01-13 23:00:00,1768345200000,87.9067,87.38,87.9471,87.0337,7283.66,87.81,87.088,87.901,86.939,58298.64,-0.09669999999999845,-0.1100029918083587
2026-01-14 00:00:00,1768348800000,88.489,87.9067,88.5878,87.7579,15498.85,88.5,87.83,89.667,87.707,111044.14,0.01099999999999568,0.012430923617619907
2026-01-14 01:00:00,1768352400000,90.0353,88.489,90.0766,88.2823,10332.94,89.9,88.5,89.95,88.339,67516.18,-0.13530000000000086,-0.150274392377213
2026-01-14 02:00:00,1768356000000,89.7477,90.0353,90.2742,89.4637,10748.72,89.79,89.9,90.026,89.484,66561.92,0.04230000000001155,0.04713212706287911
2026-01-14 03:00:00,1768359600000,90.8599,89.7477,90.8599,89.2476,4734.97,90.75,89.79,90.8,89.21,75026.34,-0.10989999999999611,-0.1209554489934461
2026-01-14 04:00:00,1768363200000,90.7503,90.8599,91.5499,90.7097,13391.99,90.792,90.739,91.577,90.606,109650.4,0.041700000000005844,0.04595026132145662
2026-01-14 05:00:00,1768366800000,89.4361,90.7503,91.2301,89.2452,14190.86,89.566,90.798,91.29,89.103,73060.88,0.12990000000000634,0.14524336369766386
2026-01-14 06:00:00,1768370400000,90.2165,89.4361,90.6297,89.3994,16848.32,90.207,89.537,90.645,89.44,51198.9,-0.009500000000002728,-0.010530224515474142
2026-01-14 07:00:00,1768374000000,90.1854,90.2165,90.6109,89.8726,10648.58,90.229,90.213,90.644,89.945,33609.56,0.04359999999999786,0.04834485404510914
2026-01-14 08:00:00,1768377600000,90.1051,90.1854,90.3739,89.2634,17597.579999999998,90.183,90.272,90.37,89.349,29886.27,0.07790000000001385,0.08645459579980917
2026-01-14 09:00:00,1768381200000,90.5888,90.1051,90.6577,90.0121,5784.02,90.634,90.188,90.703,90.098,33727.41,0.045199999999994134,0.04989579285738869
2026-01-14 10:00:00,1768384800000,90.16,90.5888,90.7355,90.1355,3141.92,90.203,90.6,90.805,90.135,39202.47,0.043000000000006366,0.04769299023958115
2026-01-14 11:00:00,1768388400000,90.5227,90.16,90.7829,89.9558,3811.19,90.568,90.181,90.765,89.977,29915.2,0.04529999999999745,0.05004269647281561
2026-01-14 12:00:00,1768392000000,92.0459,90.5227,92.1512,90.5227,7656.23,92.013,90.573,92.113,90.573,82852.43,-0.03289999999999793,-0.03574303689789326
2026-01-14 13:00:00,1768395600000,91.8124,92.0459,92.2576,91.1205,13095.22,91.765,92.02,92.26,91.09,69581.96,-0.04739999999999611,-0.05162701334459846
2026-01-14 14:00:00,1768399200000,91.2576,91.8124,92.2521,90.55,21598.89,91.232,91.787,92.266,90.507,110737.87,-0.02559999999999718,-0.028052458096637627
2026-01-14 15:00:00,1768402800000,91.8366,91.2576,91.9604,90.2044,26551.35,91.816,91.228,91.9,90.174,97550.37,-0.020600000000001728,-0.022431144010124207
2026-01-14 16:00:00,1768406400000,91.236,91.8366,92.0666,90.6215,8158.7,91.163,91.833,92.063,90.65,44787.43,-0.0730000000000075,-0.08001227585602996
2026-01-14 17:00:00,1768410000000,90.655,91.236,91.4398,89.7601,12240.88,90.571,91.218,91.393,89.714,79287.11,-0.08400000000000318,-0.09265898185428623
2026-01-14 18:00:00,1768413600000,92.3858,90.655,92.4332,90.2816,10861.1,92.365,90.595,92.387,90.391,69060.62,-0.020800000000008367,-0.0225142824979687
2026-01-14 19:00:00,1768417200000,92.8476,92.3858,93.064,92.2313,18169.19,92.833,92.389,93.049,92.18,100091.16,-0.0146000000000015,-0.015724692937675828
2026-01-14 20:00:00,1768420800000,93.2813,92.8476,93.621,92.3683,18638.5,93.261,92.833,93.552,92.338,67905.91,-0.02030000000000598,-0.021762132388813173
2026-01-14 21:00:00,1768424400000,93.2637,93.2813,93.3682,92.3448,7759.67,93.261,93.268,93.34,92.293,65851.97,-0.0027000000000043656,-0.002895017032354888
2026-01-14 22:00:00,1768428000000,92.93,93.2637,93.6402,92.93,1587.59,92.825,93.261,93.88,92.649,48890.07,-0.10500000000000398,-0.11298827074142255
2026-01-14 23:00:00,1768431600000,92.3159,92.93,93.6392,91.1723,22440.61,92.257,92.823,93.713,91.064,176417.73,-0.05889999999999418,-0.06380266021345639
2026-01-15 00:00:00,1768435200000,92.3635,92.3159,93.0608,91.7856,6681.23,92.349,92.257,93.0,91.801,72066.79,-0.014499999999998181,-0.015698842075060147
2026-01-15 01:00:00,1768438800000,88.216,92.3635,92.4972,86.3157,43946.28,88.099,92.33,92.46,86.237,366725.04,-0.11699999999999022,-0.13262900154165938
2026-01-15 02:00:00,1768442400000,88.7583,88.216,90.2405,87.835,27236.24,88.668,88.054,90.172,87.737,139846.17,-0.09029999999999916,-0.1017369643177023
2026-01-15 03:00:00,1768446000000,87.7979,88.7583,88.8588,86.5433,22470.54,87.838,88.7,88.862,86.487,142199.35,0.04009999999999536,0.045673074185140376
2026-01-15 04:00:00,1768449600000,87.7895,87.7979,88.6066,87.5002,11617.46,87.772,87.845,88.6,87.479,73292.96,-0.017499999999998295,-0.019934046782358134
2026-01-15 05:00:00,1768453200000,88.038,87.7895,88.55,87.0034,24012.9,88.07,87.77,88.438,86.981,70611.26,0.031999999999996476,0.03634794066198287
2026-01-15 06:00:00,1768456800000,89.8563,88.038,89.883,87.9953,14424.71,89.841,88.101,89.875,88.053,61108.72,-0.015300000000010527,-0.017027186741508972
2026-01-15 07:00:00,1768460400000,89.3787,89.8563,90.0383,89.1994,10118.14,89.387,89.888,93.224,89.168,95165.86,0.008300000000005525,0.00928632884569313
2026-01-15 08:00:00,1768464000000,89.9389,89.3787,89.9473,89.0311,3646.73,89.922,89.393,89.957,88.592,44177.0,-0.0169000000000068,-0.01879053446284844
2026-01-15 09:00:00,1768467600000,90.5131,89.9389,90.618,89.4963,14147.289999999999,90.532,89.94,90.651,89.479,104081.17,0.018900000000002137,0.02088095535342634
2026-01-15 10:00:00,1768471200000,91.0681,90.5131,91.4597,90.465,8461.44,91.115,90.534,91.461,90.477,42544.52,0.046899999999993724,0.05149992148731962
2026-01-15 11:00:00,1768474800000,91.248,91.0681,91.4971,90.8458,5163.28,91.258,91.091,91.599,90.906,45242.46,0.009999999999990905,0.010959144310002306
2026-01-15 12:00:00,1768478400000,91.0181,91.248,91.397,90.6063,10567.75,91.09,91.238,91.448,90.657,31927.77,0.07189999999999941,0.07899527676363208
2026-01-15 13:00:00,1768482000000,88.5526,91.0181,91.0181,87.9187,40288.6,88.519,91.093,91.097,87.891,140537.27,-0.03359999999999275,-0.0379435499352845
2026-01-15 14:00:00,1768485600000,90.4287,88.5526,90.55,88.0,36228.02,90.371,88.52,90.489,87.887,106946.81,-0.05770000000001119,-0.06380717626153111
2026-01-15 15:00:00,1768489200000,90.6675,90.4287,90.9499,89.7115,10750.72,90.611,90.37,90.929,89.689,73838.3,-0.05649999999999977,-0.06231560371687735
2026-01-15 16:00:00,1768492800000,91.1864,90.6675,92.0458,90.0311,10936.72,91.142,90.618,92.008,90.035,74347.56,-0.04440000000001021,-0.04869147153524013
2026-01-15 17:00:00,1768496400000,91.8968,91.1864,91.9817,91.109,5437.43,91.891,91.105,91.954,91.105,47418.14,-0.005799999999993588,-0.006311427601389371
2026-01-15 18:00:00,1768500000000,92.3593,91.8968,92.8,91.8968,9532.97,92.364,91.931,92.776,91.931,77379.28,0.004699999999999704,0.005088821591328328
2026-01-15 19:00:00,1768503600000,92.5163,92.3593,93.059,92.1769,7706.51,92.543,92.338,93.076,92.062,100094.26,0.026700000000005275,0.02885977930376082
2026-01-15 20:00:00,1768507200000,91.9951,92.5163,92.558,91.2309,10163.71,91.966,92.523,92.544,91.217,70492.91,-0.02909999999999968,-0.03163211953680107
2026-01-15 21:00:00,1768510800000,92.4329,91.9951,92.633,91.9544,3797.7400000000002,92.402,91.942,92.63,91.849,73486.14,-0.030900000000002592,-0.03342965545817841
2026-01-15 22:00:00,1768514400000,92.0166,92.4329,92.4329,92.016,263.32,92.206,92.37,92.5,91.79,19575.06,0.18940000000000623,0.2058324258883791
2026-01-15 23:00:00,1768518000000,91.49,92.0166,92.8178,90.3656,10149.07,91.44,92.204,92.787,89.7,229373.74,-0.04999999999999716,-0.05465078150617244
2026-01-16 00:00:00,1768521600000,90.6683,91.49,91.5053,90.6479,5120.88,90.576,91.39,91.451,90.525,45019.54,-0.09230000000000871,-0.10179963669773086
2026-01-16 01:00:00,1768525200000,91.1778,90.6683,92.1136,90.4152,5997.73,91.128,90.558,92.061,90.353,112446.55,-0.04980000000000473,-0.05461855846489467
2026-01-16 02:00:00,1768528800000,90.1247,91.1778,91.3955,89.6034,13032.89,90.053,91.121,91.342,89.49,63705.2,-0.07170000000000698,-0.07955643680368087
2026-01-16 03:00:00,1768532400000,90.308,90.1247,90.8864,90.0022,3401.21,90.178,90.047,90.769,89.857,17575.36,-0.13000000000000966,-0.14395180936352223
2026-01-16 04:00:00,1768536000000,90.9581,90.308,91.0603,90.2801,1865.91,90.91,90.202,90.959,90.202,28938.93,-0.04810000000000514,-0.05288149158789062
2026-01-16 05:00:00,1768539600000,91.5332,90.9581,91.9325,90.52,3421.32,91.485,90.91,91.86,90.45,40120.94,-0.04819999999999425,-0.052658488941711046
2026-01-16 06:00:00,1768543200000,90.5036,91.5332,91.5582,89.9205,5564.56,90.438,91.505,91.505,89.908,45512.73,-0.06560000000000343,-0.07248330453153624
2026-01-16 07:00:00,1768546800000,91.0333,90.5036,91.1968,90.4686,1713.31,91.024,90.442,91.223,90.437,39690.59,-0.00929999999999609,-0.010216041822054225
2026-01-16 08:00:00,1768550400000,91.2409,91.0333,91.4521,90.8072,1264.8,91.183,90.996,91.415,90.773,15996.76,-0.057899999999989404,-0.06345838324697521
2026-01-16 09:00:00,1768554000000,91.1741,91.2409,91.8071,91.0783,2433.23,91.134,91.174,91.765,91.031,61682.29,-0.04009999999999536,-0.04398178868779112
2026-01-16 10:00:00,1768557600000,90.5923,91.1741,91.5601,90.3948,3825.84,90.539,91.162,91.557,90.4,24395.58,-0.05329999999999302,-0.058835022402558515
2026-01-16 11:00:00,1768561200000,91.1113,90.5923,91.3737,90.1101,5869.08,91.076,90.539,91.384,90.1,37237.65,-0.03530000000000655,-0.038743822116473536
2026-01-16 12:00:00,1768564800000,90.0923,91.1113,91.1113,90.0125,7877.2300000000005,90.096,91.059,91.059,90.02,30143.04,0.0037000000000091404,0.004106899257771353
2026-01-16 13:00:00,1768568400000,88.8244,90.0923,90.1618,87.6826,58419.85,88.889,90.05,90.189,87.695,161657.92,0.06459999999999866,0.07272776399277525
2026-01-16 14:00:00,1768572000000,89.1789,88.8244,89.7905,88.3798,29540.34,89.152,88.858,89.8,88.41,147300.26,-0.026899999999997704,-0.030164085899240405
2026-01-16 15:00:00,1768575600000,87.9,89.1789,90.0,86.9152,50067.52,87.89,89.2,89.897,86.9,204159.65,-0.010000000000005116,-0.011376564277593988
2026-01-16 16:00:00,1768579200000,88.8307,87.9,89.2454,87.8395,24897.18,88.803,87.91,89.27,87.83,232668.27,-0.02769999999999584,-0.031182913114492897
2026-01-16 17:00:00,1768582800000,88.7154,88.8307,88.9698,88.144,6002.5,88.671,88.794,88.94,88.02,51919.28,-0.044399999999996,-0.05004768056052951
2026-01-16 18:00:00,1768586400000,89.0596,88.7154,89.7415,88.4245,8255.22,89.04,88.66,89.753,88.33,66605.22,-0.019599999999996953,-0.02200773414656809
2026-01-16 19:00:00,1768590000000,89.3745,89.0596,89.5288,88.6657,7596.93,89.337,89.035,89.45,88.62,20981.13,-0.037499999999994316,-0.04195827668965344
2026-01-16 20:00:00,1768593600000,89.3953,89.3745,89.5891,88.7954,5954.05,89.323,89.327,89.559,88.765,24791.78,-0.07230000000001269,-0.08087673513038458
2026-01-16 21:00:00,1768597200000,90.11,89.3953,90.11,89.3153,4013.73,90.089,89.327,90.132,89.231,51743.49,-0.021000000000000796,-0.023304849628233044
2026-01-16 22:00:00,1768600800000,90.421,90.11,90.421,89.7282,341.84,89.785,90.103,90.886,89.113,26205.04,-0.6360000000000099,-0.7033764280421693
2026-01-16 23:00:00,1768604400000,90.421,90.421,90.421,90.421,50.730000000000004,89.97,89.731,90.041,89.615,7521.54,-0.4510000000000076,-0.49877793875317417
2026-01-17 00:00:00,1768608000000,89.73,90.421,90.421,89.73,219.03,89.799,89.901,89.999,89.75,3947.55,0.06900000000000261,0.07689735874289827
2026-01-17 01:00:00,1768611600000,90.421,89.73,90.421,89.73,605.51,89.828,89.767,89.975,89.67,5328.23,-0.5930000000000035,-0.6558211035047207
2026-01-17 02:00:00,1768615200000,90.419,90.421,90.421,89.731,4.43,89.814,89.828,89.862,89.802,1988.1,-0.605000000000004,-0.6691071566816753
2026-01-17 03:00:00,1768618800000,89.729,90.419,90.419,89.729,11.2,89.746,89.815,89.824,89.57,5644.62,0.016999999999995907,0.01894593721093059
2026-01-17 04:00:00,1768622400000,89.7,89.729,89.729,89.7,200.0,89.74,89.678,89.85,89.54,4253.2,0.03999999999999204,0.04459308807134007
2026-01-17 05:00:00,1768626000000,89.7,89.7,89.7,89.7,0.0,89.687,89.756,89.87,89.58,2306.85,-0.01300000000000523,-0.014492753623194236
2026-01-17 06:00:00,1768629600000,89.7,89.7,89.7,89.7,0.0,89.777,89.718,89.825,89.59,2453.64,0.07699999999999818,0.08584169453734468
2026-01-17 07:00:00,1768633200000,89.7,89.7,89.7,89.7,0.0,89.799,89.798,89.938,89.774,2223.71,0.09900000000000375,0.11036789297659282
2026-01-17 08:00:00,1768636800000,89.7,89.7,89.7,89.7,0.0,89.799,89.806,89.806,89.775,2002.01,0.09900000000000375,0.11036789297659282
2026-01-17 09:00:00,1768640400000,89.7282,89.7282,89.7282,89.7282,162.62,89.811,89.8,89.811,89.791,3137.31,0.08280000000000598,0.09227868161849449
2026-01-17 10:00:00,1768644000000,90.1736,89.7282,90.1736,89.7282,33.17,89.81,89.811,89.861,89.76,2778.23,-0.36359999999999104,-0.40322222912248273
2026-01-17 11:00:00,1768647600000,90.1736,90.1736,90.1736,90.1736,0.0,89.907,89.81,89.95,89.802,2601.06,-0.26659999999999684,-0.29565194247539955
2026-01-17 12:00:00,1768651200000,90.1736,89.7282,90.1736,89.7282,14.89,89.971,89.907,90.039,89.882,2552.0,-0.20259999999998968,-0.22467773272885821
2026-01-17 13:00:00,1768654800000,89.729,90.1736,90.1736,89.729,15.76,89.993,89.971,90.035,89.93,2297.95,0.2639999999999958,0.29421926021687056
2026-01-17 14:00:00,1768658400000,89.729,89.729,90.1736,89.729,3.34,89.955,89.987,90.039,89.93,2821.78,0.2259999999999991,0.2518695182159604
2026-01-17 15:00:00,1768662000000,89.729,89.729,89.729,89.729,0.0,90.002,89.955,90.027,89.927,2401.92,0.27299999999999613,0.30424946226971894
2026-01-17 16:00:00,1768665600000,89.729,89.729,89.729,89.729,0.0,89.863,90.002,90.027,89.795,2996.07,0.13400000000000034,0.14933856389795977
2026-01-17 17:00:00,1768669200000,89.729,89.729,89.729,89.729,0.0,89.82,89.864,89.9,89.649,4392.66,0.09099999999999397,0.10141648742323438
2026-01-17 18:00:00,1768672800000,89.729,89.729,89.729,89.729,0.0,89.824,89.82,89.85,89.819,1145.72,0.09499999999999886,0.1058743550022834
2026-01-17 19:00:00,1768676400000,89.73,89.73,89.73,89.73,110.71,90.003,89.824,90.012,89.824,3449.43,0.27299999999999613,0.30424607154797295
2026-01-17 20:00:00,1768680000000,89.73,89.73,89.73,89.73,0.0,90.159,90.003,90.16,89.98,5247.64,0.42900000000000205,0.4781009695753951
2026-01-17 21:00:00,1768683600000,90.4223,90.1735,90.4223,90.1735,972.9,90.408,90.159,90.643,90.055,19322.1,-0.014300000000005753,-0.015814682882436912
2026-01-17 22:00:00,1768687200000,90.55,90.4223,90.55,90.3512,1004.23,90.511,90.408,90.688,90.408,7154.78,-0.03900000000000148,-0.04307012700165817
2026-01-17 23:00:00,1768690800000,90.55,90.55,90.55,90.55,0.0,90.33,90.59,90.77,90.193,7228.99,-0.21999999999999886,-0.2429596907785741
2026-01-18 00:00:00,1768694400000,90.55,90.55,90.55,90.55,0.0,90.45,90.351,90.522,90.351,2111.51,-0.09999999999999432,-0.11043622308116435
2026-01-18 01:00:00,1768698000000,90.0485,90.0485,90.0485,90.0485,7.82,90.446,90.445,90.529,90.44,1848.83,0.39749999999999375,0.4414287855988647
2026-01-18 02:00:00,1768701600000,90.54,90.0485,90.54,90.0485,0.2,90.454,90.446,90.538,90.443,605.27,-0.08600000000001273,-0.09498564170533767
2026-01-18 03:00:00,1768705200000,90.54,90.54,90.54,90.54,0.0,90.687,90.454,90.699,90.454,2336.15,0.14699999999999136,0.16235917826374127
2026-01-18 04:00:00,1768708800000,90.3311,90.54,90.6747,90.3235,1898.54,90.507,90.638,91.226,90.467,19255.4,0.1758999999999986,0.19472806154247937
2026-01-18 05:00:00,1768712400000,90.1901,90.3311,90.3311,90.1895,303.0,90.3,90.507,90.507,90.0,6311.07,0.10989999999999611,0.12185372895694328
2026-01-18 06:00:00,1768716000000,90.09,90.1901,90.2206,90.09,1545.57,90.238,90.3,90.31,90.015,5198.07,0.14799999999999613,0.16428016428015998
2026-01-18 07:00:00,1768719600000,90.099,90.09,90.2111,90.09,24.04,90.273,90.238,90.3,90.121,1795.75,0.17399999999999238,0.19312090034294763
2026-01-18 08:00:00,1768723200000,90.2217,90.099,90.2217,90.099,18.81,90.28,90.267,90.33,90.189,3607.78,0.05830000000000268,0.06461860062490807
2026-01-18 09:00:00,1768726800000,90.2217,90.2217,90.2217,90.2217,24.0,90.281,90.28,90.281,90.27,1801.43,0.05930000000000746,0.06572698142465444
2026-01-18 10:00:00,1768730400000,90.2363,90.2217,90.2363,90.2217,4.0,90.301,90.281,90.301,90.267,7588.59,0.06470000000000198,0.0717006348886224
2026-01-18 11:00:00,1768734000000,90.3311,90.2363,90.3311,90.1234,345.61,90.502,90.3,90.679,90.275,2917.19,0.17089999999998895,0.18919286934399
2026-01-18 12:00:00,1768737600000,90.4021,90.3311,90.7142,90.3311,6.92,90.549,90.556,90.78,90.385,8721.12,0.14690000000000225,0.16249622519831092
2026-01-18 13:00:00,1768741200000,90.7142,90.4021,90.7142,90.4021,10.0,90.547,90.549,90.68,90.431,3552.15,-0.16720000000000823,-0.18431513478596318
2026-01-18 14:00:00,1768744800000,90.33,90.7142,90.7142,90.33,5.0,90.567,90.598,90.598,90.539,1549.89,0.23699999999999477,0.26237130521420876
2026-01-18 15:00:00,1768748400000,90.4,90.33,90.5276,90.33,146.0,90.555,90.575,90.669,90.552,1695.7,0.15500000000000114,0.1714601769911517
2026-01-18 16:00:00,1768752000000,90.4,90.4,90.4,90.4,8.0,90.482,90.555,90.67,90.338,5494.11,0.08199999999999363,0.09070796460176286
2026-01-18 17:00:00,1768755600000,90.3434,90.4,90.4,90.3434,2.0,90.596,90.483,90.76,90.368,6050.27,0.25260000000000105,0.279599837951639
2026-01-18 18:00:00,1768759200000,90.7378,90.3434,90.7378,90.3434,189.17,90.772,90.596,90.8,90.3,11288.01,0.034200000000012665,0.03769101741502733
2026-01-18 19:00:00,1768762800000,90.325,90.7378,90.8,90.325,431.52,90.717,90.778,90.87,90.673,4310.65,0.3919999999999959,0.433988375311371
2026-01-18 20:00:00,1768766400000,91.1795,90.325,91.1795,90.325,2921.31,91.203,90.718,91.5,90.718,13599.01,0.023499999999998522,0.025773337208471775
2026-01-18 21:00:00,1768770000000,91.1795,91.1795,91.1795,91.1795,0.0,91.033,91.203,91.477,91.02,10389.63,-0.14650000000000318,-0.16067208089538018
2026-01-18 22:00:00,1768773600000,91.1795,91.1795,91.1795,91.1795,0.01,90.988,91.033,91.45,90.764,11630.97,-0.1915000000000049,-0.2100252798052247
2026-01-18 23:00:00,1768777200000,93.4399,91.1795,94.266,90.366,47031.16,93.333,90.992,94.204,90.992,310576.32,-0.106899999999996,-0.11440508819037265
2026-01-19 00:00:00,1768780800000,93.841,93.4399,93.9097,92.6494,10792.7,93.73,93.38,93.857,92.531,69030.57,-0.11099999999999,-0.11828518451422086
2026-01-19 01:00:00,1768784400000,93.301,93.841,94.1892,92.8338,12036.77,93.217,93.74,94.189,92.768,72183.67,-0.08400000000000318,-0.09003118937632307
2026-01-19 02:00:00,1768788000000,93.3785,93.301,93.7802,91.2591,10499.43,93.311,93.218,93.498,92.646,36793.19,-0.06749999999999545,-0.07228644709434769
2026-01-19 03:00:00,1768791600000,93.1,93.3785,93.5028,92.9252,2393.86,93.047,93.321,93.44,92.837,24852.12,-0.05299999999999727,-0.056928034371640464
2026-01-19 04:00:00,1768795200000,92.8605,93.1,93.4235,92.8306,4109.37,92.83,93.048,93.229,92.812,25217.56,-0.030500000000003524,-0.032844966374296417
2026-01-19 05:00:00,1768798800000,93.2953,92.8605,93.607,92.8605,5038.21,93.23,92.83,93.559,92.815,22190.76,-0.06529999999999347,-0.06999280778345049
2026-01-19 06:00:00,1768802400000,93.8805,93.2953,93.9034,93.1552,6211.59,93.878,93.238,93.878,93.114,27337.71,-0.0024999999999977263,-0.002662959826585634
2026-01-19 07:00:00,1768806000000,93.2003,93.8805,93.8926,93.0994,8909.699999999999,93.182,93.884,93.891,93.08,18607.19,-0.01829999999999643,-0.01963512992983545
2026-01-19 08:00:00,1768809600000,92.6266,93.2003,93.4748,92.4275,5992.85,92.626,93.164,93.456,92.436,28148.58,-0.0005999999999914962,-0.0006477620899304262
2026-01-19 09:00:00,1768813200000,93.2103,92.6266,93.2539,92.5704,6702.05,93.176,92.621,93.226,92.555,15504.67,-0.034300000000001774,-0.036798508319361455
2026-01-19 10:00:00,1768816800000,93.1805,93.2103,93.297,92.9709,1377.29,93.132,93.175,93.261,92.93,10000.97,-0.048499999999989996,-0.05204951679803178
2026-01-19 11:00:00,1768820400000,92.9466,93.1805,93.6256,92.6209,12884.89,92.909,93.138,93.665,92.629,149867.67,-0.037599999999997635,-0.040453335571174885
2026-01-19 12:00:00,1768824000000,93.3256,92.9466,93.6149,92.8679,7229.33,93.325,92.943,93.636,92.834,137920.6,-0.0005999999999914962,-0.0006429104125679302
2026-01-19 13:00:00,1768827600000,93.3337,93.3256,93.6007,93.1785,3108.76,93.303,93.342,93.636,93.168,32652.23,-0.030699999999995953,-0.032892727921421686
2026-01-19 14:00:00,1768831200000,93.9214,93.3337,93.9687,93.1987,3917.72,93.863,93.332,93.918,93.2,35278.32,-0.058400000000006,-0.06217965234760768
2026-01-19 15:00:00,1768834800000,93.8838,93.9214,94.1935,93.641,9496.25,93.859,93.883,94.209,93.572,66118.49,-0.024799999999999045,-0.026415632941997495
2026-01-19 16:00:00,1768838400000,94.5163,93.8838,94.6496,93.7104,4988.87,94.461,93.859,94.647,93.681,63378.31,-0.05530000000000257,-0.05850842658885565
2026-01-19 17:00:00,1768842000000,94.7353,94.5163,94.7603,94.3407,11027.87,94.696,94.456,94.715,94.35,28827.16,-0.039299999999997226,-0.04148400860080374
2026-01-19 18:00:00,1768845600000,94.5755,94.7353,94.7353,94.4922,3377.86,94.504,94.665,94.68,94.405,30923.01,-0.07150000000000034,-0.07560097488250164
2026-01-19 19:00:00,1768849200000,94.4,94.5755,94.6009,94.3328,1280.09,94.406,94.504,94.61,94.23,14903.23,0.006000000000000227,0.00635593220339007
2026-01-19 20:00:00,1768852800000,94.3451,94.4,94.4115,94.255,1442.01,94.3,94.376,94.406,94.2,12554.46,-0.045100000000005025,-0.047803224544788255
2026-01-19 21:00:00,1768856400000,94.4428,94.3451,94.4428,94.3024,3084.88,94.481,94.3,94.51,94.132,6219.12,0.03819999999998913,0.04044776309045171
2026-01-19 22:00:00,1768860000000,94.66,94.4428,94.66,94.4428,58.59,94.736,94.481,94.828,94.36,9932.23,0.07600000000000762,0.0802873441791756
2026-01-19 23:00:00,1768863600000,93.8393,94.66,94.7975,93.8199,6420.06,93.795,94.8,94.8,93.761,57707.57,-0.04429999999999268,-0.04720836579129712
2026-01-20 00:00:00,1768867200000,93.2471,93.8393,94.0083,93.174,5294.68,93.18,93.806,93.942,93.125,47011.44,-0.06709999999999638,-0.07195934243531046
2026-01-20 01:00:00,1768870800000,93.0809,93.2471,93.9537,92.9466,5566.54,93.088,93.181,93.874,92.9,41937.08,0.007099999999994111,0.007627773259599027
2026-01-20 02:00:00,1768874400000,93.0599,93.0809,93.4644,92.7384,6542.13,93.002,93.078,93.443,92.701,67575.11,-0.057900000000003615,-0.062217990777986676
2026-01-20 03:00:00,1768878000000,93.388,93.0599,93.593,92.6,10856.85,93.353,93.001,93.595,92.587,21323.18,-0.0350000000000108,-0.03747804857156251
2026-01-20 04:00:00,1768881600000,94.2538,93.388,94.3314,93.3356,3144.56,94.266,93.353,94.338,93.353,42861.05,0.012200000000007094,0.012943775211192646
2026-01-20 05:00:00,1768885200000,94.4374,94.2538,94.5882,94.1268,5480.53,94.509,94.25,94.633,94.118,33722.72,0.07160000000000366,0.07581741979343318
2026-01-20 06:00:00,1768888800000,93.9319,94.4374,94.476,93.4173,4952.5,93.946,94.474,94.536,93.386,75282.3,0.014099999999999113,0.015010874899793481
2026-01-20 07:00:00,1768892400000,94.3154,93.9319,94.5906,93.9234,2835.83,94.323,93.963,94.568,93.894,53595.81,0.0075999999999964984,0.008058068989790107
2026-01-20 08:00:00,1768896000000,95.4606,94.3154,95.4683,94.248,6648.18,95.427,94.303,95.643,94.24,77862.39,-0.03359999999999275,-0.035197767455885196
2026-01-20 09:00:00,1768899600000,95.0124,95.4606,95.5787,94.9334,5630.93,95.039,95.406,95.604,94.924,49465.56,0.026600000000001955,0.02799634574013703
2026-01-20 10:00:00,1768903200000,95.2408,95.0124,95.5435,94.9802,2767.96,95.256,95.022,95.499,95.0,55315.85,0.015200000000007208,0.0159595467488799
2026-01-20 11:00:00,1768906800000,95.7722,95.2408,95.7995,95.1828,4246.04,95.793,95.24,96.074,95.213,47242.82,0.020800000000008367,0.021718202150528408
2026-01-20 12:00:00,1768910400000,95.7439,95.7722,95.9368,95.2213,3742.25,95.79,95.767,96.003,95.2,33251.15,0.0461000000000098,0.04814928157303996
2026-01-20 13:00:00,1768914000000,95.2363,95.7439,95.755,94.6065,11426.1,95.21,95.76,95.76,94.71,64912.1,-0.026300000000006207,-0.027615520552568933
2026-01-20 14:00:00,1768917600000,94.961,95.2363,95.9209,94.2295,21013.56,94.972,95.18,97.316,93.8,204308.68,0.01099999999999568,0.01158370278324331
2026-01-20 15:00:00,1768921200000,93.9113,94.961,95.2948,93.1594,25899.24,93.937,94.971,95.28,93.143,185975.18,0.0257000000000005,0.02736624879008224
2026-01-20 16:00:00,1768924800000,94.2951,93.9113,94.4524,93.6947,11030.41,94.247,93.949,94.459,93.621,64215.04,-0.04810000000000514,-0.05101007369418467
2026-01-20 17:00:00,1768928400000,94.5906,94.2951,94.7322,93.6798,5572.04,94.585,94.22,94.665,93.63,55638.06,-0.00560000000000116,-0.005920250003701382
2026-01-20 18:00:00,1768932000000,94.7165,94.5906,95.147,94.251,5438.1,94.648,94.57,95.109,94.178,61956.43,-0.06850000000000023,-0.07232108449953306
2026-01-20 19:00:00,1768935600000,94.603,94.7165,94.8516,94.3433,4865.12,94.488,94.659,94.83,94.258,41700.16,-0.11499999999999488,-0.12156062704142036
2026-01-20 20:00:00,1768939200000,94.2383,94.603,94.603,93.752,9326.18,94.231,94.471,94.471,93.728,103825.38,-0.00730000000000075,-0.007746319702287447
2026-01-20 21:00:00,1768942800000,94.6172,94.2383,94.7738,94.2359,1799.33,94.655,94.235,94.757,94.221,34082.89,0.037800000000004275,0.03995045298318305
2026-01-20 22:00:00,1768946400000,94.925,94.6172,95.3394,94.6045,4972.98,94.758,94.637,95.2,94.201,28511.06,-0.1670000000000016,-0.1759283644982898
2026-01-20 23:00:00,1768950000000,94.9609,94.925,94.9681,94.079,7283.06,94.876,94.758,94.956,94.0,54869.09,-0.08489999999999043,-0.08940521835828266
2026-01-21 00:00:00,1768953600000,95.3665,94.9609,95.55,94.8542,4356.19,95.35,94.894,95.541,94.81,53419.05,-0.01650000000000773,-0.017301673019359767
2026-01-21 01:00:00,1768957200000,94.4715,95.3665,95.3745,94.0603,10242.21,94.462,95.344,95.41,93.961,88509.28,-0.009500000000002728,-0.010055942797566175
2026-01-21 02:00:00,1768960800000,94.2183,94.4715,94.6111,93.6,5253.22,94.124,94.435,94.63,93.556,64686.13,-0.09430000000000405,-0.10008671351531925
2026-01-21 03:00:00,1768964400000,94.0249,94.2183,94.5114,93.4408,2651.06,93.919,94.142,94.397,93.358,41725.28,-0.10590000000000543,-0.11262973956899229
2026-01-21 04:00:00,1768968000000,94.4226,94.0249,94.7119,93.8958,2217.73,94.36,93.905,94.6,93.817,52609.68,-0.06260000000000332,-0.0662976872062444
2026-01-21 05:00:00,1768971600000,94.6824,94.4226,94.99,94.0241,3214.48,94.634,94.371,94.972,94.007,43717.68,-0.04840000000000089,-0.051118264851757966
2026-01-21 06:00:00,1768975200000,94.475,94.6824,95.156,94.362,895.48,94.404,94.642,95.122,94.303,66162.86,-0.07099999999999795,-0.07515215665519763
2026-01-21 07:00:00,1768978800000,94.8112,94.475,94.8389,94.2379,3040.9,94.785,94.379,94.816,94.181,24806.83,-0.026200000000002888,-0.027633866041145864
2026-01-21 08:00:00,1768982400000,95.0099,94.8112,95.2095,94.6586,3710.4,94.938,94.756,95.146,94.635,28999.33,-0.07189999999999941,-0.07567632425673473
2026-01-21 09:00:00,1768986000000,95.2226,95.0099,95.4028,94.95,3130.04,95.194,94.961,95.356,94.947,37523.83,-0.028599999999997294,-0.030034886676059355
2026-01-21 10:00:00,1768989600000,94.9452,95.2226,95.3031,94.9452,1920.97,94.933,95.206,95.267,94.933,18832.96,-0.012199999999992883,-0.012849517405822393
2026-01-21 11:00:00,1768993200000,94.7844,94.9452,95.1689,94.4789,2209.23,94.719,94.934,95.101,94.463,32268.52,-0.065400000000011,-0.06899869598795899
2026-01-21 12:00:00,1768996800000,94.195,94.7844,94.9159,94.17,3207.88,94.21,94.729,94.868,94.111,47791.32,0.015000000000000568,0.015924412123786365
2026-01-21 13:00:00,1769000400000,95.0201,94.195,95.129,93.8,7561.31,95.003,94.196,95.099,93.73,137416.46,-0.017099999999999227,-0.01799619238455782
2026-01-21 14:00:00,1769004000000,93.8248,95.0201,95.1777,93.5895,16722.17,93.74,94.993,95.15,93.5,156186.0,-0.08480000000000132,-0.09038122116967084
2026-01-21 15:00:00,1769007600000,93.7495,93.8248,94.2748,92.3105,28938.5,93.673,93.755,94.254,92.268,220345.4,-0.0764999999999958,-0.08160043520231659
2026-01-21 16:00:00,1769011200000,93.514,93.7495,94.0734,93.2441,9645.49,93.407,93.673,93.95,93.164,95985.09,-0.10699999999999932,-0.11442137006223595
2026-01-21 17:00:00,1769014800000,93.4241,93.514,93.514,92.4213,6028.2,93.328,93.403,93.416,92.348,106996.83,-0.09609999999999275,-0.10286425023092838
2026-01-21 18:00:00,1769018400000,93.6783,93.4241,93.6783,92.4854,18294.079999999998,93.655,93.328,93.674,92.4,98019.44,-0.023299999999991883,-0.02487235571097243
2026-01-21 19:00:00,1769022000000,91.4096,93.6783,93.684,90.399,21805.37,91.396,93.621,93.665,90.357,425587.03,-0.013599999999996726,-0.014878087203091061
2026-01-21 20:00:00,1769025600000,92.7898,91.4096,92.7898,90.9232,12167.9,92.68,91.333,92.68,90.88,165621.24,-0.10979999999999279,-0.11833197183310319
2026-01-21 21:00:00,1769029200000,93.2765,92.7898,93.5354,92.5556,7799.58,93.152,92.651,93.392,92.406,86324.97,-0.12449999999999761,-0.13347413335620184
2026-01-21 22:00:00,1769032800000,93.64,93.2765,93.7708,92.8566,2678.63,93.149,93.151,93.152,92.38,26826.74,-0.49099999999999966,-0.5243485689876118
2026-01-21 23:00:00,1769036400000,91.0869,93.64,93.64,91.0869,12366.36,90.977,93.149,93.15,90.967,82824.79,-0.10989999999999611,-0.12065401281632826
2026-01-22 00:00:00,1769040000000,92.016,91.0869,92.0976,91.0001,6581.49,91.905,91.017,91.945,90.902,80426.99,-0.1110000000000042,-0.12063119457486113
2026-01-22 01:00:00,1769043600000,92.4442,92.016,92.8492,91.0145,6237.2,92.301,91.89,92.73,90.98,110990.05,-0.1431999999999931,-0.15490425575643807
2026-01-22 02:00:00,1769047200000,92.9034,92.4442,93.0134,91.8346,5033.88,92.759,92.306,92.966,91.705,42989.56,-0.14440000000000452,-0.1554302641238152
2026-01-22 03:00:00,1769050800000,93.4978,92.9034,93.5043,92.7325,6083.4800000000005,93.427,92.75,93.462,92.652,54429.28,-0.07079999999999131,-0.07572370686795979
2026-01-22 04:00:00,1769054400000,93.4539,93.4978,93.5318,93.2138,3334.2,93.348,93.413,93.469,93.133,38909.48,-0.10590000000000543,-0.11331790326568011
2026-01-22 05:00:00,1769058000000,93.8851,93.4539,94.0,93.2822,2391.94,93.821,93.31,93.905,93.204,59721.8,-0.06409999999999627,-0.06827494458651721
2026-01-22 06:00:00,1769061600000,94.1582,93.8851,94.2226,93.8098,7285.21,94.099,93.802,94.118,93.71,42455.4,-0.05919999999998993,-0.0628729096350503
2026-01-22 07:00:00,1769065200000,94.2567,94.1582,94.4222,94.1101,1181.17,94.221,94.109,94.348,94.043,47380.89,-0.035699999999991405,-0.0378752916238224
2026-01-22 08:00:00,1769068800000,94.1915,94.2567,94.4517,93.9127,1038.28,94.103,94.222,94.415,93.812,27769.29,-0.08850000000001046,-0.09395752270641242
2026-01-22 09:00:00,1769072400000,93.9761,94.1915,94.4115,93.5978,3587.66,93.9,94.097,94.299,93.532,39968.32,-0.07609999999999673,-0.0809780359048702
2026-01-22 10:00:00,1769076000000,93.8223,93.9761,93.9761,93.388,4385.73,93.792,93.868,93.868,93.39,11673.88,-0.030299999999996885,-0.032295094023485765
2026-01-22 11:00:00,1769079600000,93.6406,93.8223,94.1951,93.6064,2497.93,93.57,93.792,94.019,93.551,30939.61,-0.0706000000000131,-0.0753946471936458
2026-01-22 12:00:00,1769083200000,93.0599,93.6406,93.8239,92.9207,2209.8,93.046,93.553,93.783,92.931,42564.45,-0.013899999999992474,-0.01493661609349728
2026-01-22 13:00:00,1769086800000,93.644,93.0599,93.7003,93.0118,3917.71,93.547,93.085,93.613,92.934,67537.86,-0.09700000000000841,-0.10358378540003461
2026-01-22 14:00:00,1769090400000,93.999,93.644,94.5,93.4403,5972.52,93.893,93.568,94.355,93.341,117234.82,-0.10599999999999454,-0.11276715709741013
2026-01-22 15:00:00,1769094000000,95.6744,93.999,95.9,93.6266,11725.25,95.681,93.876,95.922,93.506,199781.15,0.006599999999991724,0.006898397063364624
2026-01-22 16:00:00,1769097600000,95.9462,95.6744,96.0463,95.2651,7710.9,95.831,95.706,95.942,95.112,145430.89,-0.11520000000000152,-0.12006728770915524
2026-01-22 17:00:00,1769101200000,96.388,95.9462,96.619,95.6003,18684.16,96.334,95.803,96.559,95.452,133545.39,-0.054000000000002046,-0.056023571398931445
2026-01-22 18:00:00,1769104800000,96.2648,96.388,96.6445,95.953,5025.32,96.26,96.293,96.616,95.928,75062.78,-0.004799999999988813,-0.004986246270691689
2026-01-22 19:00:00,1769108400000,95.953,96.2648,96.4402,95.5733,3461.19,95.894,96.231,96.41,95.466,74000.76,-0.0589999999999975,-0.0614884370473018
2026-01-22 20:00:00,1769112000000,96.1255,95.953,96.4368,95.9221,3349.19,96.105,95.923,96.439,95.885,48141.78,-0.02049999999999841,-0.02132628698940282
2026-01-22 21:00:00,1769115600000,96.225,96.1255,96.4604,96.0429,3699.19,96.4,96.107,96.485,96.026,49008.88,0.17500000000001137,0.18186541958951558
2026-01-22 22:00:00,1769119200000,95.896,96.225,96.548,95.8428,1574.38,96.104,96.283,96.657,95.96,12723.11,0.2079999999999984,0.21690164344706603
2026-01-22 23:00:00,1769122800000,96.9801,95.896,96.9801,95.896,2733.35,97.002,96.059,97.02,95.947,109200.37,0.02190000000000225,0.022581952379923564
2026-01-23 00:00:00,1769126400000,97.2154,96.9801,97.2778,96.7395,2583.02,97.201,97.0,97.29,96.664,78803.82,-0.014400000000009072,-0.014812467983476971
2026-01-23 01:00:00,1769130000000,98.6074,97.2154,99.0,97.0038,12028.31,98.573,97.197,98.92,96.908,178754.06,-0.03440000000000509,-0.034885819928326976
2026-01-23 02:00:00,1769133600000,98.8436,98.6074,99.9,98.3139,20383.98,98.746,98.564,99.199,98.221,87700.68,-0.09759999999999991,-0.09874185076221417
2026-01-23 03:00:00,1769137200000,98.798,98.8436,99.1133,98.4671,4176.28,98.672,98.707,98.948,98.37,50078.7,-0.12600000000000477,-0.1275329460110577
2026-01-23 04:00:00,1769140800000,98.6841,98.798,98.8735,98.5404,1400.48,98.683,98.696,98.774,98.45,27994.88,-0.0010999999999938836,-0.0011146679150885338
2026-01-23 05:00:00,1769144400000,99.1488,98.6841,99.4629,98.6434,2954.38,99.031,98.707,99.3,98.57,62393.37,-0.11779999999998836,-0.11881132197261929
2026-01-23 06:00:00,1769148000000,99.1339,99.1488,99.2834,98.7546,3282.2200000000003,98.993,99.028,99.277,98.679,31627.35,-0.14090000000000202,-0.14213099656121875
2026-01-23 07:00:00,1769151600000,98.7354,99.1339,99.1339,98.6718,3004.9700000000003,98.657,99.014,99.049,98.565,49854.27,-0.07840000000000202,-0.07940414481533677
2026-01-23 08:00:00,1769155200000,98.0623,98.7354,98.7432,97.6348,9410.03,97.975,98.657,98.714,97.57,143825.61,-0.08729999999999905,-0.0890250381645128
2026-01-23 09:00:00,1769158800000,98.265,98.0623,98.3751,97.8172,2070.52,98.209,97.978,98.38,97.735,47341.32,-0.055999999999997385,-0.05698875489746846
2026-01-23 10:00:00,1769162400000,98.9717,98.265,99.0764,98.0552,2085.03,98.966,98.223,99.07,97.99,66669.2,-0.005700000000004479,-0.0057592220806599054
2026-01-23 11:00:00,1769166000000,99.0361,98.9717,99.0718,98.4733,2292.69,99.012,98.962,99.028,98.464,52693.73,-0.02410000000000423,-0.024334560831862553
2026-01-23 12:00:00,1769169600000,99.3178,99.0361,99.3918,98.6537,4342.67,99.26,98.99,99.349,98.647,58696.69,-0.057800000000000296,-0.05819702007092414
2026-01-23 13:00:00,1769173200000,99.7189,99.3178,99.7832,98.787,14025.0,99.575,99.231,99.68,98.696,168918.54,-0.14390000000000214,-0.14430564316293312
2026-01-23 14:00:00,1769176800000,99.387,99.7189,99.8416,99.0924,12403.31,99.279,99.622,99.78,98.972,240767.91,-0.10800000000000409,-0.1086661233360541
2026-01-23 15:00:00,1769180400000,99.8771,99.387,100.5227,99.2307,26456.74,99.731,99.303,100.3,99.118,197306.76,-0.14610000000000412,-0.14627977784697804
2026-01-23 16:00:00,1769184000000,100.6875,99.8771,100.9859,99.8771,10128.6,100.59,99.738,100.89,99.715,207122.07,-0.09749999999999659,-0.0968342644320264
2026-01-23 17:00:00,1769187600000,100.7939,100.6875,101.3847,100.5328,4505.24,100.7,100.63,101.31,100.43,136101.78,-0.09389999999999077,-0.09316039958766431
2026-01-23 18:00:00,1769191200000,100.9722,100.7939,101.421,100.7756,9596.53,100.77,100.66,101.34,100.63,78758.5,-0.20220000000000482,-0.2002531389828139
2026-01-23 19:00:00,1769194800000,101.9608,100.9722,102.0486,100.9121,7989.88,101.77,100.78,101.95,100.72,280993.01,-0.19080000000001007,-0.18713074044143443
2026-01-23 20:00:00,1769198400000,102.5568,101.9608,102.629,101.7,10286.17,102.43,101.74,102.61,101.5,205498.82,-0.1267999999999887,-0.12363880308276848
2026-01-23 21:00:00,1769202000000,103.1413,102.5568,103.35,102.48,17504.75,103.07,102.43,103.3,102.16,179245.92,-0.07130000000000791,-0.06912846745194012
2026-01-23 22:00:00,1769205600000,102.7383,103.1413,103.421,102.7383,576.53,102.7,103.14,103.25,102.48,48325.55,-0.03829999999999245,-0.03727918410173465
2026-01-23 23:00:00,1769209200000,103.5279,102.7383,103.8951,102.7383,2376.36,103.47,102.75,103.98,102.62,78757.66,-0.057900000000003615,-0.05592695302426073
2026-01-24 00:00:00,1769212800000,103.0703,103.5279,103.8951,103.0703,1334.45,103.26,103.49,104.0,103.1,59620.24,0.18970000000000198,0.1840491392767868
2026-01-24 01:00:00,1769216400000,103.1,103.0703,103.8282,102.9955,23.21,103.2,103.23,103.61,102.64,56052.92,0.10000000000000853,0.09699321047527501
2026-01-24 02:00:00,1769220000000,103.1,103.1,103.1,103.1,0.0,103.49,103.2,103.68,103.12,12759.3,0.39000000000000057,0.3782735208535408
2026-01-24 03:00:00,1769223600000,103.3,103.4,103.4,103.3,278.45,103.55,103.49,103.62,103.1,20236.24,0.25,0.24201355275895448
2026-01-24 04:00:00,1769227200000,103.4,103.3,103.6465,103.3,217.0,103.49,103.55,103.76,102.96,26373.26,0.0899999999999892,0.08704061895550212
2026-01-24 05:00:00,1769230800000,103.5,103.4,103.5,103.4,1.72,103.38,103.49,103.84,101.0,35432.82,-0.12000000000000455,-0.11594202898551165
2026-01-24 06:00:00,1769234400000,103.8211,103.5,103.8211,103.5,48.65,103.48,103.4,103.48,103.3,18465.68,-0.3410999999999973,-0.32854593141470984
2026-01-24 07:00:00,1769238000000,103.5,103.8211,103.8211,103.5,41.94,104.03,103.47,104.15,103.43,35533.35,0.5300000000000011,0.5120772946859914
2026-01-24 08:00:00,1769241600000,103.9964,103.5,103.9964,103.4,1035.28,104.23,104.03,104.46,103.4,42940.58,0.2336000000000098,0.2246231600324721
2026-01-24 09:00:00,1769245200000,103.9964,103.9964,103.9964,103.9964,5.98,104.31,104.23,104.41,104.06,16153.44,0.3136000000000081,0.3015488997696152
2026-01-24 10:00:00,1769248800000,103.6,103.9964,103.9964,103.6,545.14,104.05,104.31,104.45,103.8,17329.27,0.45000000000000284,0.43436293436293716
2026-01-24 11:00:00,1769252400000,102.9552,103.6,103.6,102.9552,12.24,103.76,104.05,104.13,103.4,38070.37,0.8048000000000002,0.7816992245170717
2026-01-24 12:00:00,1769256000000,103.0065,102.9552,103.9964,102.9552,11.64,103.56,103.76,103.96,103.41,20832.3,0.5534999999999997,0.5373447306723358
2026-01-24 13:00:00,1769259600000,103.0065,103.0065,103.0065,103.0065,0.0,103.68,103.55,103.96,103.41,9903.35,0.6735000000000042,0.6538422332571286
2026-01-24 14:00:00,1769263200000,103.4,103.4,103.4,103.4,36.7,103.74,103.69,103.96,103.66,7287.32,0.3399999999999892,0.3288201160541481
2026-01-24 15:00:00,1769266800000,103.4,103.4,103.4,103.4,233.93,103.93,103.74,104.0,103.56,13364.91,0.5300000000000011,0.5125725338491306
2026-01-24 16:00:00,1769270400000,104.1843,103.4,104.1843,103.4,1458.22,104.24,103.93,104.3,103.6,19623.13,0.05570000000000164,0.0534629497918608
2026-01-24 17:00:00,1769274000000,104.1843,104.1843,104.1843,104.1843,0.0,103.41,104.24,104.24,103.4,23669.81,-0.7742999999999967,-0.7432021907331495
2026-01-24 18:00:00,1769277600000,104.1843,104.1843,104.1843,104.1843,0.0,104.07,103.43,104.12,103.4,15204.21,-0.11430000000000007,-0.10970942838796256
2026-01-24 19:00:00,1769281200000,104.1843,104.1843,104.1843,104.1843,0.0,103.94,104.07,104.18,103.75,16601.78,-0.24429999999999552,-0.2344883058195866
2026-01-24 20:00:00,1769284800000,104.1843,104.1843,104.1843,104.1843,0.0,104.1,103.94,104.18,103.94,6838.11,-0.08429999999999893,-0.08091430282681646
2026-01-24 21:00:00,1769288400000,104.1843,104.1843,104.1843,104.1843,0.0,103.83,104.1,104.16,103.77,11297.26,-0.35429999999999495,-0.34007043287711775
2026-01-24 22:00:00,1769292000000,103.66,103.66,103.66,103.66,1.05,103.81,103.83,104.02,103.65,8428.24,0.15000000000000568,0.1447038394752129
2026-01-24 23:00:00,1769295600000,103.4103,103.66,103.66,103.4103,245.40000000000003,103.75,103.81,103.92,103.65,7941.57,0.33969999999999345,0.3284972580100758
2026-01-25 00:00:00,1769299200000,103.4103,103.4103,103.4103,103.4103,0.0,103.84,103.74,104.26,103.73,14979.75,0.42969999999999686,0.41552920743871435
2026-01-25 01:00:00,1769302800000,104.2105,104.1843,104.2105,104.1843,439.94,104.16,103.8,104.2,103.79,10448.72,-0.050499999999999545,-0.04845960819687032
2026-01-25 02:00:00,1769306400000,104.2105,104.2105,104.2105,104.2105,0.0,104.39,104.16,104.39,103.91,9361.07,0.17950000000000443,0.17224751824432705
2026-01-25 03:00:00,1769310000000,104.3289,104.2105,104.4012,103.5045,829.89,104.63,104.37,104.8,104.33,26298.88,0.30109999999999104,0.2886065126728941
2026-01-25 04:00:00,1769313600000,104.4012,104.3289,104.4012,104.3289,103.7,104.81,104.63,105.15,104.6,25330.05,0.4087999999999994,0.3915663804630592
2026-01-25 05:00:00,1769317200000,104.4012,104.4012,104.4012,104.1102,392.4,104.58,104.8,104.89,104.46,12211.19,0.1787999999999954,0.17126239928276246
2026-01-25 06:00:00,1769320800000,104.4012,104.4012,104.4012,104.4012,0.0,104.87,104.57,104.93,104.49,10363.05,0.46880000000000166,0.4490369842492248
2026-01-25 07:00:00,1769324400000,104.4012,104.4012,104.4012,104.4012,33.51,104.92,104.87,105.46,104.83,24430.55,0.5187999999999988,0.4969291540710249
2026-01-25 08:00:00,1769328000000,103.2019,104.4012,104.4012,103.2019,1188.17,105.22,104.95,105.22,104.85,14194.62,2.018100000000004,1.9554872536261485
2026-01-25 09:00:00,1769331600000,104.4012,103.2019,104.4012,103.2019,0.9,105.04,105.17,105.25,104.56,25196.01,0.6388000000000034,0.611870361643356
2026-01-25 10:00:00,1769335200000,104.4012,104.4012,104.4012,104.4012,0.0,104.88,105.06,105.26,104.85,13013.32,0.47879999999999256,0.4586154182135766
2026-01-25 11:00:00,1769338800000,103.52,103.52,103.52,103.52,70.0,104.78,104.88,104.88,104.59,10190.67,1.2600000000000051,1.2171561051004687
2026-01-25 12:00:00,1769342400000,103.52,103.52,103.52,103.52,0.0,104.8,104.78,104.9,104.56,11309.63,1.2800000000000011,1.2364760432766626
2026-01-25 13:00:00,1769346000000,103.521,103.521,103.521,103.521,304.15,104.74,104.79,104.79,104.57,7483.33,1.218999999999994,1.1775388568502954
2026-01-25 14:00:00,1769349600000,103.521,103.521,103.521,103.521,7.5,104.17,104.74,104.74,103.61,40972.3,0.6490000000000009,0.6269259377324417
2026-01-25 15:00:00,1769353200000,103.521,103.521,103.521,103.521,25.78,104.32,104.16,104.37,103.99,6539.42,0.7989999999999924,0.7718240743423966
2026-01-25 16:00:00,1769356800000,104.546,103.521,104.546,103.521,799.14,105.27,104.32,106.09,104.21,120820.45,0.7239999999999895,0.6925181259923762
2026-01-25 17:00:00,1769360400000,104.66,104.546,104.77,104.546,1429.19,105.89,105.25,106.0,105.1,42559.26,1.230000000000004,1.1752340913434016
2026-01-25 18:00:00,1769364000000,104.7549,104.66,104.7627,104.0,277.79,105.13,105.85,105.89,104.97,43202.88,0.3750999999999891,0.3580739421258472
2026-01-25 19:00:00,1769367600000,103.81,104.7549,104.7627,103.81,6.21,104.3,105.1,105.8,104.08,71561.07,0.4899999999999949,0.47201618341199775
2026-01-25 20:00:00,1769371200000,103.7934,103.81,103.81,103.7934,175.33,105.24,104.3,105.9,104.2,54789.51,1.4465999999999894,1.393730237182701
2026-01-25 21:00:00,1769374800000,103.7343,103.7934,103.7934,103.7343,434.42999999999995,105.54,105.28,105.54,105.24,15452.96,1.8057000000000016,1.740697146459755
2026-01-25 22:00:00,1769378400000,103.75,103.7343,104.7627,103.7343,599.0,105.21,105.54,105.67,104.54,50173.42,1.4599999999999937,1.4072289156626445
2026-01-25 23:00:00,1769382000000,105.1036,103.75,106.86,103.3939,45733.96,105.03,105.21,107.0,103.37,299023.04,-0.073599999999999,-0.07002614563154734
2026-01-26 00:00:00,1769385600000,106.4251,105.1036,107.4848,104.7312,13507.86,106.18,105.07,107.31,104.62,163255.76,-0.24509999999999366,-0.23030281390385693
2026-01-26 01:00:00,1769389200000,107.5945,106.4251,108.6675,105.6008,11922.13,107.58,106.18,108.59,105.0,139471.37,-0.014499999999998181,-0.013476525287071535
2026-01-26 02:00:00,1769392800000,108.9625,107.5945,109.4736,106.9645,21219.67,108.94,107.63,109.48,106.82,142287.29,-0.022500000000007958,-0.02064930595389052
2026-01-26 03:00:00,1769396400000,108.2519,108.9625,109.3221,107.6782,22067.27,108.22,108.94,109.33,107.59,95953.88,-0.03190000000000737,-0.02946830494430801
2026-01-26 04:00:00,1769400000000,108.1611,108.2519,108.6316,107.5614,11185.64,108.06,108.23,108.43,107.26,72683.27,-0.10110000000000241,-0.09347168251802394
2026-01-26 05:00:00,1769403600000,107.7748,108.1611,108.2171,106.3166,15409.89,107.77,108.08,108.15,105.88,104585.32,-0.004800000000003024,-0.004453731298970654
2026-01-26 06:00:00,1769407200000,107.6264,107.7748,108.769,107.3104,7295.27,107.66,107.78,108.85,107.25,241334.66,0.03359999999999275,0.03121910609292213
2026-01-26 07:00:00,1769410800000,108.4036,107.6264,108.4036,107.1829,7116.85,108.38,107.65,108.44,107.25,64993.63,-0.02360000000000184,-0.021770494706819552
2026-01-26 08:00:00,1769414400000,109.2746,108.4036,110.121,108.2297,14963.46,109.34,108.38,110.39,108.23,174413.38,0.0653999999999968,0.05984922388185067
2026-01-26 09:00:00,1769418000000,109.0574,109.2746,110.3029,108.6664,16222.98,109.12,109.3,110.19,108.66,125914.07,0.06260000000000332,0.05740096499641777
2026-01-26 10:00:00,1769421600000,109.4776,109.0574,109.6387,109.0574,6473.3,109.48,109.1,109.66,109.1,59510.13,0.0024000000000086175,0.002192229277960622
2026-01-26 11:00:00,1769425200000,109.4535,109.4776,109.4776,108.3942,7160.18,109.38,109.48,109.48,108.31,82583.52,-0.07350000000000989,-0.06715180419082979
2026-01-26 12:00:00,1769428800000,109.3701,109.4535,111.0,109.1636,15825.12,109.39,109.36,111.36,109.06,282474.27,0.019900000000006912,0.01819510085481033
2026-01-26 13:00:00,1769432400000,109.0973,109.3701,110.469,108.79,19111.31,109.11,109.36,110.39,108.8,171023.6,0.01269999999999527,0.011640984698975383
2026-01-26 14:00:00,1769436000000,111.3352,109.0973,111.4605,108.6001,25071.41,111.23,109.11,111.69,108.53,321735.13,-0.10519999999999641,-0.09448943371009026
2026-01-26 15:00:00,1769439600000,112.2041,111.3352,112.4238,110.6772,39230.16,112.21,111.25,112.43,110.67,375622.61,0.005899999999996908,0.005258274875870763
2026-01-26 16:00:00,1769443200000,114.2194,112.2041,114.4962,111.873,39160.409999999996,114.31,112.22,114.56,111.87,443770.57,0.09060000000000912,0.07932102602535919
2026-01-26 17:00:00,1769446800000,117.0938,114.2194,117.2142,114.0,50585.38,117.21,114.31,117.52,114.14,569417.95,0.11619999999999209,0.09923668033661225
2026-01-26 18:00:00,1769450400000,111.1972,117.0938,117.6649,110.9952,132301.89,111.14,117.21,117.76,110.71,1293916.03,-0.05719999999999459,-0.05144014417628734
2026-01-26 19:00:00,1769454000000,107.3454,111.1972,111.2471,106.4505,80484.0,107.47,111.07,111.15,106.44,1065234.99,0.12460000000000093,0.11607390721912716
2026-01-26 20:00:00,1769457600000,108.4078,107.3454,109.748,107.3161,56503.27,108.47,107.48,109.68,107.28,803660.01,0.06220000000000425,0.05737594527331452
2026-01-26 21:00:00,1769461200000,103.8687,108.4078,108.6448,102.191,87521.13,104.02,108.5,108.73,101.94,917128.79,0.151299999999992,0.14566467087774468
2026-01-26 22:00:00,1769464800000,104.104,103.8687,104.3952,103.2304,1707.65,104.09,104.02,104.49,102.14,180324.43,-0.013999999999995794,-0.013448090371163254
2026-01-26 23:00:00,1769468400000,106.6225,104.104,107.936,103.0185,47350.0,106.77,104.08,107.91,103.06,593687.71,0.14749999999999375,0.13833853079790265
2026-01-27 00:00:00,1769472000000,106.1055,106.6225,107.5797,104.3198,24587.94,106.2,106.79,107.76,104.3,374195.14,0.09449999999999648,0.0890623012002172
2026-01-27 01:00:00,1769475600000,110.0418,106.1055,110.672,105.6767,37102.97,110.15,106.25,110.76,105.72,501331.04,0.10820000000001073,0.09832627238014167
2026-01-27 02:00:00,1769479200000,110.3454,110.0418,111.228,109.3518,18725.22,110.4,110.11,111.3,109.39,271157.25,0.05460000000000775,0.04948099331735419
2026-01-27 03:00:00,1769482800000,109.6982,110.3454,110.5851,108.576,37153.32,109.86,110.4,110.7,108.89,269832.07,0.1617999999999995,0.1474955833368273
2026-01-27 04:00:00,1769486400000,108.0588,109.6982,109.8245,107.5073,40983.64,108.2,109.83,110.0,107.61,207286.99,0.14119999999999777,0.13066959840382994
2026-01-27 05:00:00,1769490000000,109.9383,108.0588,109.9383,107.1101,26172.32,109.95,108.14,110.03,107.21,312756.69,0.011700000000004707,0.010642333017706028
2026-01-27 06:00:00,1769493600000,109.8344,109.9383,110.4149,109.1284,12433.59,109.94,109.99,110.73,109.26,185088.54,0.10559999999999548,0.09614474153816606
2026-01-27 07:00:00,1769497200000,112.4949,109.8344,113.3325,109.3112,33045.08,112.62,109.87,113.47,109.63,428307.88,0.12510000000000332,0.11120504129520833
2026-01-27 08:00:00,1769500800000,111.2041,112.4949,112.781,110.1203,27245.47,111.32,112.61,112.85,110.16,490624.17,0.11589999999999634,0.1042227759587968
2026-01-27 09:00:00,1769504400000,112.3479,111.2041,113.0035,111.0203,30861.38,112.55,111.27,113.03,111.01,402157.35,0.2021000000000015,0.17988765255069433
2026-01-27 10:00:00,1769508000000,112.3028,112.3479,112.95,111.7489,17584.79,112.41,112.52,113.02,111.82,294934.56,0.10719999999999175,0.09545621302406684
2026-01-27 11:00:00,1769511600000,111.5062,112.3028,112.7041,110.0,19629.170000000002,111.64,112.39,112.8,110.8,309684.98,0.1337999999999937,0.1199933277252688
2026-01-27 12:00:00,1769515200000,110.9965,111.5062,111.9919,110.5329,16079.26,111.08,111.62,112.08,110.55,283884.25,0.0835000000000008,0.0752275972665812
2026-01-27 13:00:00,1769518800000,111.8611,110.9965,112.9908,110.0,27032.23,111.96,111.1,113.08,110.93,420898.27,0.09890000000000043,0.08841321960896187
2026-01-27 14:00:00,1769522400000,106.3073,111.8611,111.8611,106.0,82331.65000000001,106.72,111.95,111.95,106.33,1304896.8,0.41270000000000095,0.3882141677946867
2026-01-27 15:00:00,1769526000000,108.3002,106.3073,108.8175,104.934,100122.38,108.43,106.72,108.81,105.1,789795.48,0.12980000000000302,0.11985204090112762
2026-01-27 16:00:00,1769529600000,107.9239,108.3002,109.55,107.55,47895.09,107.96,108.44,109.7,107.6,419137.45,0.03609999999999047,0.033449495431494294
2026-01-27 17:00:00,1769533200000,106.6187,107.9239,108.2056,106.1,43965.04,106.6,108.0,108.25,106.06,543364.47,-0.01870000000000971,-0.01753913713073758
2026-01-27 18:00:00,1769536800000,107.9536,106.6187,108.2799,105.7749,17702.13,107.93,106.64,108.32,105.82,493800.08,-0.02359999999998763,-0.02186124409004205
2026-01-27 19:00:00,1769540400000,109.3738,107.9536,109.4267,107.592,9749.18,109.4,107.94,109.45,107.56,307733.74,0.026200000000002888,0.02395454852990651
2026-01-27 20:00:00,1769544000000,112.1592,109.3738,112.3635,109.3292,44535.96,112.17,109.43,112.44,109.32,800994.42,0.010800000000003251,0.00962916996555187
2026-01-27 21:00:00,1769547600000,112.077,112.1592,113.0756,111.7239,18716.87,112.16,112.18,113.11,111.65,405178.37,0.08299999999999841,0.07405622919956674
2026-01-27 22:00:00,1769551200000,111.4791,112.077,112.568,111.47,1384.51,112.37,112.15,112.5,111.1,88741.68,0.890900000000002,0.7991632512282589
2026-01-27 23:00:00,1769554800000,112.858,111.4791,113.3781,110.7647,32070.56,112.88,112.37,113.33,110.72,260659.78,0.02199999999999136,0.019493522833996135
2026-01-28 00:00:00,1769558400000,113.4711,112.858,114.0784,111.8523,20614.53,113.47,112.92,114.18,111.92,264179.94,-0.0011000000000080945,-0.0009694098321141635
2026-01-28 01:00:00,1769562000000,113.1237,113.4711,114.4388,112.8288,28826.9,113.24,113.46,114.41,112.93,321969.87,0.11629999999999541,0.10280781127208127
2026-01-28 02:00:00,1769565600000,114.4992,113.1237,114.55,113.007,16744.68,114.56,113.24,114.62,113.08,241546.13,0.06080000000000041,0.05310080769123313
2026-01-28 03:00:00,1769569200000,114.8109,114.4992,115.4709,114.3128,15527.48,114.84,114.54,115.5,114.33,311392.25,0.02909999999999968,0.02534602550803075
2026-01-28 04:00:00,1769572800000,115.7518,114.8109,115.7765,114.8074,10792.58,115.85,114.84,116.01,114.84,335996.95,0.0981999999999914,0.08483669368423766
2026-01-28 05:00:00,1769576400000,115.3372,115.7518,116.175,115.0247,13806.91,115.42,115.85,116.29,115.15,215291.52,0.08280000000000598,0.07178950069882568
2026-01-28 06:00:00,1769580000000,115.1749,115.3372,115.572,113.7834,18944.69,115.27,115.41,115.65,113.89,239600.45,0.09510000000000218,0.08257007386158112
2026-01-28 07:00:00,1769583600000,114.7765,115.1749,115.2074,113.6205,17031.65,114.8,115.27,115.37,113.69,200594.57,0.023499999999998522,0.020474574499133986
2026-01-28 08:00:00,1769587200000,113.9067,114.7765,115.0677,113.4047,15030.14,113.98,114.8,115.19,113.5,204899.04,0.07330000000000325,0.06435091175497425
2026-01-28 09:00:00,1769590800000,113.0345,113.9067,114.1581,111.8637,34655.9,113.07,113.91,114.24,112.17,362738.75,0.03549999999999898,0.031406340542045996
2026-01-28 10:00:00,1769594400000,112.9888,113.0345,113.5357,112.5004,22945.21,113.01,113.07,113.61,112.57,193813.14,0.021200000000007435,0.01876292163471728
2026-01-28 11:00:00,1769598000000,112.5544,112.9888,112.9888,111.1902,24398.73,112.53,113.0,113.0,111.28,353815.68,-0.024399999999999977,-0.021678406175147286
2026-01-28 12:00:00,1769601600000,113.4962,112.5544,113.55,111.9762,14031.65,113.59,112.56,113.66,111.99,212622.83,0.09380000000000166,0.08264593880676327
2026-01-28 13:00:00,1769605200000,114.078,113.4962,114.6389,113.251,21714.29,114.16,113.6,114.72,113.33,303312.12,0.08199999999999363,0.07188064306877193
2026-01-28 14:00:00,1769608800000,115.0635,114.078,115.4681,111.2756,60372.89000000001,114.97,114.16,115.53,112.91,730739.2,-0.09350000000000591,-0.08125947846189792
2026-01-28 15:00:00,1769612400000,113.1982,115.0635,115.676,110.11,71642.79000000001,113.19,114.95,115.67,112.05,1070273.45,-0.008200000000002206,-0.007243931440607894
2026-01-28 16:00:00,1769616000000,114.6412,113.1982,114.8802,112.7362,26362.39,114.71,113.17,114.88,112.8,352899.98,0.06879999999999598,0.060013328541567934
2026-01-28 17:00:00,1769619600000,114.157,114.6412,115.0924,113.6333,9356.67,114.23,114.71,115.06,113.72,392752.06,0.0730000000000075,0.0639470203316551
2026-01-28 18:00:00,1769623200000,111.6193,114.157,114.2365,110.4048,40840.450000000004,111.79,114.23,114.3,110.64,668009.55,0.17070000000001073,0.15293054158197616
2026-01-28 19:00:00,1769626800000,114.473,111.6193,114.7667,111.0918,44144.77,114.49,111.78,114.83,110.62,953574.6800000001,0.016999999999995907,0.014850663475226393
2026-01-28 20:00:00,1769630400000,116.4784,114.473,117.5734,114.1512,42351.72,116.48,114.5,117.55,114.19,784747.49,0.001600000000010482,0.0013736452423887022
2026-01-28 21:00:00,1769634000000,116.3709,116.4784,116.9945,115.2,14531.620000000003,116.61,116.48,116.99,115.2,361400.37,0.23909999999999343,0.20546373706828203
2026-01-28 22:00:00,1769637600000,116.2985,116.3709,117.3408,115.9536,3260.4800000000396,116.86,116.65,117.39,116.42,103463.96,0.5614999999999952,0.4828093225621957
2026-01-28 23:00:00,1769641200000,117.7582,116.2985,119.6066,115.5072,47061.27000000012,117.85,116.87,119.51,115.43,981948.86,0.09179999999999211,0.07795635463177265
2026-01-29 00:00:00,1769644800000,117.8274,117.7582,118.4829,116.1948,19619.119999999974,118.0,117.85,118.46,116.21,465451.27,0.17260000000000275,0.14648545244994182
2026-01-29 01:00:00,1769648400000,117.98,117.8274,118.6349,116.6718,34874.72999999998,117.99,117.96,118.73,116.91,411857.97,0.009999999999990905,0.008476012883531874
2026-01-29 02:00:00,1769652000000,117.6487,117.98,117.98,116.9397,21109.310000000038,117.74,118.0,118.0,116.85,209648.79,0.09129999999998972,0.07760391742534317
2026-01-29 03:00:00,1769655600000,117.3739,117.6487,118.1075,117.0399,6181.600000000054,117.47,117.73,118.11,117.08,318313.63,0.09609999999999275,0.08187510170488732
2026-01-29 04:00:00,1769659200000,118.441,117.3739,118.5,117.0865,8923.07000000008,118.47,117.5,118.61,117.17,229423.48,0.028999999999996362,0.02448476456632109
2026-01-29 05:00:00,1769662800000,118.2659,118.441,118.55,117.5949,13110.29000000002,118.35,118.46,118.6,117.67,219457.58,0.08409999999999229,0.07111094575866102
2026-01-29 06:00:00,1769666400000,119.1075,118.2659,120.492,118.2659,34379.10999999987,119.11,118.39,120.61,118.37,412845.11,0.0024999999999977263,0.0020989442310498717
2026-01-29 07:00:00,1769670000000,119.0791,119.1075,119.1826,118.9637,1020.0099999999996,119.13,119.09,119.3,118.97,9499.79,0.05089999999999861,0.04274469659243193
