date,cme_close,cme_usd_per_lb,shfe_close,cme_usd_per_ton,shfe_usd_per_ton,spread,spread_ratio
2016-01-29,206.1,2.061,35680,4543.72182,4921.379310344828,-377.65749034482815,-7.673813915358756
2016-02-01,206.05,2.0605,35540,4542.61951,4902.068965517241,-359.4494555172405,-7.332607069499139
2016-02-02,204.6,2.046,35760,4510.65252,4932.413793103448,-421.76127310344873,-8.550808808724842
2016-02-03,209.95,2.0995,35810,4628.59969,4939.310344827586,-310.71065482758604,-6.290567571907285
2016-02-04,212.1,2.121,36500,4675.99902,5034.482758620689,-358.4837386206891,-7.120567410958893
2016-02-05,208.95,2.0894999999999997,36510,4606.553489999999,5035.862068965517,-429.3085789655179,-8.525026561216118
2016-02-15,205.8,2.0580000000000003,35750,4537.10796,4931.0344827586205,-393.9265227586202,-7.988719692307683
2016-02-16,204.85,2.0484999999999998,35750,4516.164069999999,4931.0344827586205,-414.87041275862157,-8.413455923076942
2016-02-17,207.3,2.073,35480,4570.1772599999995,4893.793103448276,-323.6158434482768,-6.612781468432938
2016-02-18,207.1,2.0709999999999997,35700,4565.7680199999995,4924.137931034483,-358.36991103448327,-7.2778203221288615
2016-02-19,208.0,2.08,35920,4585.6096,4954.482758620689,-368.87315862068954,-7.445240534521156
2016-02-22,211.6,2.116,36350,4664.97592,5013.793103448276,-348.8171834482764,-6.957151526822569
2016-02-23,210.0,2.1,36200,4629.702,4993.103448275862,-363.4014482758621,-7.278067679558012
2016-02-24,211.8,2.1180000000000003,35810,4669.385160000001,4939.310344827586,-269.9251848275853,-5.464835492879066
2016-02-25,207.85,2.0785,35920,4582.30267,4954.482758620689,-372.1800886206893,-7.511986755289525
2016-02-26,211.45,2.1145,35840,4661.66899,4943.448275862069,-281.7792858620687,-5.700055308314727
2016-02-29,212.4,2.124,35880,4682.61288,4948.9655172413795,-266.35263724137985,-5.381986120401348
2016-03-01,214.3,2.1430000000000002,36010,4724.500660000001,4966.896551724138,-242.39589172413707,-4.880228311580099
2016-03-02,218.8,2.188,36940,4823.70856,5095.172413793103,-271.4638537931032,-5.327863941526796
2016-03-03,221.0,2.21,37000,4872.2101999999995,5103.448275862069,-231.2380758620693,-4.531016351351358
2016-03-04,226.0,2.26,37950,4982.441199999999,5234.482758620689,-252.04155862069,-4.815023188405805
2016-03-07,227.4,2.274,38090,5013.30588,5253.793103448276,-240.48722344827638,-4.577401864006311
2016-03-08,221.45,2.2144999999999997,37750,4882.130989999999,5206.896551724138,-324.76556172413893,-6.237219397351012
2016-03-09,223.4,2.234,37320,4925.12108,5147.586206896552,-222.46512689655174,-4.321736789924974
2016-03-10,222.5,2.225,37300,4905.2795,5144.827586206897,-239.5480862068971,-4.6560955093833885
2016-03-11,223.6,2.2359999999999998,37710,4929.530319999999,5201.379310344828,-271.84899034482896,-5.226478865022567
2016-03-14,223.95,2.2395,37750,4937.2464899999995,5206.896551724138,-269.65006172413814,-5.178709794701991
2016-03-15,223.65,2.2365,37250,4930.632629999999,5137.931034482759,-207.2984044827599,-4.034666932885931
2016-03-16,225.4,2.254,37570,4969.213479999999,5182.068965517241,-212.8554855172415,-4.107538647857336
2016-03-17,228.85,2.2885,37940,5045.27287,5233.103448275862,-187.83057827586254,-3.5892769965735463
2016-03-18,228.6,2.286,38380,5039.76132,5293.793103448276,-254.03178344827666,-4.798672303282975
2016-03-21,228.7,2.287,38160,5041.965939999999,5263.448275862069,-221.4823358620697,-4.207932219601691
2016-03-22,229.15,2.2915,38150,5051.88673,5262.068965517241,-210.18223551724077,-3.9942888794233173
2016-03-23,223.85,2.2385,38160,4935.04187,5263.448275862069,-328.4064058620688,-6.239377469863729
2016-03-24,223.8,2.238,37630,4933.93956,5190.3448275862065,-256.4052675862067,-4.940043024182829
2016-03-25,223.8,2.238,37750,4933.93956,5206.896551724138,-272.9569917241379,-5.2422203708609265
2016-03-28,224.35,2.2435,37510,4946.064969999999,5173.793103448276,-227.72813344827682,-4.401570161290341
2016-03-29,221.25,2.2125,37590,4877.72175,5184.827586206897,-307.10583620689704,-5.9231639066241115
2016-03-30,218.75,2.1875,36990,4822.60625,5102.068965517241,-279.4627155172411,-5.477439003784802
2016-03-31,218.3,2.1830000000000003,36860,4812.685460000001,5084.137931034483,-271.4524710344822,-5.339203513293532
2016-04-01,216.9,2.169,37120,4781.82078,5120.0,-338.17922,-6.605062890624999
2016-04-05,214.3,2.1430000000000002,36720,4724.500660000001,5064.827586206897,-340.32692620689613,-6.71941779684095
2016-04-06,214.45,2.1445,36730,4727.807589999999,5066.206896551724,-338.3993065517243,-6.679539810781382
2016-04-07,207.9,2.079,36650,4583.40498,5055.172413793103,-471.767433793103,-9.33237079126875
2016-04-08,208.6,2.086,35760,4598.83732,4932.413793103448,-333.57647310344873,-6.762945833333342
2016-04-11,208.2,2.082,35830,4590.01884,4942.068965517241,-352.0501255172412,-7.123537287189503
2016-04-12,215.0,2.15,35980,4739.933,4962.758620689655,-222.8256206896549,-4.489954836020006
2016-04-13,217.15,2.1715,36830,4787.33233,5080.0,-292.6676699999998,-5.761174606299209
2016-04-14,216.8,2.168,36850,4779.6161600000005,5082.758620689655,-303.1424606896544,-5.964132537313418
2016-04-15,215.4,2.154,36780,4748.75148,5073.103448275862,-324.3519682758624,-6.393561092985324
2016-04-18,216.4,2.164,36610,4770.79768,5049.6551724137935,-278.8574924137938,-5.522307620868629
2016-04-19,222.55,2.2255000000000003,36940,4906.381810000001,5095.172413793103,-188.7906037931025,-3.7052839131023094
2016-04-20,223.5,2.235,37360,4927.325699999999,5153.103448275862,-225.7777482758629,-4.3813936697002305
2016-04-21,225.15,2.2515,38100,4963.70193,5255.172413793103,-291.4704837931031,-5.546354350393694
2016-04-22,226.5,2.265,37970,4993.4643,5237.241379310345,-243.77707931034547,-4.654684816960771
2016-04-25,225.2,2.252,38120,4964.8042399999995,5257.931034482759,-293.1267944827596,-5.574945592864656
2016-04-26,225.0,2.25,37710,4960.3949999999995,5201.379310344828,-240.98431034482837,-4.633084725537008
2016-04-27,222.5,2.225,37630,4905.2795,5190.3448275862065,-285.0653275862069,-5.492223292585703
2016-04-28,222.0,2.22,37280,4894.2564,5142.068965517241,-247.81256551724073,-4.819316255364795
2016-04-29,228.2,2.282,37660,5030.94284,5194.482758620689,-163.5399186206896,-3.1483388475836427
2016-05-03,221.75,2.2175,37910,4888.744849999999,5228.9655172413795,-340.2206672413804,-6.506462246109226
2016-05-04,218.3,2.1830000000000003,37230,4812.685460000001,5135.172413793103,-322.48695379310266,-6.279963510609708
2016-05-05,214.45,2.1445,36840,4727.807589999999,5081.379310344828,-353.57172034482846,-6.958183964440842
2016-05-06,215.2,2.1519999999999997,36620,4744.342239999999,5051.0344827586205,-306.69224275862143,-6.071869907154576
2016-05-09,210.25,2.1025,35840,4635.2135499999995,4943.448275862069,-308.23472586206935,-6.235216971261169
2016-05-10,209.65,2.0965000000000003,35950,4621.9858300000005,4958.620689655172,-336.63485965517157,-6.788881036161319
2016-05-11,209.8,2.0980000000000003,35960,4625.29276,4960.0,-334.70723999999973,-6.748129838709673
2016-05-12,207.5,2.075,36240,4574.5865,4998.620689655172,-424.03418965517176,-8.483023937637956
2016-05-13,207.8,2.0780000000000003,35480,4581.200360000001,4893.793103448276,-312.59274344827554,-6.387534921082293
2016-05-16,209.15,2.0915,35610,4610.962729999999,4911.724137931034,-300.76140793103514,-6.123336724234779
2016-05-17,209.0,2.09,35900,4607.6557999999995,4951.724137931034,-344.0683379310349,-6.9484552924791165
2016-05-18,206.45,2.0645,35380,4551.437989999999,4880.0,-328.56201000000056,-6.732828073770502
2016-05-19,206.55,2.0655,35200,4553.64261,4855.172413793103,-301.5298037931034,-6.210486015624999
2016-05-20,205.65,2.0565,35320,4533.8010300000005,4871.724137931034,-337.9231079310339,-6.9364171361834535
2016-05-23,205.4,2.0540000000000003,35170,4528.28948,4851.0344827586205,-322.7450027586201,-6.653117059994301
2016-05-24,206.65,2.0665,35190,4555.847229999999,4853.793103448276,-297.94587344827687,-6.138413135834064
2016-05-25,210.2,2.102,35490,4634.111239999999,4895.172413793103,-261.061173793104,-5.333033276979442
2016-05-26,209.95,2.0995,36060,4628.59969,4973.793103448276,-345.19341344827626,-6.940244724071
2016-05-27,211.1,2.1109999999999998,35840,4653.9528199999995,4943.448275862069,-289.4954558620693,-5.856144126674114
2016-05-30,209.65,2.0965000000000003,35710,4621.9858300000005,4925.517241379311,-303.53141137931016,-6.162427142257067
2016-05-31,208.45,2.0845,35750,4595.530389999999,4931.0344827586205,-335.5040927586215,-6.803929153846171
2016-06-01,207.3,2.073,35190,4570.1772599999995,4853.793103448276,-283.6158434482768,-5.843179497016216
2016-06-02,206.7,2.0669999999999997,35280,4556.94954,4866.206896551724,-309.2573565517241,-6.355203613945578
2016-06-03,212.0,2.12,35720,4673.7944,4926.896551724138,-253.1021517241379,-5.137151735722284
2016-06-06,211.7,2.117,36260,4667.180539999999,5001.379310344828,-334.1987703448285,-6.682132060121364
2016-06-07,205.25,2.0525,35840,4524.982550000001,4943.448275862069,-418.4657258620682,-8.465057233537932
2016-06-08,206.5,2.065,35230,4552.5403,4859.310344827586,-306.7700448275864,-6.313036687482263
2016-06-13,205.2,2.052,35250,4523.8802399999995,4862.068965517241,-338.18872551724144,-6.955654638297874
2016-06-14,204.3,2.043,35110,4504.03866,4842.758620689655,-338.7199606896547,-6.994359769296487
2016-06-15,209.05,2.0905,35320,4608.75811,4871.724137931034,-262.96602793103466,-5.397802102208384
2016-06-16,205.3,2.053,35410,4526.08486,4884.137931034483,-358.05307103448285,-7.330936924597574
2016-06-17,205.35,2.0535,35560,4527.18717,4904.827586206897,-377.6404162068966,-7.6993616915073115
2016-06-20,208.75,2.0875,35460,4602.144249999999,4891.0344827586205,-288.8902327586211,-5.90652619148337
2016-06-21,212.6,2.126,35570,4687.02212,4906.206896551724,-219.1847765517241,-4.467499662637053
2016-06-22,213.55,2.1355,36260,4707.96601,5001.379310344828,-293.4133003448278,-5.86664762134584
2016-06-23,216.3,2.1630000000000003,36270,4768.59306,5002.758620689655,-234.16556068965474,-4.680728742762605
2016-06-24,211.35,2.1135,35970,4659.46437,4961.379310344828,-301.9149403448282,-6.085302522935792
2016-06-27,212.75,2.1275,36720,4690.329049999999,5064.827586206897,-374.49853620689737,-7.3941023624727835
2016-06-28,217.6,2.176,37200,4797.25312,5131.0344827586205,-333.78136275862016,-6.505147526881711
2016-06-29,219.2,2.1919999999999997,37220,4832.527039999999,5133.793103448276,-301.26606344827724,-5.868293820526625
2016-06-30,220.05,2.2005,37530,4851.26631,5176.551724137931,-325.2854141379312,-6.283824280575542
2016-07-01,222.15,2.2215000000000003,37300,4897.56333,5144.827586206897,-247.2642562068968,-4.8060746849866
2016-07-04,222.05,2.2205,38410,4895.3587099999995,5297.931034482759,-402.57232448275954,-7.5986705350169395
2016-07-05,218.4,2.184,37790,4814.89008,5212.413793103448,-397.52371310344824,-7.626480338713945
2016-07-06,215.5,2.155,37380,4750.956099999999,5155.862068965517,-404.9059689655178,-7.853312667201723
2016-07-07,212.2,2.122,36910,4678.20364,5091.0344827586205,-412.83084275862075,-8.108977539962071
2016-07-08,212.4,2.124,36620,4682.61288,5051.0344827586205,-368.4216027586208,-7.2939831239759725
2016-07-11,214.7,2.147,37020,4733.31914,5106.206896551724,-372.8877565517241,-7.30263704754187
2016-07-12,221.45,2.2144999999999997,37180,4882.130989999999,5128.275862068966,-246.14487206896683,-4.799758801775174
2016-07-13,223.65,2.2365,38580,4930.632629999999,5321.379310344828,-390.74668034482875,-7.342958611975138
2016-07-14,224.05,2.2405,38640,4939.45111,5329.6551724137935,-390.2040624137935,-7.3213753946687445
2016-07-15,223.3,2.233,38500,4922.91646,5310.3448275862065,-387.42836758620615,-7.295728999999987
2016-07-18,224.5,2.245,37850,4949.3719,5220.689655172414,-271.31775517241385,-5.196971532364598
2016-07-19,225.75,2.2575,38300,4976.929649999999,5282.758620689655,-305.82897068965576,-5.789190698433432
2016-07-20,224.4,2.244,38280,4947.167280000001,5280.0,-332.8327199999994,-6.3036499999999895
2016-07-21,225.95,2.2595,38650,4981.33889,5331.0344827586205,-349.6955927586205,-6.559619786545921
2016-07-22,223.6,2.2359999999999998,38180,4929.530319999999,5266.206896551724,-336.6765765517248,-6.393151335777906
2016-07-25,222.75,2.2275,38160,4910.79105,5263.448275862069,-352.657225862069,-6.700117629716982
2016-07-26,222.3,2.2230000000000003,37810,4900.870260000001,5215.172413793103,-314.30215379310266,-6.0266876884421965
2016-07-27,219.15,2.1915,37740,4831.42473,5205.517241379311,-374.09251137931096,-7.186461864069964
2016-07-28,221.5,2.215,37820,4883.2333,5216.551724137931,-333.3184241379313,-6.389631345848762
2016-07-29,222.85,2.2285,37470,4912.995669999999,5168.275862068966,-255.28019206896624,-4.9393685414998805
2016-08-01,219.55,2.1955,38280,4840.24321,5280.0,-439.75679000000036,-8.328727083333339
2016-08-02,220.65,2.2065,38020,4864.49403,5244.137931034483,-379.64390103448295,-7.239395798264075
2016-08-03,220.0,2.2,37790,4850.164,5212.413793103448,-362.2497931034486,-6.949751256946287
2016-08-04,217.45,2.1745,37620,4793.94619,5188.9655172413795,-395.01932724137987,-7.612679751461998
2016-08-05,215.9,2.1590000000000003,37620,4759.77458,5188.9655172413795,-429.1909372413793,-8.271223538011695
2016-08-08,216.1,2.161,37540,4764.18382,5177.931034482759,-413.74721448275886,-7.990589517847633
2016-08-09,215.3,2.153,37220,4746.5468599999995,5133.793103448276,-387.2462434482768,-7.5430823885008245
2016-08-10,217.35,2.1734999999999998,37470,4791.741569999999,5168.275862068966,-376.53429206896635,-7.285491373098495
2016-08-11,218.6,2.186,37530,4819.29932,5176.551724137931,-357.2524041379311,-6.901358726352252
2016-08-12,213.65,2.1365,37560,4710.17063,5180.689655172414,-470.51902517241433,-9.082169681842396
2016-08-15,214.9,2.149,37070,4737.72838,5113.103448275862,-375.37506827586276,-7.341433086053425
2016-08-16,217.15,2.1715,37220,4787.33233,5133.793103448276,-346.4607734482761,-6.74863140112843
2016-08-17,215.7,2.157,37220,4755.365339999999,5133.793103448276,-378.4277634482769,-7.371309202041933
2016-08-18,216.75,2.1675,37370,4778.513849999999,5154.482758620689,-375.96890862068994,-7.29401816296495
2016-08-19,217.05,2.1705,37390,4785.12771,5157.241379310345,-372.11366931034536,-7.215362670500143
2016-08-22,214.15,2.1415,37140,4721.19373,5122.758620689655,-401.56489068965493,-7.838840757942915
2016-08-23,211.45,2.1145,37120,4661.66899,5120.0,-458.3310099999999,-8.951777539062498
2016-08-24,208.05,2.0805000000000002,36650,4586.71191,5055.172413793103,-468.46050379310327,-9.266954031377896
2016-08-25,207.75,2.0775,36370,4580.09805,5016.551724137931,-436.45367413793156,-8.700272580423436
2016-08-26,207.85,2.0785,36430,4582.30267,5024.827586206897,-442.5249162068967,-8.806768164973926
2016-08-29,208.3,2.083,36420,4592.22346,5023.448275862069,-431.2248158620687,-8.584239195496975
2016-08-30,206.95,2.0694999999999997,36260,4562.461089999999,5001.379310344828,-438.918220344829,-8.775943456977414
2016-08-31,207.05,2.0705,36270,4564.66571,5002.758620689655,-438.0929106896547,-8.757026750758193
2016-09-01,208.05,2.0805000000000002,36530,4586.71191,5038.620689655172,-451.9087796551721,-8.96889858335614
2016-09-02,207.75,2.0775,36670,4580.09805,5057.931034482759,-477.83298448275946,-9.447202447504788
2016-09-05,208.25,2.0825,36510,4591.12115,5035.862068965517,-444.74091896551727,-8.831475383456588
2016-09-06,209.4,2.094,36570,4616.474279999999,5044.137931034483,-427.66365103448334,-8.47842895816244
2016-09-07,209.9,2.099,36750,4627.49738,5068.9655172413795,-441.46813724137974,-8.709235360544227
2016-09-08,209.9,2.099,36570,4627.49738,5044.137931034483,-416.640551034483,-8.259896076018599
2016-09-09,208.95,2.0894999999999997,36620,4606.553489999999,5051.0344827586205,-444.48099275862114,-8.799801194702358
2016-09-12,210.7,2.1069999999999998,36170,4645.13434,4988.9655172413795,-343.8311772413799,-6.891833107547702
2016-09-13,210.3,2.103,36600,4636.315860000001,5048.275862068966,-411.96000206896497,-8.16040987704917
2016-09-14,215.2,2.1519999999999997,36730,4744.342239999999,5066.206896551724,-321.8646565517247,-6.3531684181867805
2016-09-19,215.4,2.154,37230,4748.75148,5135.172413793103,-386.42093379310336,-7.524984609186139
2016-09-20,216.55,2.1655,37280,4774.10461,5142.068965517241,-367.9643555172406,-7.1559591671137195
2016-09-21,216.5,2.165,37300,4773.0023,5144.827586206897,-371.82528620689664,-7.2271670911528165
2016-09-22,218.9,2.189,37650,4825.91318,5193.103448275862,-367.19026827586276,-7.070728937583014
2016-09-23,220.0,2.2,37860,4850.164,5222.068965517241,-371.9049655172412,-7.1217934495509745
2016-09-26,218.95,2.1895,37760,4827.015489999999,5208.275862068966,-381.2603720689667,-7.320279919226717
2016-09-27,217.2,2.1719999999999997,37680,4788.4346399999995,5197.241379310345,-408.8067393103456,-7.8658409235668945
2016-09-28,220.4,2.204,37520,4858.982480000001,5175.172413793103,-316.1899337931027,-6.109746855010647
2016-09-29,218.85,2.1885,37650,4824.810869999999,5193.103448275862,-368.292578275863,-7.091955358565754
2016-09-30,221.35,2.2135,37710,4879.926369999999,5201.379310344828,-321.4529403448287,-6.180148017767191
2016-10-10,219.4,2.194,37650,4836.93628,5193.103448275862,-356.1671682758624,-6.85846472775565
2016-10-11,218.45,2.1845,38160,4815.992389999999,5263.448275862069,-447.4558858620694,-8.501192800052419
2016-10-12,217.5,2.175,37950,4795.048499999999,5234.482758620689,-439.43425862069034,-8.394989130434796
2016-10-13,212.4,2.124,37630,4682.61288,5190.3448275862065,-507.73194758620684,-9.782239224023385
2016-10-14,210.55,2.1055,37370,4641.82741,5154.482758620689,-512.6553486206894,-9.945815567299968
2016-10-17,210.4,2.104,37320,4638.52048,5147.586206896552,-509.0657268965515,-9.889406538049299
2016-10-18,210.0,2.1,37400,4629.702,5158.620689655172,-528.9186896551719,-10.25310294117646
2016-10-19,210.35,2.1035,37190,4637.41817,5129.6551724137935,-492.23700241379356,-9.595908221296055
2016-10-20,209.5,2.095,37310,4618.6789,5146.206896551724,-527.5279965517238,-10.250812047708385
2016-10-21,209.0,2.09,37180,4607.6557999999995,5128.275862068966,-520.620062068966,-10.151951183431962
2016-10-24,209.7,2.097,37350,4623.08814,5151.724137931034,-528.6359979310346,-10.261341325301206
2016-10-25,213.4,2.134,38010,4704.659079999999,5242.758620689655,-538.0995406896554,-10.263671849513292
2016-10-26,214.0,2.14,37760,4717.8868,5208.275862068966,-490.38906206896536,-9.415573887711862
2016-10-27,216.4,2.164,37820,4770.79768,5216.551724137931,-445.7540441379315,-8.544994235854055
2016-10-28,219.75,2.1975,38270,4844.65245,5278.620689655172,-433.9682396551725,-8.221243108178733
2016-10-31,220.75,2.2075,38390,4866.698649999999,5295.172413793103,-428.4737637931039,-8.091781160458462
2016-11-01,223.3,2.233,38740,4922.91646,5343.448275862069,-420.53181586206847,-7.870045598864214
2016-11-02,221.9,2.219,38580,4892.05178,5321.379310344828,-429.3275303448281,-8.067974585277355
2016-11-03,224.3,2.2430000000000003,38990,4944.96266,5377.931034482759,-432.9683744827589,-8.050835380866895
2016-11-04,225.8,2.258,39130,4978.031959999999,5397.241379310345,-419.20941931034577,-7.767105264502956
2016-11-07,231.25,2.3125,40380,5098.18375,5569.6551724137935,-471.47142241379333,-8.465002012134724
2016-11-08,237.65,2.3765,40450,5239.27943,5579.310344827586,-340.03091482758646,-6.0944972373300415
2016-11-09,246.1,2.461,41600,5425.56982,5737.931034482759,-312.36121448275935,-5.4437952043269355
2016-11-10,254.0,2.54,43910,5599.7348,6056.551724137931,-456.816924137931,-7.542524937371896
2016-11-11,250.6,2.506,46700,5524.777719999999,6441.379310344828,-916.6015903448288,-14.229896209850123
2016-11-14,251.85,2.5185,45520,5552.33547,6278.620689655172,-726.2852196551721,-11.567591921133562
2016-11-15,250.75,2.5075,43670,5528.08465,6023.448275862069,-495.36362586206906,-8.223920969773301
2016-11-16,246.95,2.4695,44580,5444.30909,6148.9655172413795,-704.6564272413798,-11.459755714445947
2016-11-17,248.45,2.4844999999999997,43670,5477.378389999999,6023.448275862069,-546.0698858620699,-9.065735453400519
2016-11-18,246.75,2.4675,44210,5439.899849999999,6097.931034482759,-658.0311844827602,-10.79105652001812
2016-11-21,251.9,2.519,45120,5553.43778,6223.448275862069,-670.0104958620686,-10.76590446586879
2016-11-22,254.4,2.544,46210,5608.55328,6373.793103448276,-765.2398234482762,-12.006034884224198
2016-11-23,261.6,2.616,45760,5767.28592,6311.724137931034,-544.4382179310342,-8.625824038461534
2016-11-24,265.85,2.6585,48210,5860.9822699999995,6649.6551724137935,-788.672902413794,-11.860357897739071
2016-11-25,267.85,2.6785,48100,5905.07467,6634.482758620689,-729.4080886206893,-10.994196761954257
2016-11-28,264.65,2.6464999999999996,49580,5834.526829999999,6838.620689655172,-1004.0938596551732,-14.682695608108121
2016-11-29,258.95,2.5894999999999997,46750,5708.863489999999,6448.275862068966,-739.4123720689668,-11.466822882352961
2016-11-30,262.2,2.622,46100,5780.513639999999,6358.620689655172,-578.1070496551729,-9.091705227765734
2016-12-01,263.55,2.6355,47060,5810.27601,6491.0344827586205,-680.7584727586209,-10.487673029111775
2016-12-02,262.8,2.628,46630,5793.74136,6431.724137931034,-637.9827779310344,-9.919311902208877
2016-12-05,269.45,2.6944999999999997,47360,5940.348589999999,6532.413793103448,-592.0652031034497,-9.063498147170629
2016-12-06,267.0,2.67,47690,5886.3354,6577.931034482759,-691.5956344827591,-10.513877856993087
2016-12-07,264.55,2.6455,48350,5832.32221,6668.9655172413795,-836.6433072413793,-12.545323634953462
2016-12-08,262.6,2.6260000000000003,47210,5789.33212,6511.724137931034,-722.3920179310344,-11.093713471722092
2016-12-09,265.5,2.655,47390,5853.266099999999,6536.551724137931,-683.2856241379322,-10.453304019835427
2016-12-12,260.55,2.6055,47230,5744.13741,6514.482758620689,-770.345348620689,-11.825119156256608
2016-12-13,259.6,2.596,46920,5723.19352,6471.724137931034,-748.5306179310346,-11.5661700341006
2016-12-14,260.05,2.6005000000000003,46490,5733.11431,6412.413793103448,-679.2994831034484,-10.59350667347817
2016-12-15,259.7,2.597,46790,5725.398139999999,6453.793103448276,-728.3949634482769,-11.286307939730728
2016-12-16,254.75,2.5475,46460,5616.26945,6408.275862068966,-792.0064120689658,-12.359118569737412
2016-12-19,250.35,2.5035,45630,5519.266169999999,6293.793103448276,-774.5269334482773,-12.30620264628536
2016-12-20,250.45,2.5044999999999997,44890,5521.470789999999,6191.724137931034,-670.253347931035,-10.824987241033647
2016-12-21,249.45,2.4945,45330,5499.42459,6252.413793103448,-752.9892031034487,-12.043176091992065
2016-12-22,250.7,2.5069999999999997,44430,5526.982339999999,6128.275862068966,-601.2935220689669,-9.811789410308373
2016-12-23,247.75,2.4775,45070,5461.94605,6216.551724137931,-754.6056741379316,-12.1386535112048
2016-12-26,247.75,2.4775,44070,5461.94605,6078.620689655172,-616.6746396551725,-10.144976486271842
2016-12-27,252.3,2.523,44600,5562.25626,6151.724137931034,-589.4678779310343,-9.582157208520178
2016-12-28,250.5,2.505,45620,5522.5731,6292.413793103448,-769.8406931034488,-12.234425745287163
2016-12-29,248.6,2.4859999999999998,45810,5480.68532,6318.620689655172,-837.9353696551725,-13.261365269591794
2016-12-30,250.85,2.5084999999999997,45500,5530.289269999999,6275.862068965517,-745.5727989655179,-11.880006137362647
2017-01-02,250.85,2.5084999999999997,45650,5530.289269999999,6296.551724137931,-766.2624541379319,-12.169557048192784
2017-01-03,248.7,2.487,45760,5482.88994,6311.724137931034,-828.8341979310344,-13.131660697115382
2017-01-04,255.8,2.5580000000000003,45520,5639.417960000001,6278.620689655172,-639.2027296551714,-10.18062344024603
2017-01-05,253.45,2.5345,45760,5587.60939,6311.724137931034,-724.1147479310348,-11.472534795673083
2017-01-06,254.4,2.544,45350,5608.55328,6255.172413793103,-646.6191337931032,-10.33735109151047
2017-01-09,253.2,2.532,45730,5582.097839999999,6307.586206896552,-725.4883668965522,-11.501838311830316
2017-01-10,261.0,2.61,46110,5754.0581999999995,6360.0,-605.9418000000005,-9.527386792452837
2017-01-11,259.95,2.5995,47160,5730.9096899999995,6504.827586206897,-773.9178962068972,-11.897592763994922
2017-01-12,266.75,2.6675,46980,5880.82385,6480.0,-599.1761500000002,-9.246545524691362
2017-01-13,270.55,2.7055000000000002,47400,5964.59941,6537.931034482759,-573.3316244827593,-8.769312821729967
2017-01-16,265.95,2.6595,47950,5863.18689,6613.793103448276,-750.6062134482763,-11.349103331595419
2017-01-17,261.9,2.6189999999999998,46780,5773.899779999999,6452.413793103448,-678.5140131034495,-10.515661810602841
2017-01-18,261.5,2.615,46600,5765.0813,6427.586206896552,-662.5049068965518,-10.307211534334765
2017-01-19,261.1,2.611,46730,5756.26282,6445.517241379311,-689.2544213793108,-10.693547089664033
2017-01-20,261.55,2.6155,46080,5766.183609999999,6355.862068965517,-589.6784589655181,-9.277710129123278
2017-01-23,264.65,2.6464999999999996,46850,5834.526829999999,6462.068965517241,-627.5421355172421,-9.711164316969063
2017-01-24,270.85,2.7085000000000004,47070,5971.21327,6492.413793103448,-521.2005231034482,-8.027838947312512
2017-01-25,271.4,2.714,47650,5983.33868,6572.413793103448,-589.0751131034485,-8.962842749213015
2017-01-26,266.2,2.662,48040,5868.698439999999,6626.206896551724,-757.5084565517245,-11.43200730641133
2017-02-03,261.5,2.615,46780,5765.0813,6452.413793103448,-687.3324931034485,-10.652331284737071
2017-02-06,265.2,2.6519999999999997,46600,5846.652239999999,6427.586206896552,-580.9339668965522,-9.03813575107297
2017-02-07,263.6,2.636,46850,5811.37832,6462.068965517241,-650.6906455172411,-10.06938565635005
2017-02-08,266.45,2.6645,47660,5874.209989999999,6573.793103448276,-699.5831134482769,-10.642000781577858
2017-02-09,265.7,2.657,47590,5857.67534,6564.137931034483,-706.462591034483,-10.762458047909229
2017-02-10,277.65,2.7765,47820,6121.12743,6595.862068965517,-474.73463896551766,-7.1974615903387775
2017-02-13,278.45,2.7845,50120,6138.764389999999,6913.103448275862,-774.339058275863,-11.201033863727067
2017-02-14,274.5,2.745,50110,6051.6819,6911.724137931034,-860.0422379310348,-12.443237327878672
2017-02-15,274.05,2.7405,48740,6041.7611099999995,6722.758620689655,-680.9975106896554,-10.129733181165372
2017-02-16,271.1,2.7110000000000003,48680,5976.72482,6714.482758620689,-737.757938620689,-10.987561739934254
2017-02-17,270.65,2.7064999999999997,48360,5966.804029999999,6670.3448275862065,-703.5407975862072,-10.547292767783297
2017-02-20,275.0,2.75,48770,6062.705,6726.896551724138,-664.1915517241378,-9.873669776501947
2017-02-21,274.2,2.742,48920,6045.06804,6747.586206896552,-702.5181668965515,-10.411399652493865
2017-02-22,273.6,2.736,48660,6031.84032,6711.724137931034,-679.8838179310342,-10.129793834771881
2017-02-23,263.8,2.638,48390,5815.78756,6674.482758620689,-858.6951986206896,-12.865344471998347
2017-02-24,266.85,2.6685000000000003,47760,5883.02847,6587.586206896552,-704.5577368965514,-10.695233652638187
2017-02-27,268.15,2.6814999999999998,47730,5911.688529999999,6583.448275862069,-671.7597458620694,-10.203767352817941
2017-02-28,271.35,2.7135000000000002,47740,5982.2363700000005,6584.827586206897,-602.5912162068962,-9.151207200460824
2017-03-01,273.1,2.7310000000000003,48650,6020.817220000001,6710.3448275862065,-689.5276075862057,-10.275591274409027
2017-03-02,268.85,2.6885000000000003,48690,5927.120870000001,6715.862068965517,-788.7411989655166,-11.744452028137184
2017-03-03,270.75,2.7075,48280,5969.00865,6659.310344827586,-690.3016948275863,-10.36596372721624
2017-03-06,265.6,2.656,47890,5855.47072,6605.517241379311,-750.0465213793104,-11.354849196074337
2017-03-07,261.55,2.6155,47720,5766.183609999999,6582.068965517241,-815.8853555172418,-12.39557591680638
2017-03-08,259.3,2.593,47300,5716.579659999999,6524.137931034483,-807.5582710344834,-12.378007325581404
2017-03-09,257.75,2.5775,46570,5682.40805,6423.448275862069,-741.0402258620688,-11.536486230405838
2017-03-10,260.0,2.6,46650,5732.012,6434.482758620689,-702.4707586206896,-10.917284030010718
2017-03-13,262.75,2.6275,47560,5792.63905,6560.0,-767.3609500000002,-11.697575457317075
2017-03-14,264.45,2.6445,47360,5830.11759,6532.413793103448,-702.2962031034485,-10.75094483213683
2017-03-15,266.95,2.6694999999999998,47670,5885.233089999999,6575.172413793103,-689.9393237931044,-10.493098589259509
2017-03-16,267.7,2.677,48160,5901.76774,6642.758620689655,-740.9908806896547,-11.154866870847169
2017-03-17,269.15,2.6914999999999996,47740,5933.734729999998,6584.827586206897,-651.0928562068984,-9.887773790322608
2017-03-20,265.4,2.654,47980,5851.061479999999,6617.931034482759,-766.8695544827597,-11.587753793247202
2017-03-21,260.9,2.609,47290,5751.85358,6522.758620689655,-770.9050406896549,-11.81869643687883
2017-03-22,263.95,2.6395,46660,5819.0944899999995,6435.862068965517,-616.7675789655177,-9.583293929489935
2017-03-23,265.1,2.6510000000000002,47120,5844.44762,6499.310344827586,-654.8627248275861,-10.075880210101866
2017-03-24,263.95,2.6395,47100,5819.0944899999995,6496.551724137931,-677.4572341379317,-10.427951056263279
2017-03-27,263.75,2.6375,46260,5814.68525,6380.689655172414,-566.0044051724135,-8.87058352248162
2017-03-28,266.9,2.6689999999999996,46740,5884.130779999999,6446.896551724138,-562.7657717241391,-8.729250845100575
2017-03-29,267.25,2.6725,47530,5891.846949999999,6555.862068965517,-664.015118965518,-10.128570613296876
2017-03-30,267.65,2.6765,47460,5900.665429999999,6546.206896551724,-645.5414665517246,-9.861305588916991
2017-03-31,265.55,2.6555,47750,5854.36841,6586.206896551724,-731.8384865517237,-11.111683827225125
2017-04-05,267.65,2.6765,47420,5900.665429999999,6540.689655172414,-640.0242251724148,-9.7852712621257
2017-04-06,265.85,2.6585,47810,5860.9822699999995,6594.482758620689,-733.5004886206898,-11.122941942062333
2017-04-07,264.45,2.6445,47130,5830.11759,6500.689655172414,-670.5720651724141,-10.315398838319547
2017-04-10,260.7,2.6069999999999998,47050,5747.444339999999,6489.6551724137935,-742.2108324137944,-11.436830042507989
2017-04-11,260.95,2.6094999999999997,46580,5752.955889999999,6424.827586206897,-671.8716962068975,-10.457427645985415
2017-04-12,254.1,2.541,46230,5601.93942,6376.551724137931,-774.6123041379315,-12.147824367293971
2017-04-13,257.1,2.571,46480,5668.07802,6411.0344827586205,-742.9564627586205,-11.58871418889845
2017-04-14,257.1,2.571,46110,5668.07802,6360.0,-691.9219800000001,-10.879276415094342
2017-04-17,259.6,2.596,46480,5723.19352,6411.0344827586205,-687.8409627586207,-10.7290167383821
2017-04-18,252.95,2.5295,45850,5576.58629,6324.137931034483,-747.5516410344826,-11.820609372955285
2017-04-19,252.85,2.5284999999999997,45840,5574.381669999999,6322.758620689655,-748.376950689656,-11.83624103948518
2017-04-20,254.55,2.5455,45560,5611.86021,6284.137931034483,-672.277721034483,-10.698010266681303
2017-04-21,254.6,2.546,46030,5612.962519999999,6348.9655172413795,-736.0029972413804,-11.592486921572904
2017-04-24,255.4,2.5540000000000003,45910,5630.599480000001,6332.413793103448,-701.8143131034476,-11.082887758658233
2017-04-25,258.8,2.588,46030,5705.55656,6348.9655172413795,-643.4089572413795,-10.134075472517926
2017-04-26,259.1,2.591,46230,5712.17042,6376.551724137931,-664.3813041379308,-10.419131418991991
2017-04-27,258.2,2.582,46290,5692.328839999999,6384.827586206897,-692.4987462068975,-10.846005422337452
2017-04-28,261.3,2.613,46330,5760.67206,6390.3448275862065,-629.6727675862066,-9.85350219080509
2017-05-02,264.0,2.64,46790,5820.1968,6453.793103448276,-633.5963034482766,-9.817425090831385
2017-05-03,254.1,2.541,46580,5601.93942,6424.827586206897,-822.888166206897,-12.807941616573643
2017-05-04,251.45,2.5145,45180,5543.51699,6231.724137931034,-688.2071479310343,-11.043607398185037
2017-05-05,253.9,2.539,44980,5597.53018,6204.137931034483,-606.607751034483,-9.777470420186754
2017-05-08,249.4,2.494,44670,5498.32228,6161.379310344828,-663.0570303448276,-10.761503178867247
2017-05-09,249.6,2.496,44730,5502.731519999999,6169.6551724137935,-666.9236524137941,-10.809739503688816
2017-05-10,249.7,2.497,44860,5504.93614,6187.586206896552,-682.6500668965518,-11.032574643334822
2017-05-11,250.75,2.5075,45270,5528.08465,6244.137931034483,-716.053281034483,-11.467608322288497
2017-05-12,252.9,2.529,44930,5575.48398,6197.241379310345,-621.7573993103451,-10.032809136434457
2017-05-15,253.75,2.5375,45430,5594.22325,6266.206896551724,-671.9836465517237,-10.723930084745756
2017-05-16,254.9,2.549,45170,5619.5763799999995,6230.3448275862065,-610.768447586207,-9.803124297099847
2017-05-17,254.5,2.545,45390,5610.7579,6260.689655172414,-649.9317551724143,-10.381152731879277
2017-05-18,253.15,2.5315,44960,5580.995529999999,6201.379310344828,-620.3837803448287,-10.0039644294929
2017-05-19,258.85,2.5885000000000002,45300,5706.65887,6248.275862068966,-541.6169920689654,-8.668263118101544
2017-05-22,260.3,2.603,45800,5738.62586,6317.241379310345,-578.615519310345,-9.159306801310047
2017-05-23,259.9,2.5989999999999998,45770,5729.807379999999,6313.103448275862,-583.296068275863,-9.239450502512577
2017-05-24,259.05,2.5905,45780,5711.06811,6314.482758620689,-603.4146486206891,-9.556042382044554
2017-05-25,259.25,2.5925,45970,5715.477349999999,6340.689655172414,-625.2123051724147,-9.860320236023508
2017-05-26,256.85,2.5685000000000002,46000,5662.566470000001,6344.827586206897,-682.2611162068961,-10.753028461956514
2017-05-31,258.4,2.5839999999999996,45230,5696.738079999999,6238.620689655172,-541.8826096551729,-8.685936148573964
2017-06-01,258.4,2.5839999999999996,45350,5696.738079999999,6255.172413793103,-558.4343337931041,-8.927561014332976
2017-06-02,257.65,2.5765,45380,5680.20343,6259.310344827586,-579.1069148275865,-9.251928454164835
2017-06-05,255.95,2.5595,45280,5642.7248899999995,6245.517241379311,-602.7923513793112,-9.65160014907245
2017-06-06,254.75,2.5475,44920,5616.26945,6195.862068965517,-579.5926189655174,-9.354511325690119
2017-06-07,255.4,2.5540000000000003,44880,5630.599480000001,6190.3448275862065,-559.7453475862058,-9.04223210784312
2017-06-08,261.45,2.6145,45260,5763.97899,6242.758620689655,-478.7796306896553,-7.669359970172341
2017-06-09,264.45,2.6445,45930,5830.11759,6335.172413793103,-505.0548237931034,-7.972234862834748
2017-06-12,261.4,2.614,46370,5762.876679999999,6395.862068965517,-632.9853889655178,-9.89679549277551
2017-06-13,259.9,2.5989999999999998,45830,5729.807379999999,6321.379310344828,-591.5719303448286,-9.358272954396698
2017-06-14,256.45,2.5645,45960,5653.747989999999,6339.310344827586,-685.5623548275871,-10.814462733899058
2017-06-15,256.8,2.568,45600,5661.4641599999995,6289.6551724137935,-628.1910124137939,-9.987686052631592
2017-06-16,257.0,2.57,45490,5665.8733999999995,6274.482758620689,-608.6093586206898,-9.699753462299409
2017-06-19,258.95,2.5894999999999997,45680,5708.863489999999,6300.689655172414,-591.8261651724151,-9.393037866681283
2017-06-20,255.55,2.5555000000000003,45840,5633.9064100000005,6322.758620689655,-688.8522106896544,-10.894804815663164
2017-06-21,259.65,2.5965,45520,5724.295829999999,6278.620689655172,-554.324859655173,-8.828768085456952
2017-06-22,259.4,2.594,45810,5718.78428,6318.620689655172,-599.8364096551722,-9.493154267627153
2017-06-23,262.55,2.6255,46690,5788.22981,6440.0,-651.7701900000002,-10.120655124223605
2017-06-26,262.4,2.6239999999999997,46820,5784.922879999999,6457.931034482759,-673.0081544827599,-10.421420589491689
2017-06-27,264.2,2.642,46720,5824.60604,6444.137931034483,-619.5318910344831,-9.613883154965759
2017-06-28,266.05,2.6605000000000003,46920,5865.39151,6471.724137931034,-606.332627931034,-9.368950452898545
2017-06-29,268.15,2.6814999999999998,47430,5911.688529999999,6542.068965517241,-630.3804355172415,-9.635796241830068
2017-06-30,270.7,2.707,47460,5967.90634,6546.206896551724,-578.3005565517242,-8.834131974294143
2017-07-03,268.9,2.6889999999999996,47600,5928.223179999999,6565.517241379311,-637.2940613793116,-9.70668475840338
2017-07-04,268.25,2.6825,47030,5913.89315,6486.896551724138,-573.0034017241378,-8.833244019774611
2017-07-05,266.35,2.6635000000000004,47140,5872.005370000001,6502.068965517241,-630.0635955172402,-9.690201670555773
2017-07-06,266.35,2.6635000000000004,46960,5872.005370000001,6477.241379310345,-605.2360093103443,-9.344039751916517
2017-07-07,264.9,2.6489999999999996,47130,5840.038379999999,6500.689655172414,-660.6512751724149,-10.162787492043302
2017-07-10,265.25,2.6525,46770,5847.75455,6451.0344827586205,-603.2799327586208,-9.351677384006845
2017-07-11,267.6,2.676,47050,5899.56312,6489.6551724137935,-590.0920524137937,-9.0928105844846
2017-07-12,268.25,2.6825,47250,5913.89315,6517.241379310345,-603.3482293103452,-9.25772415343916
2017-07-13,266.6,2.6660000000000004,47400,5877.516920000001,6537.931034482759,-660.4141144827581,-10.101270738396616
2017-07-14,269.5,2.695,47160,5941.450899999999,6504.827586206897,-563.3766862068978,-8.660901134435981
2017-07-17,272.65,2.7264999999999997,47810,6010.896429999999,6594.482758620689,-583.5863286206904,-8.849614897510993
2017-07-18,272.65,2.7264999999999997,47690,6010.896429999999,6577.931034482759,-567.0346044827602,-8.620257669322733
2017-07-19,270.65,2.7064999999999997,47960,5966.804029999999,6615.172413793103,-648.3683837931039,-9.801231823394502
2017-07-20,271.6,2.716,47790,5987.74792,6591.724137931034,-603.9762179310346,-9.162644025946854
2017-07-21,272.2,2.722,48000,6000.97564,6620.689655172414,-619.7140151724143,-9.36026377083334
2017-07-24,274.35,2.7435,47760,6048.37497,6587.586206896552,-539.2112368965518,-8.18526270414573
2017-07-25,284.7,2.847,48560,6276.55314,6697.931034482759,-421.3778944827591,-6.291165022652395
2017-07-26,287.1,2.8710000000000004,50050,6329.46402,6903.448275862069,-573.9842558620685,-8.314457252747246
2017-07-27,286.75,2.8675,50040,6321.74785,6902.068965517241,-580.3211155172412,-8.40792983113509
2017-07-28,288.0,2.88,49940,6349.3056,6888.275862068966,-538.9702620689659,-7.8244581497797405
2017-07-31,289.15,2.8914999999999997,50710,6374.658729999999,6994.482758620689,-619.8240286206901,-8.861613503253803
2017-08-01,287.45,2.8745,50340,6337.180189999999,6943.448275862069,-606.2680858620697,-8.731512956893138
2017-08-02,288.25,2.8825,50170,6354.817149999999,6920.0,-565.182850000001,-8.16738222543354
2017-08-03,287.8,2.878,49980,6344.89636,6893.793103448276,-548.8967434482765,-7.962187655062033
2017-08-04,288.8,2.888,50420,6366.9425599999995,6954.482758620689,-587.5401986206898,-8.448366600555337
2017-08-07,291.1,2.911,50440,6417.648819999999,6957.241379310345,-539.5925593103457,-7.755840711736729
2017-08-08,294.3,2.943,50450,6488.19666,6958.620689655172,-470.4240296551725,-6.760305678889991
2017-08-09,292.85,2.9285,51310,6456.22967,7077.241379310345,-621.0117093103454,-8.774770790294298
2017-08-10,290.35,2.9035,50790,6401.11417,7005.517241379311,-604.4030713793109,-8.62752956782832
2017-08-11,291.4,2.9139999999999997,49970,6424.262679999999,6892.413793103448,-468.15111310344946,-6.792266499899958
2017-08-14,290.2,2.9019999999999997,50060,6397.807239999999,6904.827586206897,-507.02034620689756,-7.342983439872168
2017-08-15,287.9,2.8789999999999996,50330,6347.100979999998,6942.068965517241,-594.9679855172426,-8.570470683488992
2017-08-16,296.5,2.965,50170,6536.698299999999,6920.0,-383.3017000000009,-5.539041907514464
2017-08-17,291.05,2.9105000000000003,51470,6416.54651,7099.310344827586,-682.7638348275859,-9.617326214299588
2017-08-18,293.8,2.938,51060,6477.17356,7042.758620689655,-565.5850606896547,-8.030731864473163
2017-08-21,298.05,2.9805,51650,6570.86991,7124.137931034483,-553.2680210344824,-7.766104845111322
2017-08-22,298.95,2.9895,52190,6590.71149,7198.620689655172,-607.9091996551724,-8.44480110653382
2017-08-23,298.45,2.9844999999999997,51560,6579.688389999999,7111.724137931034,-532.0357479310351,-7.481107782195509
2017-08-24,303.6,3.036,51890,6693.22632,7157.241379310345,-464.01505931034535,-6.483155097321264
2017-08-25,303.9,3.0389999999999997,52770,6699.840179999999,7278.620689655172,-578.7805096551729,-7.951788317225702
2017-08-28,306.7,3.0669999999999997,52920,6761.5695399999995,7299.310344827586,-537.7408048275865,-7.367008380574457
2017-08-29,307.85,3.0785,52670,6786.92267,7264.827586206897,-477.9049162068968,-6.578338033985194
2017-08-30,306.4,3.0639999999999996,52700,6754.955679999999,7268.9655172413795,-514.0098372413804,-7.071292827324493
2017-08-31,310.3,3.103,52820,6840.9358600000005,7285.517241379311,-444.5813813793102,-6.1022624290041625
2017-09-01,311.95,3.1195,52800,6877.312089999999,7282.758620689655,-405.44653068965545,-5.567210885416671
2017-09-04,315.5,3.155,53150,6955.576099999999,7331.0344827586205,-375.45838275862116,-5.121492521166517
2017-09-05,312.65,3.1264999999999996,53610,6892.744429999999,7394.482758620689,-501.7383286206905,-6.785306626562219
2017-09-06,315.8,3.158,53290,6962.18996,7350.3448275862065,-388.1548675862068,-5.280770857571776
2017-09-07,314.9,3.1489999999999996,52790,6942.3483799999985,7281.379310344828,-339.03093034482936,-4.656136095851511
2017-09-08,304.05,3.0405,51740,6703.14711,7136.551724137931,-433.4046141379313,-6.073025613645152
2017-09-11,307.2,3.072,51530,6772.59264,7107.586206896552,-334.9935668965518,-4.713183310692801
2017-09-12,303.45,3.0345,51700,6689.91939,7131.0344827586205,-441.11509275862045,-6.185849946808507
2017-09-13,298.35,2.9835000000000003,51000,6577.48377,7034.482758620689,-456.9989886206895,-6.496554249999997
2017-09-14,296.4,2.964,50380,6534.49368,6948.9655172413795,-414.47183724137994,-5.964511353711799
2017-09-15,295.0,2.95,50380,6503.629,6948.9655172413795,-445.3365172413796,-6.40867358078603
2017-09-18,296.9,2.969,50700,6545.516779999999,6993.103448275862,-447.5866682758633,-6.400401074950708
2017-09-19,297.65,2.9764999999999997,50730,6562.051429999999,6997.241379310345,-435.1899493103465,-6.219450290755001
2017-09-20,295.85,2.9585000000000004,50810,6522.368270000001,7008.275862068966,-485.90759206896473,-6.933339977366648
2017-09-21,293.75,2.9375,50160,6476.07125,6918.620689655172,-442.54943965517214,-6.396498081140348
2017-09-22,295.35,2.9535,49630,6511.34517,6845.517241379311,-334.1720713793111,-4.8816190157163115
2017-09-25,293.65,2.9364999999999997,50260,6473.866629999999,6932.413793103448,-458.54716310344975,-6.614538266016734
2017-09-26,291.9,2.9189999999999996,50640,6435.285779999998,6984.827586206897,-549.5418062068984,-7.867650266587704
2017-09-27,292.7,2.927,50540,6452.92274,6971.0344827586205,-518.1117427586205,-7.432350880490699
2017-09-28,297.85,2.9785000000000004,50620,6566.46067,6982.068965517241,-415.60829551724055,-5.952509171276164
2017-09-29,294.75,2.9475,51880,6498.117449999999,7155.862068965517,-657.7446189655184,-9.191689451619137
2017-10-09,302.75,3.0275,52110,6674.48705,7187.586206896552,-513.0991568965519,-7.138685257148343
2017-10-10,305.95,3.0595,51870,6745.034889999999,7154.482758620689,-409.4478686206903,-5.7229555571621455
2017-10-11,309.4,3.094,52440,6821.094279999999,7233.103448275862,-412.009168275863,-5.6961603165522625
2017-10-12,312.05,3.1205000000000003,53210,6879.51671,7339.310344827586,-459.7936348275862,-6.264807089832739
2017-10-13,313.35,3.1335,53410,6908.17677,7366.896551724138,-458.71978172413765,-6.226771049428943
2017-10-16,324.25,3.2425,55090,7148.48035,7598.620689655172,-450.1403396551723,-5.923974337447811
2017-10-17,320.15,3.2015,55120,7058.090929999999,7602.758620689655,-544.6676906896555,-7.164079748730049
2017-10-18,317.55,3.1755,54890,7000.77081,7571.0344827586205,-570.2636727586205,-7.532176402805608
2017-10-19,317.2,3.1719999999999997,54620,6993.054639999999,7533.793103448276,-540.7384634482769,-7.177506151592837
2017-10-20,317.0,3.17,55100,6988.645399999999,7600.0,-611.3546000000006,-8.044139473684218
2017-10-23,318.5,3.185,54390,7021.7146999999995,7502.068965517241,-480.3542655172414,-6.402957207207208
2017-10-24,319.85,3.1985,55480,7051.47707,7652.413793103448,-600.9367231034485,-7.852904186193226
2017-10-25,318.65,3.1864999999999997,54590,7025.021629999999,7529.6551724137935,-504.6335424137942,-6.701947577395141
2017-10-26,317.6,3.176,54780,7001.87312,7555.862068965517,-553.988948965517,-7.331909236947788
2017-10-27,310.4,3.1039999999999996,53990,6843.140479999999,7446.896551724138,-603.7560717241386,-8.107485682533811
2017-10-30,310.95,3.1094999999999997,53570,6855.265889999999,7388.9655172413795,-533.6996272413808,-7.222927566735132
2017-10-31,311.2,3.112,53820,6860.77744,7423.448275862069,-562.670835862069,-7.579642437755482
2017-11-01,313.85,3.1385,54460,6919.1998699999995,7511.724137931034,-592.524267931035,-7.88799291681969
2017-11-02,313.8,3.138,54050,6918.097559999999,7455.172413793103,-537.074853793104,-7.204056780758565
2017-11-03,311.5,3.115,54310,6867.3913,7491.0344827586205,-623.6431827586202,-8.32519439329773
2017-11-06,315.8,3.158,54580,6962.18996,7528.275862068966,-566.0859020689659,-7.519462788567245
2017-11-07,308.75,3.0875,54600,6806.764249999999,7531.0344827586205,-724.2702327586212,-9.617141369047626
2017-11-08,309.85,3.0985,53420,6831.0150699999995,7368.275862068966,-537.2607920689661,-7.291540139460883
2017-11-09,309.05,3.0905,53230,6813.37811,7342.068965517241,-528.6908555172413,-7.200842950403907
2017-11-10,307.3,3.073,53580,6774.797259999999,7390.3448275862065,-615.5475675862072,-8.329077762224713
2017-11-13,312.55,3.1255,53650,6890.53981,7400.0,-509.4601899999998,-6.88459716216216
2017-11-14,305.4,3.054,54030,6732.909479999999,7452.413793103448,-719.504313103449,-9.654647917823441
2017-11-15,305.05,3.0505,52850,6725.19331,7289.6551724137935,-564.4618624137938,-7.743327346263018
2017-11-16,305.25,3.0525,52810,6729.6025500000005,7284.137931034483,-554.5353810344823,-7.612917084832412
2017-11-17,307.15,3.0715,52910,6771.49033,7297.931034482759,-526.4407044827594,-7.213560966735977
2017-11-20,308.85,3.0885000000000002,52950,6808.968870000001,7303.448275862069,-494.47940586206823,-6.770492337110472
2017-11-21,312.95,3.1294999999999997,53430,6899.358289999999,7369.6551724137935,-470.29688241379426,-6.381531719071698
2017-11-22,313.7,3.137,54110,6915.89294,7463.448275862069,-547.5553358620691,-7.336492672334136
2017-11-23,314.8,3.148,53850,6940.14376,7427.586206896552,-487.4424468965517,-6.562595617455896
2017-11-24,317.35,3.1735,54340,6996.36157,7495.172413793103,-498.81084379310323,-6.655094989878539
2017-11-27,313.05,3.1305,53770,6901.56291,7416.551724137931,-514.9888141379315,-6.943777017853828
2017-11-28,306.8,3.068,53410,6763.77416,7366.896551724138,-603.1223917241377,-8.186926305935216
2017-11-29,303.65,3.0364999999999998,53150,6694.328629999999,7331.0344827586205,-636.7058527586214,-8.685075131702739
2017-11-30,307.0,3.07,52840,6768.183399999999,7288.275862068966,-520.0924620689666,-7.136015045420151
2017-12-01,309.45,3.0945,52950,6822.19659,7303.448275862069,-481.2516858620693,-6.589376246458928
2017-12-04,308.7,3.0869999999999997,53650,6805.661939999999,7400.0,-594.338060000001,-8.031595405405419
2017-12-05,295.15,2.9515,52580,6506.93593,7252.413793103448,-745.4778631034487,-10.279031014644357
2017-12-06,296.6,2.966,51450,6538.90292,7096.551724137931,-557.6488041379307,-7.858024936831871
2017-12-07,296.5,2.965,51210,6536.698299999999,7063.448275862069,-526.7499758620697,-7.45740543839095
2017-12-08,298.1,2.9810000000000003,51700,6571.972220000001,7131.0344827586205,-559.0622627586199,-7.839847978723394
2017-12-11,301.45,3.0145,51320,6645.82699,7078.620689655172,-432.79369965517253,-6.114096497466877
2017-12-12,302.3,3.023,52070,6664.56626,7182.068965517241,-517.5027055172413,-7.2054822642596505
2017-12-13,305.65,3.0564999999999998,52350,6738.4210299999995,7220.689655172414,-482.26862517241443,-6.678982870105071
2017-12-14,307.35,3.0735,52290,6775.89957,7212.413793103448,-436.5142231034488,-6.052262607573157
2017-12-15,313.95,3.1395,52920,6921.40449,7299.310344827586,-377.90585482758615,-5.177281646825397
2017-12-18,314.5,3.145,53560,6933.5298999999995,7387.586206896552,-454.0563068965521,-6.146206544062738
2017-12-19,314.7,3.147,53390,6937.9391399999995,7364.137931034483,-426.1987910344833,-5.787490606855224
2017-12-20,319.5,3.195,53680,7043.760899999999,7404.137931034483,-360.3770310344835,-4.867238217213124
2017-12-21,321.55,3.2155,54230,7088.95561,7480.0,-391.04439,-5.227866176470589
2017-12-22,324.65,3.2464999999999997,54500,7157.298829999999,7517.241379310345,-359.9425493103463,-4.788226573394515
2017-12-25,324.65,3.2464999999999997,54700,7157.298829999999,7544.827586206897,-387.5287562068979,-5.136350059415009
2017-12-26,327.7,3.2769999999999997,55240,7224.539739999999,7619.310344827586,-394.7706048275868,-5.181185526792188
2017-12-27,328.15,3.2815,54960,7234.460529999999,7580.689655172414,-346.22912517241457,-4.567251014374101
2017-12-28,330.6,3.306,55920,7288.47372,7713.103448275862,-424.62972827586236,-5.505303165236055
2017-12-29,329.5,3.295,55580,7264.2229,7666.206896551724,-401.983996551724,-5.2435839780496565
2018-01-02,327.8,3.278,55390,7226.74436,7640.0,-413.2556400000003,-5.409105235602098
2018-01-03,325.75,3.2575,54970,7181.549649999999,7582.068965517241,-400.5193155172419,-5.282454134073138
2018-01-04,325.9,3.259,55320,7184.85658,7630.3448275862065,-445.48824758620685,-5.83837634671005
2018-01-05,323.15,3.2314999999999996,55010,7124.229529999999,7587.586206896552,-463.3566768965529,-6.10677314579169
2018-01-08,323.05,3.2305,54690,7122.02491,7543.448275862069,-421.42336586206875,-5.5866143764856435
2018-01-09,322.15,3.2215,55010,7102.183329999999,7587.586206896552,-485.4028768965527,-6.397329317396849
2018-01-10,323.65,3.2365,54800,7135.252629999999,7558.620689655172,-423.36805965517306,-5.6011285264598625
2018-01-11,322.75,3.2275,55110,7115.41105,7601.379310344828,-485.9682603448282,-6.393158932135737
2018-01-12,322.3,3.2230000000000003,54800,7105.4902600000005,7558.620689655172,-453.1304296551716,-5.994882509124077
2018-01-15,326.1,3.261,54990,7189.26582,7584.827586206897,-395.5617662068971,-5.2151714948172465
2018-01-16,321.9,3.219,54300,7096.67178,7489.6551724137935,-392.9833924137938,-5.247015828729291
2018-01-17,319.25,3.1925,53580,7038.249349999999,7390.3448275862065,-352.0954775862074,-4.764263181224345
2018-01-18,320.0,3.2,53670,7054.784,7402.758620689655,-347.97462068965524,-4.700607415688467
2018-01-19,318.05,3.1805000000000003,53710,7011.79391,7408.275862068966,-396.48195206896526,-5.3518788912679165
2018-01-22,320.15,3.2015,53900,7058.090929999999,7434.482758620689,-376.3918286206899,-5.062784336734698
2018-01-23,311.95,3.1195,53720,6877.312089999999,7409.6551724137935,-532.343082413794,-7.18445150316457
2018-01-24,323.05,3.2305,52730,7122.02491,7273.103448275862,-151.07853827586223,-2.0772224587521357
2018-01-25,320.25,3.2025,53840,7060.29555,7426.206896551724,-365.9113465517239,-4.927298035846952
2018-01-26,319.95,3.1995,53430,7053.681689999999,7369.6551724137935,-315.97348241379404,-4.287493444694005
2018-01-29,319.5,3.195,53600,7043.760899999999,7393.103448275862,-349.342548275863,-4.7252490205224005
2018-01-30,319.1,3.1910000000000003,52970,7034.94242,7306.206896551724,-271.2644765517234,-3.7127948933358406
2018-01-31,320.1,3.201,53220,7056.98862,7340.689655172414,-283.70103517241387,-3.864773590755356
2018-02-01,321.55,3.2155,52980,7088.95561,7307.586206896552,-218.63059689655165,-2.9918305539826338
2018-02-02,318.15,3.1814999999999998,53670,7013.998529999999,7402.758620689655,-388.76009068965595,-5.251557029066528
2018-02-05,319.0,3.19,53210,7032.7378,7339.310344827586,-306.57254482758617,-4.177130144709641
2018-02-06,321.5,3.215,52930,7087.8533,7300.689655172414,-212.8363551724142,-2.915291092008318
2018-02-07,309.65,3.0965,52890,6826.6058299999995,7295.172413793103,-468.56658379310375,-6.422967919266406
2018-02-08,307.35,3.0735,52120,6775.89957,7188.9655172413795,-413.06594724137994,-5.745832919224874
2018-02-09,305.0,3.05,51560,6724.090999999999,7111.724137931034,-387.633137931035,-5.4506211210240565
2018-02-12,308.7,3.0869999999999997,51710,6805.661939999999,7132.413793103448,-326.7518531034493,-4.58122400889578
2018-02-13,316.4,3.1639999999999997,52140,6975.417679999999,7191.724137931034,-216.30645793103577,-3.0077135021097225
2018-02-14,323.45,3.2344999999999997,52790,7130.843389999999,7281.379310344828,-150.5359203448288,-2.067409400454648
2018-02-22,323.45,3.2344999999999997,52750,7130.843389999999,7275.862068965517,-145.01867896551812,-1.993147720379159
2018-02-23,320.7,3.207,53590,7070.216339999999,7391.724137931034,-321.5077979310354,-4.349564349692119
2018-02-26,319.8,3.198,53600,7050.37476,7393.103448275862,-342.7286882758626,-4.635789160447769
2018-02-27,315.4,3.154,53370,6953.37148,7361.379310344828,-408.0078303448281,-5.542545943413909
2018-02-28,312.9,3.1289999999999996,52590,6898.255979999999,7253.793103448276,-355.53712344827727,-4.901395978322895
2018-03-01,312.55,3.1255,52470,6890.53981,7237.241379310345,-346.7015693103449,-4.790521016771489
2018-03-02,313.35,3.1335,52540,6908.17677,7246.896551724138,-338.71978172413765,-4.673997749333838
2018-03-05,312.75,3.1275,52120,6894.949049999999,7188.9655172413795,-294.01646724138027,-4.089829983691494
2018-03-06,315.65,3.1565,52620,6958.883029999999,7257.931034482759,-299.04800448276,-4.120292726149772
2018-03-07,313.4,3.134,52480,6909.279079999999,7238.620689655172,-329.34160965517276,-4.549784051067078
2018-03-08,307.9,3.0789999999999997,52020,6788.024979999999,7175.172413793103,-387.147433793104,-5.395653392925806
2018-03-09,314.45,3.1445,51190,6932.427589999999,7060.689655172414,-128.26206517241462,-1.8165656817737956
2018-03-12,312.1,3.1210000000000004,51960,6880.619020000001,7166.896551724138,-286.2775317241367,-3.99444208044648
2018-03-13,313.45,3.1345,51740,6910.38139,7136.551724137931,-226.1703341379316,-3.1691823009277234
2018-03-14,314.85,3.1485000000000003,52330,6941.24607,7217.931034482759,-276.6849644827589,-3.8333001958723525
2018-03-15,312.55,3.1255,52120,6890.53981,7188.9655172413795,-298.4257072413793,-4.151163425748273
2018-03-16,311.25,3.1125,52120,6861.879749999999,7188.9655172413795,-327.0857672413804,-4.549830799117436
2018-03-19,307.7,3.077,51420,6783.615739999999,7092.413793103448,-308.7980531034491,-4.353920429793866
2018-03-20,303.75,3.0375,51440,6696.5332499999995,7095.172413793103,-398.63916379310376,-5.618456332620533
2018-03-21,308.0,3.08,50580,6790.2296,6976.551724137931,-186.3221241379315,-2.6706907868722882
2018-03-22,302.4,3.0239999999999996,51240,6666.770879999999,7067.586206896552,-400.8153268965525,-5.671177049180339
2018-03-23,297.65,2.9764999999999997,50110,6562.051429999999,6911.724137931034,-349.6727079310358,-5.059124191778108
2018-03-26,298.55,2.9855,49000,6581.89301,6758.620689655172,-176.72767965517232,-2.6148483214285703
2018-03-27,298.45,2.9844999999999997,49620,6579.688389999999,6844.137931034483,-264.44954103448345,-3.8638838623538994
2018-03-28,299.8,2.998,49260,6609.45076,6794.482758620689,-185.0319986206896,-2.7232683516037346
2018-03-29,302.3,3.023,49880,6664.56626,6880.0,-215.4337400000004,-3.1313043604651223
2018-03-30,302.3,3.023,50180,6664.56626,6921.379310344828,-256.8130503448283,-3.710431675966531
2018-04-02,304.4,3.0439999999999996,50390,6710.863279999999,6950.3448275862065,-239.48154758620785,-3.4456067076801093
2018-04-03,306.55,3.0655,50370,6758.26261,6947.586206896552,-189.32359689655186,-2.725026955529087
2018-04-04,302.45,3.0244999999999997,50280,6667.873189999999,6935.172413793103,-267.2992237931039,-3.8542549174622187
2018-04-09,307.6,3.076,50610,6781.41112,6980.689655172414,-199.2785351724142,-2.8547112823552716
2018-04-10,313.95,3.1395,50950,6921.40449,7027.586206896552,-106.18171689655173,-1.510927276741904
2018-04-11,311.3,3.113,50950,6862.982059999999,7027.586206896552,-164.60414689655227,-2.342257242394512
2018-04-12,306.15,3.0614999999999997,50510,6749.444129999999,6966.896551724138,-217.45242172413873,-3.121223633933886
2018-04-13,306.35,3.0635000000000003,50520,6753.853370000001,6968.275862068966,-214.42249206896486,-3.0771240449326904
2018-04-16,308.65,3.0864999999999996,50490,6804.559629999999,6964.137931034483,-159.57830103448396,-2.291429357298492
2018-04-17,308.65,3.0864999999999996,50820,6804.559629999999,7009.6551724137935,-205.09554241379465,-2.925900595238117
2018-04-18,316.15,3.1614999999999998,51170,6969.906129999999,7057.931034482759,-88.02490448275967,-1.2471771692398037
2018-04-19,312.75,3.1275,51940,6894.949049999999,7164.137931034483,-269.18888103448353,-3.757449725644986
2018-04-20,313.7,3.137,51400,6915.89294,7089.6551724137935,-173.76223241379375,-2.4509264299610987
2018-04-23,310.6,3.1060000000000003,51860,6847.54972,7153.103448275862,-305.55372827586234,-4.2716246239876625
2018-04-24,313.4,3.134,51530,6909.279079999999,7107.586206896552,-198.3071268965523,-2.7900769842810096
2018-04-25,312.85,3.1285000000000003,51550,6897.153670000001,7110.3448275862065,-213.19115758620592,-2.998323748787571
2018-04-26,311.55,3.1155,51590,6868.4936099999995,7115.862068965517,-247.36845896551768,-3.476296428571435
2018-04-27,305.15,3.0515,51560,6727.397929999999,7111.724137931034,-384.32620793103524,-5.4041214264934165
2018-05-02,306.25,3.0625,51190,6751.648749999999,7060.689655172414,-309.04090517241457,-4.376922372533709
2018-05-03,309.2,3.092,51060,6816.685039999999,7042.758620689655,-226.0735806896555,-3.210014610262441
2018-05-04,308.05,3.0805000000000002,51480,6791.33191,7100.689655172414,-309.35774517241407,-4.356728151709405
2018-05-07,307.25,3.0725,51340,6773.694949999999,7081.379310344828,-307.68436034482875,-4.34497781943905
2018-05-08,306.9,3.069,51370,6765.9787799999995,7085.517241379311,-319.53846137931123,-4.5097407922912325
2018-05-09,306.2,3.062,50870,6750.546439999999,7016.551724137931,-266.005284137932,-3.7911112836642555
2018-05-10,311.0,3.11,51070,6856.368199999999,7044.137931034483,-187.7697310344838,-2.6656168983747945
2018-05-11,311.05,3.1105,51440,6857.47051,7095.172413793103,-237.70190379310316,-3.3501920732892647
2018-05-14,308.8,3.088,51560,6807.8665599999995,7111.724137931034,-303.85757793103494,-4.272628859581077
2018-05-15,305.9,3.0589999999999997,51210,6743.932579999999,7063.448275862069,-319.51569586207006,-4.523508679945339
2018-05-16,307.65,3.0765,51020,6782.513429999999,7037.241379310345,-254.72794931034605,-3.619713117404957
2018-05-17,308.3,3.083,51050,6796.84346,7041.379310344828,-244.53585034482785,-3.4728401860920703
2018-05-18,306.15,3.0614999999999997,51290,6749.444129999999,7074.482758620689,-325.03862862069036,-4.594521461298509
2018-05-21,310.05,3.1005000000000003,51370,6835.42431,7085.517241379311,-250.09293137931036,-3.5296354925053537
2018-05-22,312.2,3.122,51440,6882.82364,7095.172413793103,-212.34877379310365,-2.9928627721617445
2018-05-23,307.0,3.07,51770,6768.183399999999,7140.689655172414,-372.50625517241497,-5.21667056210162
2018-05-24,310.0,3.1,51430,6834.322,7093.793103448276,-259.47110344827615,-3.657720202216609
2018-05-25,307.7,3.077,51490,6783.615739999999,7102.068965517241,-318.45322551724166,-4.483950058263745
2018-05-28,307.05,3.0705,51610,6769.28571,7118.620689655172,-349.334979655172,-4.907340830265447
2018-05-29,305.5,3.055,51710,6735.1141,7132.413793103448,-397.2996931034486,-5.57033992457939
2018-05-30,307.25,3.0725,50780,6773.694949999999,7004.137931034483,-230.44298103448364,-3.2900977008664958
2018-05-31,306.45,3.0645,51380,6756.057989999999,7086.896551724138,-330.83856172413834,-4.668313687232392
2018-06-01,309.15,3.0915,51480,6815.582729999999,7100.689655172414,-285.1069251724148,-4.015200480769245
2018-06-04,313.8,3.138,51760,6918.097559999999,7139.310344827586,-221.2127848275868,-3.0985175618238108
2018-06-05,321.35,3.2135000000000002,52290,7084.54637,7212.413793103448,-127.86742310344835,-1.772879742780647
2018-06-06,326.85,3.2685000000000004,53090,7205.80047,7322.758620689655,-116.95815068965476,-1.5971870267470278
2018-06-07,326.3,3.263,54160,7193.67506,7470.3448275862065,-276.66976758620694,-3.703574252215658
2018-06-08,329.95,3.2995,53780,7274.14369,7417.931034482759,-143.78734448275918,-1.938375320751216
2018-06-11,325.1,3.2510000000000003,54160,7167.219620000001,7470.3448275862065,-303.12520758620576,-4.057713727843412
2018-06-12,324.55,3.2455000000000003,53970,7155.09421,7444.137931034483,-289.0437210344826,-3.882836719473779
2018-06-13,325.55,3.2555,53530,7177.14041,7383.448275862069,-206.30786586206887,-2.794193961330094
2018-06-14,320.1,3.201,53630,7056.98862,7397.241379310345,-340.252759310345,-4.599724976692152
2018-06-15,313.6,3.136,53660,6913.68832,7401.379310344828,-487.6909903448277,-6.589190607528887
2018-06-19,303.85,3.0385000000000004,51680,6698.737870000001,7128.275862068966,-429.53799206896474,-6.025832899574293
2018-06-20,303.9,3.0389999999999997,51980,6699.840179999999,7169.6551724137935,-469.81499241379424,-6.552825500192397
2018-06-21,302.8,3.028,51780,6675.58936,7142.068965517241,-466.479605517241,-6.531435187331011
2018-06-22,302.7,3.0269999999999997,51870,6673.384739999999,7154.482758620689,-481.0980186206907,-6.724427674956638
2018-06-25,298.35,2.9835000000000003,51680,6577.48377,7128.275862068966,-550.7920920689658,-7.7268627467105295
2018-06-26,299.3,2.9930000000000003,51630,6598.42766,7121.379310344828,-522.9516503448276,-7.3434039608754595
2018-06-27,297.6,2.9760000000000004,51480,6560.94912,7100.689655172414,-539.7405351724137,-7.601241025641024
2018-06-28,294.85,2.9485,51640,6500.32207,7122.758620689655,-622.4365506896547,-8.73870060515104
2018-06-29,296.45,2.9644999999999997,51660,6535.595989999999,7125.517241379311,-589.9212513793118,-8.278995494579966
2018-07-02,294.5,2.945,51210,6492.6059,7063.448275862069,-570.8423758620693,-8.081638791251713
2018-07-03,292.35,2.9235,51430,6445.20657,7093.793103448276,-648.586533448276,-9.143014519735564
2018-07-04,286.1,2.861,50100,6307.417820000001,6910.3448275862065,-602.927007586206,-8.724991626746494
2018-07-05,283.45,2.8345,49330,6248.995389999999,6804.137931034483,-555.1425410344837,-8.158896052098127
2018-07-06,281.95,2.8194999999999997,49080,6215.926089999999,6769.6551724137935,-553.7290824137945,-8.179575891401813
2018-07-09,287.1,2.8710000000000004,49990,6329.46402,6895.172413793103,-565.7083937931029,-8.204412592518496
2018-07-10,283.0,2.83,49760,6239.0746,6863.448275862069,-624.3736758620689,-9.097084304662378
2018-07-11,275.1,2.7510000000000003,48120,6064.90962,6637.241379310345,-572.3317593103448,-8.623036689526183
2018-07-12,277.55,2.7755,49000,6118.92281,6758.620689655172,-639.6978796551721,-9.464917607142853
2018-07-13,277.7,2.7769999999999997,48720,6122.229739999999,6720.0,-597.7702600000011,-8.89539077380954
2018-07-16,276.75,2.7675,48720,6101.28585,6720.0,-618.7141499999998,-9.207055803571425
2018-07-17,274.45,2.7445,48810,6050.579589999999,6732.413793103448,-681.834203103449,-10.127633625281716
2018-07-18,276.4,2.764,48260,6093.56968,6656.551724137931,-562.9820441379316,-8.457562826357238
2018-07-19,271.6,2.716,48670,5987.74792,6713.103448275862,-725.3555282758625,-10.805070022601198
2018-07-20,275.05,2.7505,48590,6063.80731,6702.068965517241,-638.2616555172408,-9.523352546820325
2018-07-23,274.15,2.7415,49020,6043.965729999999,6761.379310344828,-717.4135803448289,-10.610461969604263
2018-07-24,280.25,2.8025,49310,6178.44755,6801.379310344828,-622.931760344828,-9.158903391806941
2018-07-25,286.35,2.8635,49910,6312.92937,6884.137931034483,-571.208561034483,-8.297459562211984
2018-07-26,280.5,2.805,50140,6183.9591,6915.862068965517,-731.9029689655172,-10.582960759872357
2018-07-27,279.6,2.7960000000000003,50090,6164.117520000001,6908.9655172413795,-744.8479972413788,-10.780890357356752
2018-07-30,279.4,2.7939999999999996,49360,6159.708279999999,6808.275862068966,-648.5675820689667,-9.526164850081054
2018-07-31,282.65,2.8265,49830,6231.358429999999,6873.103448275862,-641.745018275863,-9.33704873068434
2018-08-01,274.2,2.742,49820,6045.06804,6871.724137931034,-826.6560979310343,-12.02982077478924
2018-08-02,272.7,2.727,49340,6011.998739999999,6805.517241379311,-793.5185013793116,-11.659929337251741
2018-08-03,275.35,2.7535000000000003,49230,6070.4211700000005,6790.3448275862065,-719.923657586206,-10.602166397521824
2018-08-06,272.4,2.7239999999999998,49300,6005.38488,6800.0,-794.6151200000004,-11.68551647058824
2018-08-07,275.25,2.7525,49480,6068.216549999999,6824.827586206897,-756.6110362068976,-11.086156047898154
2018-08-08,275.45,2.7544999999999997,49470,6072.625789999999,6823.448275862069,-750.8224858620697,-11.003563821507996
2018-08-09,276.35,2.7635,49950,6092.46737,6889.6551724137935,-797.1878024137932,-11.57079392892893
2018-08-10,274.55,2.7455000000000003,49600,6052.784210000001,6841.379310344828,-788.5951003448272,-11.526843704637091
2018-08-13,273.5,2.735,49730,6029.6357,6859.310344827586,-829.6746448275862,-12.095598582344662
2018-08-14,268.45,2.6845,49520,5918.30239,6830.3448275862065,-912.0424375862067,-13.352802246567041
2018-08-15,258.4,2.5839999999999996,48550,5696.738079999999,6696.551724137931,-999.813644137932,-14.9302758393409
2018-08-16,260.6,2.6060000000000003,47580,5745.2397200000005,6562.758620689655,-817.5189006896544,-12.456939953762074
2018-08-17,266.0,2.66,47700,5864.2892,6579.310344827586,-715.0211448275859,-10.867721802935005
2018-08-20,266.55,2.6655,48250,5876.41461,6655.172413793103,-778.7578037931034,-11.70154212953368
2018-08-21,268.6,2.6860000000000004,48700,5921.6093200000005,6717.241379310345,-795.6320593103446,-11.844625112936342
2018-08-22,266.7,2.667,48290,5879.72154,6660.689655172414,-780.9681151724144,-11.72503382687928
2018-08-23,264.4,2.6439999999999997,47990,5829.015279999999,6619.310344827586,-790.2950648275873,-11.939235715774137
2018-08-24,269.1,2.6910000000000003,48510,5932.63242,6691.0344827586205,-758.4020627586206,-11.334601020408162
2018-08-27,270.7,2.707,48790,5967.90634,6729.6551724137935,-761.7488324137939,-11.319284761221574
2018-08-28,272.25,2.7225,48650,6002.07795,6710.3448275862065,-708.2668775862066,-10.554850693730726
2018-08-29,270.55,2.7055000000000002,48830,5964.59941,6735.172413793103,-770.5730037931035,-11.441028624820808
2018-08-30,267.25,2.6725,48800,5891.846949999999,6731.0344827586205,-839.1875327586213,-12.467437730532795
2018-08-31,266.55,2.6655,48580,5876.41461,6700.689655172414,-824.2750451724141,-12.301346392548378
2018-09-03,265.5,2.655,48170,5853.266099999999,6644.137931034483,-790.8718310344839,-11.903302418517766
2018-09-04,259.85,2.5985,47680,5728.70507,6576.551724137931,-847.8466541379312,-12.891963595847317
2018-09-05,262.05,2.6205000000000003,47410,5777.20671,6539.310344827586,-762.1036348275857,-11.654189733178647
2018-09-06,263.55,2.6355,47490,5810.27601,6550.3448275862065,-740.0688175862069,-11.298165777005686
2018-09-07,261.95,2.6195,47560,5775.00209,6560.0,-784.99791,-11.96643155487805
2018-09-10,262.7,2.627,47460,5791.53674,6546.206896551724,-754.6701565517242,-11.528357848714709
2018-09-11,262.45,2.6245,47910,5786.025189999999,6608.275862068966,-822.2506720689662,-12.442741332707168
2018-09-12,268.4,2.6839999999999997,47730,5917.200079999999,6583.448275862069,-666.2481958620701,-10.120049067672342
2018-09-13,267.65,2.6765,48620,5900.665429999999,6706.206896551724,-805.5414665517246,-12.011879128959285
2018-09-14,261.3,2.613,48420,5760.67206,6678.620689655172,-917.9486296551722,-13.744583983890951
2018-09-17,264.9,2.6489999999999996,47930,5840.038379999999,6611.0344827586205,-770.9961027586214,-11.662261099520146
2018-09-18,273.75,2.7375,48680,6035.147249999999,6714.482758620689,-679.3355086206902,-10.11746597678719
2018-09-19,272.75,2.7275,49640,6013.10105,6846.896551724138,-833.7955017241375,-12.177714318090244
2018-09-20,276.55,2.7655000000000003,49340,6096.87661,6805.517241379311,-708.6406313793104,-10.412737287190922
2018-09-21,284.45,2.8445,49740,6271.04159,6860.689655172414,-589.6480651724141,-8.59458880679534
2018-09-25,282.2,2.822,50360,6221.43764,6946.206896551724,-724.7692565517236,-10.434029209690223
2018-09-26,281.8,2.818,50530,6212.61916,6969.6551724137935,-757.0360124137933,-10.861886186423908
2018-09-27,277.6,2.7760000000000002,50130,6120.02512,6914.482758620689,-794.4576386206891,-11.489762377817666
2018-09-28,280.3,2.803,50170,6179.549859999999,6920.0,-740.4501400000008,-10.700146531791919
2018-10-08,277.1,2.7710000000000004,50010,6109.002020000001,6897.931034482759,-788.9290144827582,-11.437183273345324
2018-10-09,281.15,2.8114999999999997,50500,6198.289129999999,6965.517241379311,-767.2281113793115,-11.014661004950511
2018-10-10,274.9,2.7489999999999997,50770,6060.500379999999,7002.758620689655,-942.2582406896563,-13.455529338191862
2018-10-11,277.5,2.775,49980,6117.8205,6893.793103448276,-775.9726034482765,-11.25610519207684
2018-10-12,281.2,2.812,50800,6199.391439999999,7006.896551724138,-807.5051117241383,-11.524433188976383
2018-10-15,277.9,2.779,50570,6126.63898,6975.172413793103,-848.5334337931035,-12.165053183705755
2018-10-16,278.35,2.7835,50190,6136.55977,6922.758620689655,-786.198850689655,-11.35672776947599
2018-10-17,277.65,2.7765,50290,6121.12743,6936.551724137931,-815.4242941379316,-11.755470535891835
2018-10-18,273.1,2.7310000000000003,50130,6020.817220000001,6914.482758620689,-893.6655386206885,-12.92454648912825
2018-10-19,278.15,2.7815,50270,6132.150529999999,6933.793103448276,-801.6425734482773,-11.561385831509867
2018-10-22,278.1,2.781,50510,6131.04822,6966.896551724138,-835.848331724138,-11.997427054048705
2018-10-23,276.0,2.76,50060,6084.751199999999,6904.827586206897,-820.076386206898,-11.876855373551757
2018-10-24,274.6,2.7460000000000004,50330,6053.886520000001,6942.068965517241,-888.18244551724,-12.794203715477828
2018-10-25,275.45,2.7544999999999997,49760,6072.625789999999,6863.448275862069,-790.8224858620697,-11.522232762258854
2018-10-26,274.85,2.7485000000000004,49750,6059.39807,6862.068965517241,-802.6708955172408,-11.697214055276374
2018-10-29,271.15,2.7114999999999996,49770,5977.827129999999,6864.827586206897,-887.000456206898,-12.920942952581896
2018-10-30,267.1,2.6710000000000003,49700,5888.54002,6855.172413793103,-966.6323937931029,-14.100774356136814
2018-10-31,265.35,2.6535,49060,5849.95917,6766.896551724138,-916.9373817241376,-13.550338396860981
2018-11-01,271.9,2.719,48730,5994.361779999999,6721.379310344828,-727.0175303448286,-10.81649311512417
2018-11-02,281.8,2.818,49830,6212.61916,6873.103448275862,-660.4842882758621,-9.609695143487858
2018-11-05,275.15,2.7514999999999996,49770,6066.011929999999,6864.827586206897,-798.815656206898,-11.636354244524835
2018-11-06,273.3,2.733,49660,6025.22646,6849.6551724137935,-824.4287124137936,-12.03606154853001
2018-11-07,274.3,2.7430000000000003,49470,6047.2726600000005,6823.448275862069,-776.1756158620683,-11.37512273094804
2018-11-08,273.2,2.7319999999999998,49370,6023.021839999999,6809.6551724137935,-786.633332413794,-11.551735183309715
2018-11-09,267.85,2.6785,49180,5905.07467,6783.448275862069,-878.3736058620689,-12.94877723159821
2018-11-12,266.85,2.6685000000000003,48920,5883.02847,6747.586206896552,-864.5577368965514,-12.812844628986095
2018-11-13,268.2,2.682,49100,5912.79084,6772.413793103448,-859.6229531034487,-12.693006945010191
2018-11-14,271.05,2.7105,48820,5975.62251,6733.793103448276,-758.1705934482761,-11.25919050081934
2018-11-15,274.5,2.745,49520,6051.6819,6830.3448275862065,-778.6629275862069,-11.400052958400646
2018-11-16,279.05,2.7905,49580,6151.99211,6838.620689655172,-686.628579655172,-10.040454220451789
2018-11-19,279.95,2.7995,49780,6171.8336899999995,6866.206896551724,-694.3732065517243,-10.112908291482526
2018-11-20,275.8,2.758,49580,6080.34196,6838.620689655172,-758.2787296551724,-11.088182311415894
2018-11-21,278.6,2.786,49410,6142.07132,6815.172413793103,-673.1010937931032,-9.876508662214125
2018-11-22,280.05,2.8005,49570,6174.03831,6837.241379310345,-663.2030693103452,-9.699863329634866
2018-11-23,275.25,2.7525,49400,6068.216549999999,6813.793103448276,-745.5765534482771,-10.942166017206494
2018-11-26,274.5,2.745,49300,6051.6819,6800.0,-748.3181000000004,-11.004677941176478
2018-11-27,271.45,2.7144999999999997,48880,5984.440989999999,6742.068965517241,-757.6279755172418,-11.23732164995909
2018-11-28,278.9,2.7889999999999997,49280,6148.6851799999995,6797.241379310345,-648.5561993103456,-9.541461941964297
2018-11-29,277.8,2.778,49560,6124.43436,6835.862068965517,-711.427708965517,-10.407285895883774
2018-11-30,279.195,2.79195,49650,6155.188808999999,6848.275862068966,-693.0870530689663,-10.12060651510575
2018-12-03,279.15,2.7914999999999996,50280,6154.196729999999,6935.172413793103,-780.9756837931045,-11.261085337112188
2018-12-04,275.802,2.75802,49660,6080.3860524,6849.6551724137935,-769.2691200137933,-11.230771486306889
2018-12-05,277.303,2.77303,49350,6113.477398599999,6806.896551724138,-693.4191531241386,-10.187008835157052
2018-12-06,274.75,2.7475,48980,6057.19345,6755.862068965517,-698.6686189655175,-10.34166493977134
2018-12-07,274.853,2.74853,49180,6059.4642086,6783.448275862069,-723.9840672620685,-10.672802943574618
2018-12-10,273.103,2.73103,48930,6020.8833586,6748.9655172413795,-728.0821586413795,-10.78805569211118
2018-12-11,276.298,2.76298,49090,6091.320967600001,6771.0344827586205,-679.7135151586199,-10.038547534935821
2018-12-12,276.404,2.76404,49080,6093.6578647999995,6769.6551724137935,-675.997307613794,-9.985697799918512
2018-12-13,276.746,2.76746,49340,6101.197665199999,6805.517241379311,-704.3195761793113,-10.349243873733291
2018-12-14,275.348,2.75348,48890,6070.3770776,6743.448275862069,-673.0711982620687,-9.981113085293511
2018-12-17,274.3,2.7430000000000003,49230,6047.2726600000005,6790.3448275862065,-743.072167586206,-10.943069703432853
2018-12-18,265.248,2.6524799999999997,48930,5847.710457599999,6748.9655172413795,-901.2550596413803,-13.353973395462921
2018-12-19,267.503,2.67503,48090,5897.4246385999995,6633.103448275862,-735.6788096758628,-11.091019692555635
2018-12-20,270.304,2.7030399999999997,48220,5959.176044799999,6651.0344827586205,-691.8584379586218,-10.402268094566587
2018-12-21,266.695,2.66695,48410,5879.611309,6677.241379310345,-797.6300703103452,-11.945503015389388
2018-12-24,266.148,2.66148,48100,5867.5520375999995,6634.482758620689,-766.9307210206898,-11.559766585031188
2018-12-25,266.147,2.66147,48010,5867.5299914,6622.068965517241,-754.5389741172412,-11.394308607269316
2018-12-26,270.098,2.70098,48040,5954.634527599999,6626.206896551724,-671.5723689517245,-10.135095076810996
2018-12-27,268.25,2.6825,48280,5913.89315,6659.310344827586,-745.4171948275862,-11.193609491507871
2018-12-28,267.754,2.67754,48340,5902.958234799999,6667.586206896552,-764.6279720965522,-11.467837810715771
2019-01-02,260.404,2.60404,47680,5740.9186647999995,6576.551724137931,-835.6330593379316,-12.706249329278533
2019-01-03,257.598,2.57598,47310,5679.0570276,6525.517241379311,-846.4602137793108,-12.971542062777432
2019-01-04,264.299,2.6429899999999997,47140,5826.788613799999,6502.068965517241,-675.2803517172415,-10.385622719452698
2019-01-07,263.653,2.63653,47430,5812.5467686,6542.068965517241,-729.5221969172408,-11.151245894265225
2019-01-08,265.047,2.6504700000000003,47340,5843.2791714,6529.6551724137935,-686.376001013793,-10.511673019328262
2019-01-09,266.004,2.6600400000000004,47680,5864.377384800001,6576.551724137931,-712.1743393379302,-10.828993205117436
2019-01-10,263.598,2.63598,47510,5811.334227599999,6553.103448275862,-741.7692206758629,-11.31935771395497
2019-01-11,265.701,2.65701,47320,5857.6973861999995,6526.896551724138,-669.1991655241382,-10.252945794695693
2019-01-14,262.95,2.6294999999999997,46890,5797.048289999999,6467.586206896552,-670.5379168965528,-10.367668793985942
2019-01-15,264.048,2.64048,47000,5821.2550176,6482.758620689655,-661.5036030896545,-10.204044941276585
2019-01-16,267.052,2.6705200000000002,47380,5887.481802400001,6535.172413793103,-647.6906113931027,-9.910841985225822
2019-01-17,269.697,2.69697,47380,5945.7940014,6535.172413793103,-589.3784123931036,-9.01855949736176
2019-01-18,271.202,2.71202,47860,5978.973532399999,6601.379310344828,-622.4057779448285,-9.4284201631843
2019-01-21,267.554,2.67554,47800,5898.5489947999995,6593.103448275862,-694.5544534758628,-10.534560225313818
2019-01-22,266.295,2.6629500000000004,47530,5870.792829000001,6555.862068965517,-685.0692399655163,-10.449720155165144
2019-01-23,265.554,2.65554,47540,5854.456594799999,6557.241379310345,-702.7847845103461,-10.717689709087102
2019-01-24,264.646,2.6464600000000003,47320,5834.4386452,6526.896551724138,-692.4579065241378,-10.60929801838546
2019-01-25,273.302,2.7330200000000002,47380,6025.2705524,6535.172413793103,-509.901861393103,-7.802424008231315
2019-01-28,267.896,2.67896,47540,5906.088795199999,6557.241379310345,-651.1525841103457,-9.930282361800602
2019-01-29,272.104,2.72104,47580,5998.859204799999,6562.758620689655,-563.8994158896558,-8.592414386717117
2019-01-30,277.398,2.7739800000000003,47700,6115.571787600001,6579.310344827586,-463.73855722758526,-7.048437190566023
2019-01-31,278.499,2.78499,48090,6139.8446538,6633.103448275862,-493.2587944758625,-7.43631994167187
2019-02-01,277.103,2.77103,48270,6109.0681586,6657.931034482759,-548.862875882759,-8.243745287238456
2019-02-11,278.799,2.7879899999999997,48190,6146.458513799999,6646.896551724138,-500.43803792413837,-7.528897644635824
2019-02-12,277.351,2.77351,48110,6114.5356162,6635.862068965517,-521.3264527655174,-7.856197843587615
2019-02-13,277.854,2.77854,48120,6125.624854799999,6637.241379310345,-511.6165245103457,-7.7082705791770705
2019-02-14,277.049,2.7704899999999997,48340,6107.877663799999,6667.586206896552,-559.7085430965526,-8.394470288477466
2019-02-15,281.497,2.81497,48200,6205.939161400001,6648.275862068966,-442.336700668965,-6.653404729979245
2019-02-18,283.596,2.83596,49230,6252.2141352,6790.3448275862065,-538.1306923862066,-7.924939101767212
2019-02-19,287.355,2.8735500000000003,49360,6335.085801,6808.275862068966,-473.1900610689654,-6.950218684663693
2019-02-20,291.55,2.9155,49710,6427.5696100000005,6856.551724137931,-428.9821141379307,-6.2565285204184224
2019-02-21,289.95,2.8994999999999997,49670,6392.295689999999,6851.0344827586205,-458.73879275862146,-6.695905471109333
2019-02-22,294.95,2.9495,49920,6502.52669,6885.517241379311,-382.990551379311,-5.562262615184304
2019-02-25,294.55,2.9455,50520,6493.70821,6968.275862068966,-474.5676520689658,-6.810402766231199
2019-02-26,294.301,2.9430099999999997,50190,6488.218706199999,6922.758620689655,-434.53991448965553,-6.27697625034868
2019-02-27,296.853,2.96853,50080,6544.4806086,6907.586206896552,-363.10559829655176,-5.256620582368211
2019-02-28,294.398,2.9439800000000003,50160,6490.3571876000005,6918.620689655172,-428.26350205517156,-6.190012739035076
2019-03-01,292.603,2.92603,50500,6450.7842586,6965.517241379311,-514.732982779311,-7.3897309408910985
2019-03-04,291.049,2.91049,50010,6416.5244637999995,6897.931034482759,-481.4065706827596,-6.978999475005013
2019-03-05,293.646,2.9364600000000003,49880,6473.7784452000005,6880.0,-406.22155479999947,-5.904383063953481
2019-03-06,292.549,2.92549,49400,6449.5937638,6813.793103448276,-364.1993396482767,-5.34503079443321
2019-03-07,291.397,2.91397,49210,6424.1965414,6787.586206896552,-363.38966549655197,-5.353739229526522
2019-03-08,289.95,2.8994999999999997,49040,6392.295689999999,6764.137931034483,-371.8422410344838,-5.497259884787943
2019-03-11,290.701,2.90701,49190,6408.8523862,6784.827586206897,-375.97520000689656,-5.541411262553365
2019-03-12,293.151,2.9315100000000003,49450,6462.8655762,6820.689655172414,-357.8240789724141,-5.246156870677456
2019-03-13,293.248,2.93248,49340,6465.004057599999,6805.517241379311,-340.5131837793115,-5.00348719578437
2019-03-14,288.946,2.88946,49110,6370.1613052,6773.793103448276,-403.631798248276,-5.958726404601916
2019-03-15,290.848,2.90848,49320,6412.0931776,6802.758620689655,-390.6654430896551,-5.742750329278183
2019-03-18,291.201,2.9120100000000004,49350,6419.8754862000005,6806.896551724138,-387.02106552413716,-5.6857198075987725
2019-03-19,291.901,2.91901,49330,6435.3078262,6804.137931034483,-368.8301048344829,-5.420673545611192
2019-03-20,292.704,2.92704,49190,6453.010924799999,6784.827586206897,-331.81666140689777,-4.890568805041693
2019-03-21,291.004,2.9100400000000004,49420,6415.532384800001,6816.551724137931,-401.01933933793043,-5.883023492917838
2019-03-22,284.855,2.8485500000000004,48940,6279.970301,6750.3448275862065,-470.37452658620623,-6.968155532795251
2019-03-25,285.797,2.8579700000000003,48120,6300.7378214,6637.241379310345,-336.5035579103451,-5.069930995116379
2019-03-26,286.299,2.86299,48230,6311.8050138,6652.413793103448,-340.6087793034485,-5.120078063342321
2019-03-27,286.146,2.86146,48390,6308.4319452,6674.482758620689,-366.05081342068934,-5.484332294482327
2019-03-28,287.797,2.8779700000000004,48360,6344.8302214000005,6670.3448275862065,-325.51460618620604,-4.880026664288656
2019-03-29,293.153,2.9315300000000004,48800,6462.9096686,6731.0344827586205,-268.1248141586202,-3.9834116857581896
2019-04-01,292.902,2.92902,49460,6457.376072399999,6822.068965517241,-364.6928931172415,-5.345781389203399
2019-04-02,290.853,2.9085300000000003,49270,6412.2034086,6795.862068965517,-383.6586603655169,-5.6454745030444435
2019-04-03,294.304,2.94304,49510,6488.2848447999995,6828.9655172413795,-340.68067244138,-4.988759594425378
2019-04-04,291.603,2.91603,49520,6428.7380586,6830.3448275862065,-401.6067689862066,-5.87974368972132
2019-04-08,293.398,2.93398,49260,6468.3109876,6794.482758620689,-326.17177102068945,-4.800538651847338
2019-04-09,293.301,2.93301,49790,6466.1725062,6867.586206896552,-401.41370069655204,-5.845047861116695
2019-04-10,292.1,2.9210000000000003,49490,6439.69502,6826.206896551724,-386.5118765517236,-5.662176409375625
2019-04-11,289.35,2.8935000000000004,49170,6379.067970000001,6782.068965517241,-403.00099551723997,-5.942154194630852
2019-04-12,294.152,2.9415199999999997,49200,6484.933822399999,6786.206896551724,-301.27307415172436,-4.439491438211386
2019-04-15,293.354,2.93354,49320,6467.340954799999,6802.758620689655,-335.41766588965584,-4.930612485198712
2019-04-16,293.302,2.9330200000000004,49450,6466.1945524,6820.689655172414,-354.4951027724137,-5.197349838422648
2019-04-17,296.196,2.9619600000000004,49470,6529.996255200001,6823.448275862069,-293.4520206620682,-4.3006410952092065
2019-04-18,291.845,2.9184500000000004,49500,6434.073239,6827.586206896552,-393.51296789655134,-5.763573772222217
2019-04-19,291.849,2.91849,49530,6434.161423799999,6831.724137931034,-397.56271413103514,-5.819361351605097
2019-04-23,289.4,2.8939999999999997,49160,6380.170279999999,6780.689655172414,-400.5193751724146,-5.90676458502849
2019-04-24,290.898,2.90898,48960,6413.1954876,6753.103448275862,-339.90796067586234,-5.033359303308827
2019-04-25,286.054,2.86054,49180,6306.403694799999,6783.448275862069,-477.0445810620695,-7.032479082350557
2019-04-26,288.403,2.88403,48970,6358.1902186,6754.482758620689,-396.29254002068956,-5.867104176332448
2019-04-29,288.899,2.88899,48850,6369.1251338,6737.931034482759,-368.8059006827589,-5.473577850460598
2019-04-30,290.701,2.90701,48940,6408.8523862,6750.3448275862065,-341.49244138620634,-5.058888843583972
2019-05-06,283.047,2.83047,48010,6240.1107714,6622.068965517241,-381.95819411724096,-5.767958565611325
2019-05-07,278.748,2.78748,48280,6145.334157599999,6659.310344827586,-513.9761872275867,-7.718159398094457
2019-05-08,277.052,2.7705200000000003,47840,6107.9438024,6598.620689655172,-490.676887255172,-7.43605232566889
2019-05-09,276.698,2.7669799999999998,47560,6100.1394476,6560.0,-459.8605524000004,-7.01006939634147
2019-05-10,277.7,2.7769999999999997,47760,6122.229739999999,6587.586206896552,-465.3564668965528,-7.064142347152445
2019-05-13,271.85,2.7185,47660,5993.25947,6573.793103448276,-580.5336334482763,-8.831029883550153
2019-05-14,272.354,2.72354,47490,6004.370754799999,6550.3448275862065,-545.9740727862072,-8.335043225310597
2019-05-15,274.746,2.74746,47730,6057.105265199999,6583.448275862069,-526.3430106620699,-7.994944117536155
2019-05-16,274.848,2.7484800000000003,47790,6059.353977600001,6591.724137931034,-532.3701603310337,-8.076341624607647
2019-05-17,273.449,2.73449,47630,6028.5113438,6569.6551724137935,-541.1438286137936,-8.23702027598153
2019-05-20,272.901,2.72901,47620,6016.4300262,6568.275862068966,-551.8458358689659,-8.401684817408658
2019-05-21,271.399,2.71399,47700,5983.316633799999,6579.310344827586,-595.9937110275869,-9.058604622536699
2019-05-22,267.754,2.67754,47160,5902.958234799999,6504.827586206897,-601.8693514068973,-9.252656483672615
2019-05-23,268.298,2.68298,46680,5914.9513676,6438.620689655172,-523.6693220551724,-8.13325318101971
2019-05-24,269.753,2.69753,47170,5947.028588599999,6506.206896551724,-559.1783079517245,-8.594536215073145
2019-05-27,271.502,2.71502,47280,5985.5873924,6521.379310344828,-535.7919179448281,-8.215929367808807
2019-05-28,269.653,2.69653,47130,5944.8239686,6500.689655172414,-555.8656865724142,-8.550872539040958
2019-05-29,266.646,2.6664600000000003,46810,5878.5310452,6456.551724137931,-578.0206789379308,-8.952467255500958
2019-05-30,265.0,2.65,46550,5842.2429999999995,6420.689655172414,-578.4466551724145,-9.009104726100976
2019-05-31,263.002,2.63002,46180,5798.194692399999,6369.6551724137935,-571.460480013794,-8.971607795799061
2019-06-03,265.55,2.6555,46130,5854.36841,6362.758620689655,-508.39021068965485,-7.9900911066551
2019-06-04,264.35,2.6435000000000004,46270,5827.91297,6382.068965517241,-554.1559955172406,-8.683014842230376
2019-06-05,262.9,2.6289999999999996,46490,5795.945979999999,6412.413793103448,-616.4678131034498,-9.613662389761263
2019-06-06,263.3,2.633,46020,5804.764459999999,6347.586206896552,-542.8217468965522,-8.551624652325083
2019-06-10,266.0,2.66,46260,5864.2892,6380.689655172414,-516.4004551724138,-8.093176178123649
2019-06-11,266.5,2.665,46900,5875.3123,6468.9655172413795,-593.6532172413799,-9.176942057569306
2019-06-12,264.9,2.6489999999999996,46480,5840.038379999999,6411.0344827586205,-570.9961027586214,-8.906458143287448
2019-06-13,265.7,2.657,46270,5857.67534,6382.068965517241,-524.3936255172412,-8.216671244867081
2019-06-14,262.8,2.628,46340,5793.74136,6391.724137931034,-597.9827779310344,-9.355578636167456
2019-06-17,264.9,2.6489999999999996,46150,5840.038379999999,6365.517241379311,-525.4788613793116,-8.255085037919846
2019-06-18,270.5,2.705,46330,5963.4971,6390.3448275862065,-426.84772758620693,-6.679572685085258
2019-06-19,269.6,2.696,46840,5943.65552,6460.689655172414,-517.0341351724137,-8.002770025619126
2019-06-20,271.0,2.71,46930,5974.5202,6473.103448275862,-498.5832482758624,-7.702383443426385
2019-06-21,270.05,2.7005,46850,5953.5763099999995,6462.068965517241,-508.4926555172415,-7.868883143009607
2019-06-24,270.75,2.7075,46750,5969.00865,6448.275862068966,-479.2672120689658,-7.432486176470593
2019-06-25,273.0,2.73,47090,6018.6125999999995,6495.172413793103,-476.5598137931038,-7.337138776810368
2019-06-26,271.35,2.7135000000000002,47210,5982.2363700000005,6511.724137931034,-529.4877679310339,-8.13129912624443
2019-06-27,272.1,2.721,47090,5998.77102,6495.172413793103,-496.4013937931031,-7.642620736886807
2019-06-28,271.75,2.7175,47010,5991.0548499999995,6484.137931034483,-493.08308103448326,-7.604450834928746
2019-07-01,268.55,2.6855,47360,5920.50701,6532.413793103448,-611.9067831034481,-9.367238550464524
2019-07-02,266.45,2.6645,46610,5874.209989999999,6428.9655172413795,-554.7555272413802,-8.629001442823443
2019-07-03,268.5,2.685,46250,5919.4047,6379.310344827586,-459.905644827586,-7.209331729729726
2019-07-04,267.9,2.679,46350,5906.176979999999,6393.103448275862,-486.92646827586304,-7.616433430420727
2019-07-05,266.45,2.6645,46280,5874.209989999999,6383.448275862069,-509.23828586206946,-7.977479629429567
2019-07-08,265.7,2.657,46320,5857.67534,6388.9655172413795,-531.2901772413798,-8.315746513385154
2019-07-09,262.75,2.6275,46190,5792.63905,6371.0344827586205,-578.3954327586207,-9.078516751461356
2019-07-10,269.0,2.69,46080,5930.4277999999995,6355.862068965517,-425.43426896551773,-6.6935730251736185
2019-07-11,268.75,2.6875,46590,5924.916249999999,6426.206896551724,-501.2906465517244,-7.800723733633832
2019-07-12,269.4,2.694,46670,5939.246279999999,6437.241379310345,-497.9950993103457,-7.7361569959288765
2019-07-15,271.4,2.714,46910,5983.33868,6470.3448275862065,-487.0061475862067,-7.5267417821360025
2019-07-16,269.45,2.6944999999999997,46910,5940.348589999999,6470.3448275862065,-529.9962375862078,-8.191159075890017
2019-07-17,270.2,2.702,46860,5956.883239999999,6463.448275862069,-506.56503586206964,-7.837380516431935
2019-07-18,271.9,2.719,46780,5994.361779999999,6452.413793103448,-458.0520131034491,-7.0989249572467
2019-07-19,274.1,2.741,47970,6042.86342,6616.551724137931,-573.6883041379315,-8.6705028246821
2019-07-22,271.85,2.7185,47410,5993.25947,6539.310344827586,-546.0508748275861,-8.350282308584685
2019-07-23,270.5,2.705,47300,5963.4971,6524.137931034483,-560.6408310344832,-8.593331976744192
2019-07-24,271.1,2.7110000000000003,47090,5976.72482,6495.172413793103,-518.4475937931029,-7.982045136971748
2019-07-25,270.6,2.7060000000000004,47020,5965.701720000001,6485.517241379311,-519.8155213793098,-8.015020267971067
2019-07-26,268.95,2.6895,47050,5929.325489999999,6489.6551724137935,-560.3296824137942,-8.63419808182786
2019-07-29,271.85,2.7185,46900,5993.25947,6468.9655172413795,-475.70604724137957,-7.353664909381667
2019-07-30,267.75,2.6775,47240,5902.87005,6515.862068965517,-612.9920189655168,-9.40768869072819
2019-07-31,266.1,2.661,46720,5866.49382,6444.137931034483,-577.6441110344831,-8.963869445633566
2019-08-01,261.85,2.6185,46620,5772.7974699999995,6430.3448275862065,-657.547357586207,-10.225693570356073
2019-08-02,256.75,2.5675,46440,5660.361849999999,6405.517241379311,-745.1553913793114,-11.633024520887183
2019-08-05,254.8,2.548,46060,5617.37176,6353.103448275862,-735.7316882758623,-11.580665957446811
2019-08-06,256.45,2.5645,46150,5653.747989999999,6365.517241379311,-711.7692513793118,-11.18164046045506
2019-08-07,258.7,2.5869999999999997,45960,5703.35194,6339.310344827586,-635.9584048275865,-10.031980929068759
2019-08-08,259.75,2.5975,46510,5726.5004500000005,6415.172413793103,-688.6719637931028,-10.735049962373672
2019-08-09,259.3,2.593,46680,5716.579659999999,6438.620689655172,-722.0410296551727,-11.214219076692377
2019-08-12,258.25,2.5825,46750,5693.431149999999,6448.275862068966,-754.8447120689661,-11.70614794117648
2019-08-13,263.25,2.6325,46560,5803.662149999999,6422.068965517241,-618.4068155172417,-9.62940165914949
2019-08-14,259.25,2.5925,46580,5715.477349999999,6424.827586206897,-709.3502362068975,-11.040766879562058
2019-08-15,259.2,2.592,46440,5714.37504,6405.517241379311,-691.1422013793108,-10.789795348837215
2019-08-16,258.65,2.5864999999999996,46550,5702.249629999998,6420.689655172414,-718.4400251724155,-11.189452593984988
2019-08-19,259.8,2.5980000000000003,46610,5727.602760000001,6428.9655172413795,-701.3627572413789,-10.909418558249296
2019-08-20,257.45,2.5745,46620,5675.79419,6430.3448275862065,-754.5506375862069,-11.734217336979839
2019-08-21,257.9,2.5789999999999997,46430,5685.714979999999,6404.137931034483,-718.422951034484,-11.21810552444542
2019-08-22,255.8,2.5580000000000003,46310,5639.417960000001,6387.586206896552,-748.168246896551,-11.712847743467922
2019-08-23,252.6,2.526,46400,5568.87012,6400.0,-831.1298800000004,-12.986404375000008
2019-08-26,253.7,2.537,46020,5593.12094,6347.586206896552,-754.4652668965518,-11.8858608974359
2019-08-27,254.9,2.549,46380,5619.5763799999995,6397.241379310345,-777.6649993103456,-12.156255379473922
2019-08-28,256.8,2.568,46560,5661.4641599999995,6422.068965517241,-760.6048055172414,-11.843610051546392
2019-08-29,257.55,2.5755,46550,5677.998809999999,6420.689655172414,-742.6908451724148,-11.567150649838899
2019-08-30,255.55,2.5555000000000003,46690,5633.9064100000005,6440.0,-806.0935899999995,-12.516981211180116
2019-09-02,252.95,2.5295,46640,5576.58629,6433.103448275862,-856.5171582758621,-13.314213974056605
2019-09-03,252.9,2.529,46370,5575.48398,6395.862068965517,-820.3780889655172,-12.826700765581196
2019-09-04,259.45,2.5945,46620,5719.88659,6430.3448275862065,-710.4582375862065,-11.04852471578721
2019-09-05,263.15,2.6315,46970,5801.45753,6478.620689655172,-677.1631596551724,-10.452273594847776
2019-09-06,263.05,2.6305,47430,5799.25291,6542.068965517241,-742.8160555172408,-11.354451618174142
2019-09-09,262.7,2.627,47420,5791.53674,6540.689655172414,-749.1529151724144,-11.453729723745264
2019-09-10,262.2,2.622,47430,5780.513639999999,6542.068965517241,-761.5553255172417,-11.640894180898172
2019-09-11,261.65,2.6165,47290,5768.38823,6522.758620689655,-754.3703906896553,-11.565204763163463
2019-09-12,264.15,2.6414999999999997,47490,5823.503729999999,6550.3448275862065,-726.8410975862071,-11.096226484523061
2019-09-16,264.2,2.642,47560,5824.60604,6560.0,-735.3939600000003,-11.21027378048781
2019-09-17,262.65,2.6264999999999996,47340,5790.434429999998,6529.6551724137935,-739.220742413795,-11.320976726869485
2019-09-18,261.15,2.6115,47310,5757.365129999999,6525.517241379311,-768.1521113793115,-11.771513015218787
2019-09-19,260.7,2.6069999999999998,47070,5747.444339999999,6492.413793103448,-744.9694531034493,-11.474460452517542
2019-09-20,259.05,2.5905,47130,5711.06811,6500.689655172414,-789.6215451724138,-12.146734993634627
2019-09-23,261.75,2.6175,46870,5770.59285,6464.827586206897,-694.2347362068967,-10.738642708555583
2019-09-24,260.2,2.602,47120,5736.42124,6499.310344827586,-762.8891048275864,-11.73800087011885
2019-09-25,261.1,2.611,47000,5756.26282,6482.758620689655,-726.495800689655,-11.206584159574467
2019-09-26,257.6,2.576,47120,5679.10112,6499.310344827586,-820.2092248275858,-12.619942444821724
2019-09-27,259.9,2.5989999999999998,46920,5729.807379999999,6471.724137931034,-741.9167579310351,-11.463973774509814
2019-09-30,257.25,2.5725,47250,5671.38495,6517.241379310345,-845.8564293103454,-12.978749444444453
2019-10-08,256.65,2.5664999999999996,46770,5658.157229999999,6451.0344827586205,-792.8772527586216,-12.290699342527276
2019-10-09,256.75,2.5675,46600,5660.361849999999,6427.586206896552,-767.2243568965523,-11.93643044527898
2019-10-10,261.25,2.6125,46690,5759.56975,6440.0,-680.4302500000003,-10.565687111801248
2019-10-11,262.15,2.6214999999999997,46910,5779.411329999999,6470.3448275862065,-690.9334975862075,-10.67846484225113
2019-10-14,263.25,2.6325,46970,5803.662149999999,6478.620689655172,-674.9585396551729,-10.41824443793912
2019-10-15,261.15,2.6115,46960,5757.365129999999,6477.241379310345,-719.8762493103459,-11.1139327246593
2019-10-16,258.65,2.5864999999999996,46750,5702.249629999998,6448.275862068966,-746.0262320689671,-11.569390764705908
2019-10-17,259.85,2.5985,46650,5728.70507,6434.482758620689,-705.7776886206893,-10.968677904608784
2019-10-18,264.3,2.6430000000000002,46570,5826.81066,6423.448275862069,-596.6376158620687,-9.28843185527163
2019-10-21,264.55,2.6455,47020,5832.32221,6485.517241379311,-653.1950313793104,-10.071595018077414
2019-10-22,263.5,2.635,47120,5809.173699999999,6499.310344827586,-690.1366448275867,-10.618613486842113
2019-10-23,266.75,2.6675,46930,5880.82385,6473.103448275862,-592.2795982758626,-9.149855289793317
2019-10-24,266.65,2.6664999999999996,47360,5878.619229999999,6532.413793103448,-653.794563103449,-10.0084682907517
2019-10-25,268.35,2.6835000000000004,47390,5916.09777,6536.551724137931,-620.4539541379309,-9.492068300274315
2019-10-28,268.25,2.6825,47430,5913.89315,6542.068965517241,-628.1758155172411,-9.602097116803707
2019-10-29,269.15,2.6914999999999996,47340,5933.734729999998,6529.6551724137935,-595.9204424137952,-9.126369259611353
2019-10-30,267.95,2.6795,47510,5907.2792899999995,6553.103448275862,-645.8241582758628,-9.855241312355306
2019-10-31,263.85,2.6385,47330,5816.88987,6528.275862068966,-711.3859920689656,-10.896996497992818
2019-11-01,266.15,2.6614999999999998,47120,5867.596129999999,6499.310344827586,-631.714214827587,-9.7197114972411
2019-11-04,266.25,2.6625,47040,5869.80075,6488.275862068966,-618.4751120689652,-9.532195073341834
2019-11-05,270.0,2.7,47250,5952.474,6517.241379310345,-564.767379310345,-8.665742857142858
2019-11-06,267.1,2.6710000000000003,47190,5888.54002,6508.9655172413795,-620.4254972413792,-9.531860256410255
2019-11-07,271.1,2.7110000000000003,47150,5976.72482,6503.448275862069,-526.7234558620685,-8.099141155885464
2019-11-08,268.8,2.688,47340,5926.01856,6529.6551724137935,-603.636612413793,-9.24454043092522
2019-11-11,266.2,2.662,47170,5868.698439999999,6506.206896551724,-637.5084565517245,-9.798465783336873
2019-11-12,264.55,2.6455,47270,5832.32221,6520.0,-687.6777899999997,-10.547205368098156
2019-11-13,263.75,2.6375,47030,5814.68525,6486.896551724138,-672.2113017241372,-10.362602461194971
2019-11-14,262.3,2.623,47030,5782.718260000001,6486.896551724138,-704.1782917241371,-10.855395736763755
2019-11-15,263.55,2.6355,46930,5810.27601,6473.103448275862,-662.8274382758627,-10.23971644470489
2019-11-18,261.9,2.6189999999999998,46980,5773.899779999999,6480.0,-706.1002200000012,-10.896608333333353
2019-11-19,265.5,2.655,46890,5853.266099999999,6467.586206896552,-614.3201068965527,-9.498444817658365
2019-11-20,264.7,2.647,47050,5835.629139999999,6489.6551724137935,-654.0260324137944,-10.077978182784292
2019-11-21,262.5,2.625,47110,5787.1275,6497.931034482759,-710.8035344827595,-10.93892087667163
2019-11-22,264.45,2.6445,46870,5830.11759,6464.827586206897,-634.7099962068969,-9.817895183486245
2019-11-25,264.5,2.645,47100,5831.2199,6496.551724137931,-665.3318241379311,-10.24130727176221
2019-11-26,267.45,2.6745,47070,5896.25619,6492.413793103448,-596.1576031034483,-9.182372259400893
2019-11-27,269.85,2.6985,47380,5949.16707,6535.172413793103,-586.0053437931028,-8.966945425284921
2019-11-28,267.4,2.674,47350,5895.15388,6531.0344827586205,-635.8806027586206,-9.7362922280887
2019-11-29,266.1,2.661,47320,5866.49382,6526.896551724138,-660.402731724138,-10.11817372147084
2019-12-02,265.1,2.6510000000000002,47300,5844.44762,6524.137931034483,-679.6903110344829,-10.418086162790699
2019-12-03,262.65,2.6264999999999996,47080,5790.434429999998,6493.793103448276,-703.3586734482778,-10.831245502336479
2019-12-04,266.05,2.6605000000000003,46980,5865.39151,6480.0,-614.6084899999996,-9.48469891975308
2019-12-05,266.6,2.6660000000000004,47200,5877.516920000001,6510.3448275862065,-632.8279075862056,-9.720343919491507
2019-12-06,274.8,2.748,47320,6058.29576,6526.896551724138,-468.6007917241377,-7.179534530853758
2019-12-09,275.35,2.7535000000000003,48340,6070.4211700000005,6667.586206896552,-597.1650368965511,-8.95624020997103
2019-12-10,276.35,2.7635,48690,6092.46737,6715.862068965517,-623.3946989655169,-9.282422607311558
2019-12-11,279.15,2.7914999999999996,49000,6154.196729999999,6758.620689655172,-604.4239596551733,-8.943007566326546
2019-12-12,280.95,2.8095,49030,6193.879889999999,6762.758620689655,-568.8787306896556,-8.411933097083425
2019-12-13,278.35,2.7835,49010,6136.55977,6760.0,-623.4402300000002,-9.222488609467458
2019-12-16,280.7,2.807,49100,6188.36834,6772.413793103448,-584.0454531034484,-8.623889073319758
2019-12-17,280.9,2.8089999999999997,49260,6192.777579999999,6794.482758620689,-601.7051786206903,-8.855790793747472
2019-12-18,281.1,2.8110000000000004,49070,6197.186820000001,6768.275862068966,-571.0890420689648,-8.437732942734858
2019-12-19,282.45,2.8245,49110,6226.949189999999,6773.793103448276,-546.8439134482769,-8.072934987782544
2019-12-20,280.25,2.8025,49030,6178.44755,6762.758620689655,-584.311070689655,-8.640129028146031
2019-12-23,280.95,2.8095,49050,6193.879889999999,6765.517241379311,-571.6373513793114,-8.449277874617753
2019-12-24,282.45,2.8245,49590,6226.949189999999,6840.0,-613.0508100000006,-8.962731140350886
2019-12-26,285.0,2.85,49650,6283.1669999999995,6848.275862068966,-565.1088620689661,-8.251841389728105
2019-12-27,282.4,2.824,49730,6225.846879999999,6859.310344827586,-633.4634648275869,-9.235089724512378
2019-12-30,281.9,2.819,49510,6214.82378,6828.9655172413795,-614.1417372413798,-8.993188436679466
2019-12-31,279.8,2.798,49150,6168.52676,6779.310344827586,-610.7835848275863,-9.009523886063073
2020-01-02,282.3,2.823,49230,6223.64226,6790.3448275862065,-566.7025675862069,-8.345711182205973
2020-01-03,278.05,2.7805,48780,6129.9459099999995,6728.275862068966,-598.3299520689661,-8.892767840303412
2020-01-06,278.9,2.7889999999999997,48760,6148.6851799999995,6725.517241379311,-576.8320613793112,-8.576768755127166
2020-01-07,279.5,2.795,49010,6161.912899999999,6760.0,-598.0871000000006,-8.847442307692317
2020-01-08,280.85,2.8085000000000004,48860,6191.675270000001,6739.310344827586,-547.6350748275854,-8.125980950675388
2020-01-09,279.85,2.7985,48960,6169.62907,6753.103448275862,-583.4743782758624,-8.640092407066998
2020-01-10,281.0,2.81,49010,6194.9821999999995,6760.0,-565.0178000000005,-8.35825147928995
2020-01-13,285.55,2.8555,48940,6295.29241,6750.3448275862065,-455.0524175862065,-6.7411729209235745
2020-01-14,286.7,2.867,49310,6320.6455399999995,6801.379310344828,-480.7337703448284,-7.068180561752191
2020-01-15,286.25,2.8625,49260,6310.724749999999,6794.482758620689,-483.7580086206899,-7.11986512890784
2020-01-16,285.15,2.8514999999999997,49200,6286.473929999999,6786.206896551724,-499.73296655172453,-7.363951234756104
2020-01-17,284.55,2.8455,49250,6273.246209999999,6793.103448275862,-519.857238275863,-7.652720766497476
2020-01-20,284.65,2.8465,49100,6275.450829999999,6772.413793103448,-496.9629631034495,-7.338047825865599
2020-01-21,279.05,2.7905,48420,6151.99211,6678.620689655172,-526.628579655172,-7.88528955493597
2020-01-22,276.8,2.7680000000000002,48540,6102.38816,6695.172413793103,-592.7842537931028,-8.85390572723526
2020-01-23,273.45,2.7344999999999997,48020,6028.533389999999,6623.448275862069,-594.9148858620702,-8.981951108912972
2020-02-03,250.65,2.5065,45040,5525.880029999999,6212.413793103448,-686.533763103449,-11.05099862899646
2020-02-04,254.5,2.545,45260,5610.7579,6242.758620689655,-632.0007206896553,-10.123741106937697
2020-02-05,258.5,2.585,45550,5698.9427,6282.758620689655,-583.8159206896553,-9.292350000000003
2020-02-06,259.7,2.597,46160,5725.398139999999,6366.896551724138,-641.4984117241384,-10.075527480502606
2020-02-07,254.6,2.546,45830,5612.962519999999,6321.379310344828,-708.4167903448288,-11.206680624045404
2020-02-10,255.6,2.556,45560,5635.00872,6284.137931034483,-649.129211034483,-10.32964613696225
2020-02-11,258.05,2.5805000000000002,45720,5689.02191,6306.206896551724,-617.1849865517233,-9.786944777996489
2020-02-12,260.4,2.6039999999999996,45710,5740.830479999999,6304.827586206897,-563.997106206898,-8.945480245022994
2020-02-13,261.55,2.6155,45890,5766.183609999999,6329.6551724137935,-563.4715624137943,-8.902089404009606
2020-02-14,259.85,2.5985,46120,5728.70507,6361.379310344828,-632.6742403448279,-9.945551263009547
2020-02-17,262.8,2.628,46490,5793.74136,6412.413793103448,-618.6724331034484,-9.648042890944291
2020-02-18,260.9,2.609,46270,5751.85358,6382.068965517241,-630.215385517241,-9.874781813269932
2020-02-19,260.8,2.608,46400,5749.6489599999995,6400.0,-650.3510400000005,-10.161735000000007
2020-02-20,259.0,2.59,46430,5709.965799999999,6404.137931034483,-694.1721310344838,-10.839431294421725
2020-02-21,260.15,2.6014999999999997,45990,5735.318929999999,6343.448275862069,-608.1293458620694,-9.586731370950213
2020-02-24,257.0,2.57,46000,5665.8733999999995,6344.827586206897,-678.9541862068972,-10.700908369565228
2020-02-25,256.45,2.5645,45950,5653.747989999999,6337.931034482759,-684.1830444827601,-10.795053476605029
2020-02-26,256.5,2.565,45630,5654.850299999999,6293.793103448276,-638.9428034482771,-10.151951183431972
2020-02-27,255.25,2.5525,45440,5627.29255,6267.586206896552,-640.2936568965515,-10.215952932438377
2020-02-28,254.4,2.544,44390,5608.55328,6122.758620689655,-514.2053406896548,-8.398262491552146
2020-03-02,260.6,2.6060000000000003,45230,5745.2397200000005,6238.620689655172,-493.3809696551716,-7.908494428476661
2020-03-03,258.45,2.5845,45620,5697.840389999999,6292.413793103448,-594.573403103449,-9.449051233011849
2020-03-04,258.7,2.5869999999999997,45280,5703.35194,6245.517241379311,-542.1653013793111,-8.680871102031814
2020-03-05,256.75,2.5675,45460,5660.361849999999,6270.3448275862065,-609.9829775862072,-9.728061125164986
2020-03-06,255.35,2.5535,45010,5629.49717,6208.275862068966,-578.7786920689659,-9.322696106420803
2020-03-09,248.55,2.4855,43890,5479.583009999999,6053.793103448276,-574.2100934482769,-9.485129135338362
2020-03-10,253.95,2.5395,44710,5598.632489999999,6166.896551724138,-568.2640617241386,-9.214749379333494
2020-03-11,247.75,2.4775,44290,5461.94605,6108.9655172413795,-647.01946724138,-10.59130986114248
2020-03-12,244.15,2.4415,43450,5382.5797299999995,5993.103448275862,-610.5237182758628,-10.187104620253178
2020-03-13,249.2,2.492,43650,5493.9130399999995,6020.689655172414,-526.7766151724145,-8.749439770904937
2020-03-16,238.35,2.3834999999999997,42630,5254.711769999999,5880.0,-625.288230000001,-10.634153571428588
2020-03-17,231.1,2.311,42630,5094.8768199999995,5880.0,-785.1231800000005,-13.352435034013613
2020-03-18,216.15,2.1615,39960,4765.28613,5511.724137931034,-746.438007931034,-13.542731625375367
2020-03-19,215.3,2.153,37570,4746.5468599999995,5182.068965517241,-435.52210551724147,-8.40440581581049
2020-03-20,215.05,2.1505,38910,4741.03531,5366.896551724138,-625.8612417241375,-11.661511186070411
2020-03-23,208.7,2.0869999999999997,37200,4601.041939999999,5131.0344827586205,-529.9925427586213,-10.329155739247325
2020-03-24,220.3,2.2030000000000003,38200,4856.77786,5268.9655172413795,-412.1876572413794,-7.822933285340315
2020-03-25,220.9,2.209,39360,4870.00558,5428.9655172413795,-558.9599372413795,-10.29588299034553
2020-03-26,218.3,2.1830000000000003,38870,4812.685460000001,5361.379310344828,-548.6938503448273,-10.23419196038075
2020-03-27,216.7,2.167,39180,4777.411539999999,5404.137931034483,-626.7263910344836,-11.597157567636565
2020-03-30,216.8,2.168,38720,4779.6161600000005,5340.689655172414,-561.0734951724135,-10.505637499999994
2020-03-31,221.55,2.2155,39150,4884.33561,5400.0,-515.6643899999999,-9.549340555555554
2020-04-01,216.9,2.169,39000,4781.82078,5379.310344827586,-597.489564827586,-11.107177807692304
2020-04-02,222.15,2.2215000000000003,39650,4897.56333,5468.9655172413795,-571.4021872413796,-10.44808539092056
2020-04-03,217.7,2.177,39930,4799.45774,5507.586206896552,-708.1284668965518,-12.857328787878789
2020-04-07,224.9,2.249,40600,4958.19038,5600.0,-641.80962,-11.46088607142857
2020-04-08,227.25,2.2725,40810,5009.998949999999,5628.9655172413795,-618.9665672413803,-10.99609804582212
2020-04-09,227.0,2.27,40800,5004.4874,5627.586206896552,-623.0988068965517,-11.07222144607843
2020-04-13,232.0,2.32,41780,5114.7184,5762.758620689655,-648.0402206896551,-11.245312589755864
2020-04-14,231.4,2.314,41750,5101.49068,5758.620689655172,-657.1300096551722,-11.411239688622752
2020-04-15,229.95,2.2995,41560,5069.52369,5732.413793103448,-662.8901031034484,-11.56389135587103
2020-04-16,230.9,2.309,41560,5090.46758,5732.413793103448,-641.9462131034479,-11.198532350818088
2020-04-17,234.45,2.3445,42280,5168.731589999999,5831.724137931034,-662.992547931035,-11.368722735335865
2020-04-20,230.4,2.3040000000000003,42330,5079.44448,5838.620689655172,-759.176209655172,-13.002663642806514
2020-04-21,224.65,2.2465,41440,4952.67883,5715.862068965517,-763.1832389655174,-13.35202336510618
2020-04-22,228.5,2.285,41090,5037.5567,5667.586206896552,-630.0295068965515,-11.116363896325137
2020-04-23,230.65,2.3065,41950,5084.95603,5786.206896551724,-701.2508665517234,-12.119353474374243
2020-04-24,235.65,2.3565,41780,5195.18703,5762.758620689655,-567.5715906896548,-9.848956516275726
2020-04-27,234.75,2.3475,42490,5175.34545,5860.689655172414,-685.3442051724141,-11.693917362908927
2020-04-28,233.95,2.3394999999999997,42300,5157.708489999999,5834.482758620689,-676.7742686206902,-11.599558977541381
2020-04-29,237.9,2.379,42510,5244.79098,5863.448275862069,-618.6572958620691,-10.551083027522939
2020-04-30,234.45,2.3445,42940,5168.731589999999,5922.758620689655,-754.0270306896555,-12.731010648579419
2020-05-06,234.15,2.3415,42720,5162.11773,5892.413793103448,-730.2960631034484,-12.39383534058989
2020-05-07,237.9,2.379,43110,5244.79098,5946.206896551724,-701.415916551724,-11.796022720946414
2020-05-08,241.4,2.414,43510,5321.95268,6001.379310344828,-679.4266303448276,-11.321174603539415
2020-05-11,237.95,2.3794999999999997,43500,5245.893289999999,6000.0,-754.1067100000009,-12.568445166666683
2020-05-12,233.35,2.3335,43040,5144.480769999999,5936.551724137931,-792.070954137932,-13.342273274860611
2020-05-13,235.1,2.351,43060,5183.0616199999995,5939.310344827586,-756.2487248275866,-12.732938353460293
2020-05-14,236.25,2.3625,42910,5208.414749999999,5918.620689655172,-710.2059396551731,-11.999517740619915
2020-05-15,233.1,2.331,43130,5138.96922,5948.9655172413795,-809.9962972413796,-13.61575041734292
2020-05-18,242.2,2.4219999999999997,43120,5339.589639999999,5947.586206896552,-607.9965668965524,-10.222576785714297
2020-05-19,240.9,2.4090000000000003,43690,5310.92958,6026.206896551724,-715.2773165517237,-11.869445056076898
2020-05-20,240.75,2.4075,43730,5307.62265,6031.724137931034,-724.1014879310342,-12.004884032700659
2020-05-21,242.4,2.424,44150,5343.998879999999,6089.6551724137935,-745.6562924137943,-12.244639003397527
2020-05-22,239.15,2.3915,43260,5272.34873,5966.896551724138,-694.547821724138,-11.640017816689783
2020-05-25,240.6,2.406,43650,5304.31572,6020.689655172414,-716.3739351724143,-11.898536151202759
2020-05-26,241.2,2.412,43860,5317.5434399999995,6049.6551724137935,-732.111732413794,-12.101710123119028
2020-05-27,238.55,2.3855,43640,5259.12101,6019.310344827586,-760.1893348275862,-12.629176621219065
2020-05-28,240.75,2.4075,43700,5307.62265,6027.586206896552,-719.9635568965514,-11.944475486270017
2020-05-29,244.05,2.4405,43940,5380.37511,6060.689655172414,-680.314545172414,-11.225035167273557
2020-06-01,246.85,2.4685,44600,5442.10447,6151.724137931034,-709.6196679310342,-11.535297292600893
2020-06-02,249.4,2.494,44560,5498.32228,6146.206896551724,-647.8846165517234,-10.541210659784548
2020-06-03,248.35,2.4835,44830,5475.173769999999,6183.448275862069,-708.2745058620694,-11.454361292661172
2020-06-04,248.5,2.485,44720,5478.480699999999,6168.275862068966,-689.7951620689664,-11.182949295617188
2020-06-05,254.05,2.5405,45220,5600.83711,6237.241379310345,-636.4042693103447,-10.203297108580273
2020-06-08,258.05,2.5805000000000002,45800,5689.02191,6317.241379310345,-628.2194693103447,-9.944522167030566
2020-06-09,259.85,2.5985,46250,5728.70507,6379.310344827586,-650.6052748275861,-10.19867728108108
2020-06-10,267.7,2.677,46830,5901.76774,6459.310344827586,-557.5426048275858,-8.631611968823398
2020-06-11,257.45,2.5745,46950,5675.79419,6475.862068965517,-800.0678789655176,-12.354615809371678
2020-06-12,261.55,2.6155,46840,5766.183609999999,6460.689655172414,-694.5060451724148,-10.749719956234003
2020-06-15,258.5,2.585,46280,5698.9427,6383.448275862069,-684.5055758620692,-10.72313186041487
2020-06-16,256.5,2.565,47150,5654.850299999999,6503.448275862069,-848.5979758620697,-13.04843123011666
2020-06-17,258.95,2.5894999999999997,46770,5708.863489999999,6451.0344827586205,-742.1709927586217,-11.504681841992745
2020-06-18,259.4,2.594,46920,5718.78428,6471.724137931034,-752.9398579310346,-11.634300873827794
2020-06-19,260.65,2.6064999999999996,47780,5746.342029999999,6590.3448275862065,-844.0027975862076,-12.806656095646726
2020-06-22,265.2,2.6519999999999997,47470,5846.652239999999,6547.586206896552,-700.9339668965522,-10.705227006530448
2020-06-23,265.1,2.6510000000000002,47850,5844.44762,6600.0,-755.5523800000001,-11.447763333333334
2020-06-24,264.25,2.6425,47860,5825.70835,6601.379310344828,-775.670960344828,-11.750134689720023
2020-06-29,269.75,2.6975,48380,5946.962449999999,6673.103448275862,-726.1409982758632,-10.881608593427053
2020-06-30,272.95,2.7295,48790,6017.510289999999,6729.6551724137935,-712.1448824137942,-10.582189787866382
2020-07-01,275.8,2.758,49350,6080.34196,6806.896551724138,-726.5545917241379,-10.673800992907802
2020-07-02,274.7,2.747,49410,6056.0911399999995,6815.172413793103,-759.0812737931037,-11.13810814612427
2020-07-03,272.1,2.721,48900,5998.77102,6744.827586206897,-746.0565662068966,-11.061165858895707
2020-07-06,278.7,2.787,49040,6144.2759399999995,6764.137931034483,-619.8619910344833,-9.16394664559544
2020-07-07,278.6,2.786,49360,6142.07132,6808.275862068966,-666.2045420689656,-9.785216632901134
2020-07-08,282.4,2.824,49800,6225.846879999999,6868.9655172413795,-643.1186372413804,-9.362670923694795
2020-07-09,283.7,2.8369999999999997,50700,6254.506939999999,6993.103448275862,-738.596508275863,-10.56178438856017
2020-07-10,291.3,2.9130000000000003,50500,6422.05806,6965.517241379311,-543.4591813793104,-7.8021367623762385
2020-07-13,291.0,2.91,52880,6415.4442,7293.793103448276,-878.3489034482764,-12.042415941754923
2020-07-14,293.8,2.938,52210,6477.17356,7201.379310344828,-724.2057503448277,-10.056486669220458
2020-07-15,289.4,2.8939999999999997,52210,6380.170279999999,7201.379310344828,-821.2090303448285,-11.403496399157262
2020-07-16,289.45,2.8945,50710,6381.27259,6994.482758620689,-613.2101686206897,-8.767055260303689
2020-07-17,290.1,2.9010000000000002,51430,6395.602620000001,7093.793103448276,-698.1904834482757,-9.842273002138826
2020-07-20,292.1,2.9210000000000003,51300,6439.69502,7075.862068965517,-636.1670489655171,-8.990664922027289
2020-07-21,296.15,2.9614999999999996,51900,6528.9821299999985,7158.620689655172,-629.6385596551736,-8.795529012524101
2020-07-22,292.5,2.925,52410,6448.513499999999,7228.9655172413795,-780.4520172413804,-10.796178448769334
2020-07-23,292.1,2.9210000000000003,51970,6439.69502,7168.275862068966,-728.5808420689655,-10.163962103136424
2020-07-24,289.35,2.8935000000000004,51220,6379.067970000001,7064.827586206897,-685.7596162068958,-9.706671646817638
2020-07-27,291.0,2.91,51600,6415.4442,7117.241379310345,-701.7971793103452,-9.860522383720935
2020-07-28,291.15,2.9114999999999998,51520,6418.751129999999,7106.206896551724,-687.455766551725,-9.674018453998459
2020-07-29,293.35,2.9335000000000004,51880,6467.252770000001,7155.862068965517,-688.6092989655162,-9.623009671356964
2020-07-30,291.85,2.9185000000000003,51690,6434.18347,7129.6551724137935,-695.4717024137935,-9.754633086670541
2020-07-31,285.9,2.859,51820,6303.00858,7147.586206896552,-844.5776268965519,-11.816263595137015
2020-08-03,291.35,2.9135000000000004,51050,6423.1603700000005,7041.379310344828,-618.2189403448274,-8.779798858961799
2020-08-04,290.2,2.9019999999999997,51540,6397.807239999999,7108.9655172413795,-711.1582772413803,-10.00368162592163
2020-08-05,291.7,2.917,51350,6430.876539999999,7082.758620689655,-651.8820806896556,-9.203787896786764
2020-08-06,291.3,2.9130000000000003,51400,6422.05806,7089.6551724137935,-667.5971124137932,-9.41649623540856
2020-08-07,278.95,2.7895,51300,6149.78749,7075.862068965517,-926.0745789655175,-13.087798630604292
2020-08-10,286.6,2.866,50230,6318.44092,6928.275862068966,-609.8349420689656,-8.802116922158074
2020-08-11,284.9,2.8489999999999998,50340,6280.962379999999,6943.448275862069,-662.4858958620698,-9.541165564163698
2020-08-12,288.15,2.8815,49870,6352.612529999999,6878.620689655172,-526.0081596551727,-7.647000516342494
2020-08-13,279.65,2.7965,50410,6165.21983,6953.103448275862,-787.8836182758623,-11.331395025788538
2020-08-14,286.25,2.8625,50100,6310.724749999999,6910.3448275862065,-599.6200775862071,-8.67713685129741
2020-08-17,290.8,2.908,50730,6411.03496,6997.241379310345,-586.2064193103452,-8.377678967080628
2020-08-18,297.3,2.9730000000000003,50830,6554.335260000001,7011.0344827586205,-456.6992227586197,-6.5140062266377985
2020-08-19,299.9,2.9989999999999997,52150,6611.655379999999,7193.103448275862,-581.4480682758631,-8.08341034515821
2020-08-20,299.0,2.99,52040,6591.8138,7177.931034482759,-586.1172344827592,-8.1655456379708
2020-08-21,292.45,2.9245,51800,6447.41119,7144.827586206897,-697.4163962068969,-9.761136819498075
2020-08-24,292.4,2.924,51540,6446.30888,7108.9655172413795,-662.6566372413799,-9.321421459060932
2020-08-25,293.8,2.938,51130,6477.17356,7052.413793103448,-575.2402331034482,-8.156643242714647
2020-08-26,297.7,2.977,51440,6563.15374,7095.172413793103,-532.0186737931035,-7.498319177682738
2020-08-27,299.9,2.9989999999999997,51490,6611.655379999999,7102.068965517241,-490.4135855172417,-6.905221392503404
2020-08-28,302.85,3.0285,51990,6676.69167,7171.0344827586205,-494.3428127586203,-6.893605294287358
2020-08-31,305.1,3.051,51980,6726.29562,7169.6551724137935,-443.3595524137936,-6.183833695652181
2020-09-01,302.25,3.0225,52990,6663.463949999999,7308.9655172413795,-645.5015672413801,-8.831640616154003
2020-09-02,303.0,3.03,52070,6679.998599999999,7182.068965517241,-502.07036551724195,-6.990609083925493
2020-09-03,297.9,2.9789999999999996,51760,6567.562979999999,7139.310344827586,-571.7473648275873,-8.008439712132937
2020-09-04,307.45,3.0745,51650,6778.10419,7124.137931034483,-346.0337410344828,-4.857201592449177
2020-09-07,307.0,3.07,52240,6768.183399999999,7205.517241379311,-437.3338413793117,-6.06943022588057
2020-09-08,301.75,3.0175,52590,6652.44085,7253.793103448276,-601.3522534482763,-8.290176530709266
2020-09-09,305.4,3.054,51830,6732.909479999999,7148.9655172413795,-416.0560372413802,-5.8198075824812
2020-09-10,297.35,2.9735,51700,6555.43757,7131.0344827586205,-575.5969127586204,-8.071716861702125
2020-09-11,304.4,3.0439999999999996,51680,6710.863279999999,7128.275862068966,-417.4125820689669,-5.855729914860701
2020-09-14,306.45,3.0645,52120,6756.057989999999,7188.9655172413795,-432.9075272413802,-6.0218334084804415
2020-09-15,305.65,3.0564999999999998,52160,6738.4210299999995,7194.482758620689,-456.0617286206898,-6.339048183473929
2020-09-16,306.8,3.068,51710,6763.77416,7132.413793103448,-368.63963310344843,-5.168511583832917
2020-09-17,308.0,3.08,51330,6790.2296,7080.0,-289.77040000000034,-4.09280225988701
2020-09-18,310.6,3.1060000000000003,52320,6847.54972,7216.551724137931,-369.0020041379312,-5.113273184250766
2020-09-21,303.75,3.0375,52160,6696.5332499999995,7194.482758620689,-497.9495086206898,-6.921269051955524
2020-09-22,307.0,3.07,51780,6768.183399999999,7142.068965517241,-373.88556551724196,-5.2349755697180465
2020-09-23,295.8,2.958,51460,6521.26596,7097.931034482759,-576.6650744827593,-8.124410785075796
2020-09-24,296.55,2.9655,50640,6537.800609999999,6984.827586206897,-447.0269762068974,-6.3999715195497755
2020-09-25,297.75,2.9775,51040,6564.25605,7040.0,-475.74395000000004,-6.757726562500001
2020-09-28,300.1,3.0010000000000003,51220,6616.06462,7064.827586206897,-448.76296620689664,-6.352072442405311
2020-09-29,299.6,2.9960000000000004,50940,6605.041520000001,7026.206896551724,-421.16537655172306,-5.99420687082841
2020-09-30,302.2,3.022,50930,6662.361639999999,7024.827586206897,-362.46594620689757,-5.1597842332613535
2020-10-09,308.4,3.0839999999999996,51440,6799.048079999999,7095.172413793103,-296.1243337931046,-4.173603071539675
2020-10-12,306.25,3.0625,51520,6751.648749999999,7106.206896551724,-354.55814655172435,-4.9894149116847855
2020-10-13,304.0,3.04,51360,6702.0448,7084.137931034483,-382.0931310344831,-5.39364330218069
2020-10-14,305.15,3.0515,51540,6727.397929999999,7108.9655172413795,-381.56758724138035,-5.367413673845571
2020-10-15,308.5,3.085,51260,6801.2527,7070.3448275862065,-269.0921275862065,-3.8059265021459177
2020-10-16,306.25,3.0625,51470,6751.648749999999,7099.310344827586,-347.66159482758667,-4.8971178599184055
2020-10-19,308.45,3.0845,51170,6800.150389999999,7057.931034482759,-257.7806444827602,-3.6523542554231216
2020-10-20,314.25,3.1425,51380,6928.018349999999,7086.896551724138,-158.8782017241383,-2.2418586268976313
2020-10-21,319.55,3.1955,52150,7044.8632099999995,7193.103448275862,-148.2402382758628,-2.0608662080537012
2020-10-22,316.45,3.1645,52280,6976.51999,7211.0344827586205,-234.5144927586207,-3.2521615770849275
2020-10-23,314.1,3.141,51950,6924.71142,7165.517241379311,-240.80582137931106,-3.3606202213667085
2020-10-26,309.0,3.09,51810,6812.275799999999,7146.206896551724,-333.9310965517243,-4.672843949044588
2020-10-27,308.75,3.0875,51650,6806.764249999999,7124.137931034483,-317.3736810344835,-4.454906461761869
2020-10-28,306.65,3.0664999999999996,51840,6760.467229999998,7150.3448275862065,-389.87759758620814,-5.452570568094154
2020-10-29,305.75,3.0575,51470,6740.62565,7099.310344827586,-358.6846948275861,-5.052387871575674
2020-10-30,305.05,3.0505,50940,6725.19331,7026.206896551724,-301.0135865517241,-4.284154893011386
2020-11-02,308.6,3.0860000000000003,51070,6803.45732,7044.137931034483,-240.68061103448235,-3.416750401409824
2020-11-03,309.9,3.0989999999999998,51800,6832.117379999999,7144.827586206897,-312.71020620689796,-4.376735511583031
2020-11-04,310.35,3.1035000000000004,51610,6842.038170000001,7118.620689655172,-276.5825196551714,-3.885338631079234
2020-11-05,311.25,3.1125,51420,6861.879749999999,7092.413793103448,-230.53404310344922,-3.25043137397901
2020-11-06,314.95,3.1494999999999997,51430,6943.450689999999,7093.793103448276,-150.3424134482775,-2.1193515409294417
2020-11-09,313.45,3.1345,51840,6910.38139,7150.3448275862065,-239.96343758620696,-3.355970143711421
2020-11-10,315.5,3.155,51590,6955.576099999999,7115.862068965517,-160.2859689655179,-2.252516524520265
2020-11-11,313.25,3.1325,51960,6905.97215,7166.896551724138,-260.9244017241381,-3.640688823133181
2020-11-12,313.45,3.1345,51800,6910.38139,7144.827586206897,-234.44619620689718,-3.281341549227808
2020-11-13,318.15,3.1814999999999998,52180,7013.998529999999,7197.241379310345,-183.24284931034617,-2.5460150584515326
2020-11-16,322.6,3.2260000000000004,53640,7112.104120000001,7398.620689655172,-286.5165696551712,-3.8725673564503946
2020-11-17,320.65,3.2064999999999997,52850,7069.114029999999,7289.6551724137935,-220.54114241379466,-3.025398831598886
2020-11-18,319.5,3.195,52950,7043.760899999999,7303.448275862069,-259.68737586206953,-3.5556817280453337
2020-11-19,321.4,3.214,52730,7085.648679999999,7273.103448275862,-187.454768275863,-2.5773697515645866
2020-11-20,329.15,3.2914999999999996,53520,7256.506729999999,7382.068965517241,-125.56223551724179,-1.700908459454415
2020-11-23,326.15,3.2615,53970,7190.368129999999,7444.137931034483,-253.76980103448386,-3.408988433388935
2020-11-24,330.35,3.3035,54770,7282.96217,7554.482758620689,-271.5205886206895,-3.5941651771042524
2020-11-25,331.6,3.3160000000000003,54550,7310.519920000001,7524.137931034483,-213.61801103448215,-2.8391028047662616
2020-11-26,337.85,3.3785000000000003,55310,7448.30867,7628.9655172413795,-180.65684724137918,-2.36803858705478
2020-11-27,342.05,3.4205,56120,7540.902709999999,7740.689655172414,-199.78694517241456,-2.5809967079472655
2020-11-30,345.0,3.45,57680,7605.939,7955.862068965517,-349.9230689655169,-4.398304871705959
2020-12-01,350.35,3.5035000000000003,57040,7723.886170000001,7867.586206896552,-143.70003689655096,-1.8264818855189244
2020-12-02,349.45,3.4945,57200,7704.0445899999995,7889.6551724137935,-185.61058241379396,-2.3525816826923185
2020-12-03,348.2,3.4819999999999998,56870,7676.486839999999,7844.137931034483,-167.65109103448412,-2.1372787234042727
2020-12-04,351.65,3.5164999999999997,57450,7752.546229999999,7924.137931034483,-171.59170103448378,-2.165430517841614
2020-12-07,350.65,3.5065,57030,7730.500029999999,7866.206896551724,-135.7068665517245,-1.7251881159039146
2020-12-08,350.05,3.5005,56930,7717.27231,7852.413793103448,-135.14148310344808,-1.7210183602669922
2020-12-09,349.8,3.498,57250,7711.76076,7896.551724137931,-184.79096413793104,-2.3401475807860264
2020-12-10,358.25,3.5825,57450,7898.051149999999,7924.137931034483,-26.086781034483465,-0.32920654917320297
2020-12-11,353.35,3.5335,57830,7790.02477,7976.551724137931,-186.52695413793117,-2.3384409778661612
2020-12-14,352.05,3.5205,57850,7761.36471,7979.310344827586,-217.94563482758622,-2.731384360414866
2020-12-15,354.35,3.5435000000000003,57700,7812.070970000001,7958.620689655172,-146.54971965517143,-1.8413959575389827
2020-12-16,356.9,3.569,57850,7868.28878,7979.310344827586,-111.02156482758619,-1.3913679256698355
2020-12-17,361.2,3.612,58620,7963.08744,8085.517241379311,-122.42980137931045,-1.5141863868986705
2020-12-18,364.1,3.641,59260,8027.02142,8173.793103448276,-146.77168344827624,-1.7956373692203893
2020-12-21,357.95,3.5795,59280,7891.43729,8176.551724137931,-285.1144341379313,-3.4869764633940656
2020-12-22,351.25,3.5125,57900,7743.72775,7986.206896551724,-242.47914655172372,-3.0362242012089755
2020-12-23,354.5,3.545,57850,7815.3778999999995,7979.310344827586,-163.93244482758655,-2.0544688418323296
2020-12-24,357.0,3.57,58130,7870.493399999999,8017.931034482759,-147.43763448275968,-1.8388488732152204
2020-12-28,357.2,3.572,58770,7874.902639999999,8106.206896551724,-231.3042565517244,-2.85342157563383
2020-12-29,354.85,3.5485,58180,7823.09407,8024.827586206897,-201.73351620689664,-2.5138672954623593
2020-12-30,354.4,3.5439999999999996,58480,7813.173279999999,8066.206896551724,-253.03361655172466,-3.136959165526682
2020-12-31,351.8,3.5180000000000002,57750,7755.853160000001,7965.517241379311,-209.66408137931012,-2.6321464761904734
2021-01-04,356.3,3.563,58160,7855.06106,8022.068965517241,-167.00790551724094,-2.0818557685694583
2021-01-05,364.75,3.6475,58110,8041.351449999999,8015.172413793103,26.179036206895944,0.32661850369987194
2021-01-06,366.15,3.6614999999999998,59030,8072.216129999999,8142.068965517241,-69.85283551724206,-0.8579248814162375
2021-01-07,370.6,3.7060000000000004,59380,8170.321720000001,8190.3448275862065,-20.023107586205697,-0.24447209498146058
2021-01-08,366.3,3.6630000000000003,60310,8075.52306,8318.620689655172,-243.09762965517166,-2.922330981595083
2021-01-11,355.55,3.5555000000000003,58580,7838.52641,8080.0,-241.4735899999996,-2.9885345297029655
2021-01-12,364.2,3.642,58710,8029.22604,8097.931034482759,-68.7049944827595,-0.8484265201839659
2021-01-13,361.0,3.61,58780,7958.678199999999,8107.586206896552,-148.90800689655225,-1.8366503062266144
2021-01-14,367.1,3.6710000000000003,58740,8093.16002,8102.068965517241,-8.908945517240682,-0.10995889513107755
2021-01-15,359.7,3.597,58690,7930.018139999999,8095.172413793103,-165.15427379310404,-2.0401575822116276
2021-01-18,361.3,3.613,59280,7965.29206,8176.551724137931,-211.2596641379314,-2.583725649460193
2021-01-19,363.0,3.63,58890,8002.770599999999,8122.758620689655,-119.98802068965597,-1.4771831380540088
2021-01-20,364.5,3.645,59120,8035.8399,8154.482758620689,-118.64285862068937,-1.4549403332205648
2021-01-21,364.6,3.6460000000000004,59340,8038.04452,8184.827586206897,-146.78306620689636,-1.793355628581056
2021-01-22,361.8,3.6180000000000003,58810,7976.31516,8111.724137931034,-135.40897793103431,-1.6692995919061364
2021-01-25,363.05,3.6305,59090,8003.87291,8150.3448275862065,-146.47191758620647,-1.7971254061600896
2021-01-26,361.65,3.6165,58470,7973.0082299999995,8064.827586206897,-91.81935620689728,-1.1385160466906197
2021-01-27,354.6,3.5460000000000003,58720,7817.58252,8099.310344827586,-281.7278248275861,-3.47841745572207
2021-01-28,357.45,3.5745,57760,7880.4141899999995,7966.896551724138,-86.48236172413817,-1.085521333968147
2021-01-29,354.0,3.54,57550,7804.3548,7937.931034482759,-133.576234482759,-1.6827588184187707
2021-02-01,355.15,3.5515,57910,7829.70793,7987.586206896552,-157.87827689655205,-1.9765455145916118
2021-02-02,352.65,3.5265,57300,7774.59243,7903.448275862069,-128.85584586206915,-1.6303750130890076
2021-02-03,356.25,3.5625,57000,7853.95875,7862.068965517241,-8.110215517241159,-0.1031562499999972
2021-02-04,355.1,3.551,57820,7828.60562,7975.172413793103,-146.566793793103,-1.8377884036665455
2021-02-05,363.75,3.6375,58210,8019.30525,8028.9655172413795,-9.660267241379188,-0.1203177074385829
2021-02-08,367.9,3.679,58790,8110.796979999999,8108.9655172413795,1.8314627586196366,0.022585652321810454
2021-02-09,371.8,3.718,59570,8196.77716,8216.551724137931,-19.77456413793152,-0.240667433271787
2021-02-10,377.3,3.773,60800,8318.03126,8386.206896551725,-68.17563655172489,-0.812949613486851
2021-02-18,390.6,3.906,63210,8611.245719999999,8718.620689655172,-107.37496965517312,-1.2315591362126326
2021-02-19,406.5,4.065,64320,8961.7803,8871.724137931034,90.05616206896593,1.0150920009328406
2021-02-22,414.7,4.147,67370,9142.55914,9292.413793103447,-149.85465310344807,-1.6126558334570262
2021-02-23,421.3,4.213,67950,9288.06406,9372.413793103447,-84.34973310344685,-0.8999787564385426
2021-02-24,432.75,4.3275,67910,9540.49305,9366.896551724138,173.59649827586145,1.8532979126785385
2021-02-25,420.55,4.2055,70150,9271.52941,9675.862068965518,-404.33265896551893,-4.178776589451194
2021-02-26,409.9,4.099,67950,9036.73738,9372.413793103447,-335.676413103447,-3.5815364164826944
2021-03-01,410.0,4.1,67450,9038.942,9303.448275862069,-264.50627586206974,-2.8430993328391487
2021-03-02,421.1,4.211,66780,9283.65482,9211.034482758621,72.62033724137837,0.7884058775082257
2021-03-03,410.45,4.1045,67810,9048.86279,9353.103448275862,-304.2406582758631,-3.2528311052942156
2021-03-04,394.0,3.94,66460,8686.2028,9166.896551724138,-480.69375172413856,-5.243800331026188
2021-03-05,409.95,4.0995,65920,9037.839689999999,9092.413793103447,-54.57410310344858,-0.6002157880764597
2021-03-08,407.55,4.0755,65770,8984.92881,9071.724137931034,-86.79532793103499,-0.9567677170442508
2021-03-09,401.3,4.013,66000,8847.14006,9103.448275862069,-256.3082158620691,-2.8155069166666684
2021-03-10,403.1,4.031000000000001,65400,8886.82322,9020.689655172413,-133.86643517241282,-1.4839933562691026
2021-03-11,414.55,4.1455,67360,9139.25221,9291.034482758621,-151.78227275862082,-1.6336423359560581
2021-03-12,415.1,4.151,66920,9151.37762,9230.344827586207,-78.96720758620722,-0.8555174163179953
2021-03-15,413.9,4.138999999999999,67520,9124.922179999998,9313.103448275862,-188.18126827586457,-2.020607516291496
2021-03-16,406.0,4.06,66740,8950.757199999998,9205.51724137931,-254.7600413793116,-2.767471231645204
2021-03-17,414.55,4.1455,66940,9139.25221,9233.103448275862,-93.85123827586176,-1.0164647109351623
2021-03-18,406.15,4.0615,66920,8954.064129999999,9230.344827586207,-276.2806975862077,-2.9931785079199127
2021-03-19,410.1,4.101,66020,9041.14662,9106.206896551725,-65.06027655172511,-0.7144607770372721
2021-03-22,414.15,4.1415,66800,9130.433729999999,9213.793103448275,-83.35937344827653,-0.9047237387724623
2021-03-23,402.7,4.027,67040,8878.00474,9246.896551724138,-368.89181172413737,-3.989358047434362
2021-03-24,402.75,4.0275,66480,8879.107049999999,9169.655172413793,-290.5481224137948,-3.1685828632671664
2021-03-25,399.5,3.995,65560,8807.4569,9042.758620689656,-235.30172068965658,-2.602101090604042
2021-03-26,407.7,4.077,66170,8988.23574,9126.896551724138,-138.6608117241376,-1.519254775578053
2021-03-29,403.65,4.0365,66340,8898.94863,9150.344827586207,-251.39619758620574,-2.747395888604148
2021-03-30,397.8,3.978,65880,8769.97836,9086.896551724138,-316.9181917241385,-3.4876394808743236
2021-03-31,398.3,3.983,65600,8781.00146,9048.275862068966,-267.2744020689661,-2.9538710594512256
2021-04-01,401.3,4.013,65090,8847.14006,8977.931034482759,-130.79097448275934,-1.4568052926716932
2021-04-06,410.7,4.107,67010,9054.37434,9242.758620689656,-188.3842806896555,-2.038182413072679
2021-04-07,406.05,4.0605,66900,8951.85951,9227.586206896553,-275.7266968965523,-2.9880695852017998
2021-04-08,409.2,4.092,66850,9021.30504,9220.689655172413,-199.38461517241376,-2.1623611967090497
2021-04-09,404.5,4.045,66720,8917.687899999999,9202.758620689656,-285.0707206896568,-3.097665954736229
2021-04-12,401.9,4.019,65690,8860.36778,9060.689655172413,-200.32187517241255,-2.2108899299741074
2021-04-13,403.85,4.0385,65870,8903.35787,9085.51724137931,-182.15937137930996,-2.0049422233186536
2021-04-14,410.6,4.106,66190,9052.16972,9129.655172413793,-77.48545241379361,-0.8487226620335454
2021-04-15,422.5,4.225,68040,9314.519499999999,9384.827586206897,-70.30808620689822,-0.749167585243992
2021-04-16,416.45,4.1645,68540,9181.13999,9453.793103448275,-272.6531134482757,-2.8840605084622104
2021-04-19,423.8,4.238,69660,9343.17956,9608.275862068966,-265.0963020689651,-2.7590413293138054
2021-04-20,420.4,4.204,69450,9268.222479999999,9579.310344827587,-311.0878648275884,-3.2474975089993032
2021-04-21,428.7,4.287,68720,9451.20594,9478.620689655172,-27.414749655172272,-0.28922720459836876
2021-04-22,426.8,4.268,69140,9409.318159999999,9536.551724137931,-127.23356413793226,-1.3341673994793302
2021-04-23,433.25,4.3325,69440,9551.51615,9577.931034482759,-26.41488448275959,-0.275789044498858
2021-04-26,444.55,4.4455,70980,9800.63821,9790.344827586207,10.293382413792642,0.10513809876020942
2021-04-27,448.25,4.4825,72480,9882.209149999999,9997.241379310344,-115.03222931034543,-1.1506397109547521
2021-04-28,449.8,4.498,71340,9916.38076,9840.0,76.38076000000001,0.7762272357723577
2021-04-29,448.25,4.4825,72380,9882.209149999999,9983.448275862069,-101.23912586207007,-1.0140697188449959
2021-04-30,445.5,4.455,71890,9821.5821,9915.862068965518,-94.27996896551849,-0.9507995201001654
2021-05-06,460.95,4.6095,73240,10162.195889999999,10102.068965517241,60.12692448275811,0.5951941596122288
2021-05-07,474.75,4.7475,74900,10466.433449999999,10331.034482758621,135.39896724137725,1.3106041555407009
2021-05-10,469.3,4.6930000000000005,77720,10346.28166,10720.0,-373.71833999999944,-3.4861785447761138
2021-05-11,479.75,4.7975,76000,10576.66445,10482.758620689656,93.90582931034442,0.895812187499996
2021-05-12,471.65,4.7165,77090,10398.09023,10633.103448275862,-235.01321827586253,-2.210203440783504
2021-05-13,467.85,4.6785000000000005,75970,10314.314670000002,10478.620689655172,-164.30601965517053,-1.568011902724742
2021-05-14,466.35,4.6635,74560,10281.245369999999,10284.137931034482,-2.892561034483151,-0.028126431732836438
2021-05-17,471.75,4.7175,74750,10400.29485,10310.344827586207,89.9500224137937,0.8724249665551899
2021-05-18,470.6,4.706,76100,10374.94172,10496.551724137931,-121.61000413793045,-1.1585709986859338
2021-05-19,456.75,4.5675,74090,10069.60185,10219.310344827587,-149.70849482758786,-1.464956927385628
2021-05-20,452.85,4.5285,73450,9983.62167,10131.034482758621,-147.41281275862093,-1.4550618005445903
2021-05-21,450.8,4.508,72160,9938.426959999999,9953.103448275862,-14.676488275863449,-0.14745640243903826
2021-05-24,453.25,4.5325,71640,9992.440149999999,9881.379310344828,111.06083965517064,1.1239406581518525
2021-05-25,451.0,4.51,72230,9942.8362,9962.758620689656,-19.922420689656064,-0.1999689187318378
2021-05-26,452.2,4.522,71780,9969.29164,9900.689655172413,68.60198482758642,0.6929010727222089
2021-05-27,466.7,4.667,71940,10288.961539999998,9922.758620689656,366.2029193103426,3.6905353975534947
2021-05-28,466.95,4.6695,73350,10294.47309,10117.241379310344,177.2317106896553,1.7517790081799605
2021-05-31,466.9,4.669,73950,10293.37078,10200.0,93.37077999999929,0.9153998039215617
2021-06-01,465.2,4.652,74160,10255.89224,10228.965517241379,26.9267227586206,0.26323994066882334
2021-06-02,460.1,4.601,73680,10143.456619999999,10162.758620689656,-19.30200068965678,-0.1899287527144566
2021-06-03,446.85,4.468500000000001,73020,9851.34447,10071.724137931034,-220.37966793103442,-2.188102701314708
2021-06-04,451.5,4.515,70910,9953.859299999998,9780.689655172413,173.16964482758522,1.7705259131293087
2021-06-07,452.1,4.521,71390,9967.087019999999,9846.896551724138,120.19046827586135,1.2205923728813486
2021-06-08,454.2,4.542,71420,10013.384039999999,9851.034482758621,162.34955724137762,1.6480457714925618
2021-06-09,451.55,4.5155,71510,9954.96161,9863.448275862069,91.51333413793145,0.9278026464830136
2021-06-10,448.95,4.4895,71290,9897.641489999998,9833.103448275862,64.53804172413584,0.6563344122597627
2021-06-11,454.9,4.5489999999999995,71770,10028.816379999998,9899.310344827587,129.50603517241143,1.3082329037201934
2021-06-15,433.5,4.335,70230,9557.027699999999,9686.896551724138,-129.86885172413895,-1.340665207176431
2021-06-16,426.8,4.268,68450,9409.318159999999,9441.379310344828,-32.061150344829,-0.33958121256393026
2021-06-17,417.2,4.172,68800,9197.67464,9489.655172413793,-291.9805324137942,-3.0768297383721044
2021-06-18,412.2,4.122,67260,9087.44364,9277.241379310344,-189.7977393103447,-2.0458424174843874
2021-06-21,417.7,4.177,66350,9208.697739999998,9151.724137931034,56.97360206896337,0.6225450113036691
2021-06-22,422.95,4.2295,67350,9324.440289999999,9289.655172413793,34.78511758620516,0.37445004083145866
2021-06-23,431.7,4.317,68480,9517.34454,9445.51724137931,71.82729862069027,0.7604379599883243
2021-06-24,431.0,4.31,68480,9501.912199999999,9445.51724137931,56.39495862068907,0.5970552716121433
2021-06-25,427.6,4.276,68700,9426.955119999999,9475.862068965518,-48.906948965519405,-0.5161213682678539
2021-06-28,427.8,4.2780000000000005,68630,9431.364360000001,9466.206896551725,-34.84253655172324,-0.36807283986593836
2021-06-29,425.7,4.257,68150,9385.06734,9400.0,-14.932660000000396,-0.1588580851063872
2021-06-30,429.15,4.2915,68390,9461.12673,9433.103448275862,28.023281724137632,0.2970738302383358
2021-07-01,424.1,4.2410000000000005,68260,9349.79342,9415.172413793103,-65.37899379310329,-0.6944003882215044
2021-07-02,427.8,4.2780000000000005,68260,9431.364360000001,9415.172413793103,16.191946206898137,0.17197716085556913
2021-07-05,433.65,4.3365,69520,9560.33463,9588.965517241379,-28.63088724137924,-0.29858160601265754
2021-07-06,424.9,4.249,70100,9367.430379999998,9668.965517241379,-301.53513724138065,-3.118587368045663
2021-07-07,430.6,4.306,69110,9493.093719999999,9532.413793103447,-39.32007310344852,-0.41248810591810414
2021-07-08,426.9,4.269,68740,9411.52278,9481.379310344828,-69.85653034482857,-0.7367760328775198
2021-07-09,434.05,4.3405000000000005,68920,9569.153110000001,9506.206896551725,62.94621344827647,0.6621590938769651
2021-07-12,432.8,4.328,68980,9541.59536,9514.48275862069,27.112601379309126,0.28496138011016403
2021-07-13,429.1,4.291,69200,9460.02442,9544.827586206897,-84.803166206897,-0.8884724783237041
2021-07-14,426.55,4.2655,68870,9403.80661,9499.310344827587,-95.50373482758732,-1.0053754573834877
2021-07-15,431.15,4.3115,68800,9505.21913,9489.655172413793,15.563957586206016,0.16400972747092094
2021-07-16,430.55,4.3055,69340,9491.99141,9564.137931034482,-72.14652103448134,-0.7543442132967837
2021-07-19,420.15,4.201499999999999,68740,9262.710929999997,9481.379310344828,-218.66838034483044,-2.3062929262438474
2021-07-20,425.85,4.258500000000001,68130,9388.37427,9397.241379310344,-8.867109310343949,-0.09435864156758202
2021-07-21,427.95,4.2795,68020,9434.671289999998,9382.068965517241,52.60232448275747,0.5606687040576178
2021-07-22,433.8,4.338,68960,9563.64156,9511.724137931034,51.91742206896561,0.5458255655452445
2021-07-23,445.5,4.455,69670,9821.5821,9609.655172413793,211.92692758620615,2.2053541337734957
2021-07-26,459.1,4.591,70770,10121.41042,9761.379310344828,360.03110965517226,3.688322092694643
2021-07-27,455.9,4.559,71770,10050.862579999999,9899.310344827587,151.5522351724121,1.5309373066740806
2021-07-28,447.5,4.475,71850,9865.6745,9910.344827586207,-44.67032758620735,-0.45074443284621196
2021-07-29,452.0,4.52,71610,9964.882399999999,9877.241379310344,87.6410206896544,0.8873026113671196
2021-07-30,447.65,4.4765,71820,9868.981429999998,9906.206896551725,-37.22546655172664,-0.3757792153996354
2021-08-02,443.15,4.4315,71480,9769.773529999999,9859.310344827587,-89.53681482758839,-0.9081448062395296
2021-08-03,438.0,4.38,70450,9656.2356,9717.241379310344,-61.005779310344224,-0.6278096522356219
2021-08-04,433.2,4.332,70120,9550.41384,9671.724137931034,-121.31029793103517,-1.2542778950370863
2021-08-05,434.7,4.3469999999999995,69220,9583.483139999998,9547.586206896553,35.89693310344592,0.37597914620049533
2021-08-06,433.6,4.336,70330,9559.232320000001,9700.689655172413,-141.45733517241206,-1.4582193658467049
2021-08-09,429.1,4.291,69470,9460.02442,9582.068965517241,-122.0445455172412,-1.2736763423060298
2021-08-10,434.75,4.3475,69550,9584.58545,9593.103448275862,-8.517998275861828,-0.08879293673615853
2021-08-11,436.65,4.366499999999999,69770,9626.473229999998,9623.448275862069,3.024954137928944,0.0314331625340187
2021-08-12,436.25,4.3625,70410,9617.65475,9711.724137931034,-94.06938793103473,-0.9686167625337335
2021-08-13,435.75,4.3575,69970,9606.63165,9651.034482758621,-44.402832758622026,-0.4600836608546658
2021-08-16,432.7,4.327,69660,9539.390739999999,9608.275862068966,-68.88512206896667,-0.7169353072064432
2021-08-17,422.3,4.223,69710,9310.11026,9615.172413793103,-305.0621537931038,-3.1727164180175045
2021-08-18,411.25,4.1125,68720,9066.499749999999,9478.620689655172,-412.12093965517306,-4.347899901775327
2021-08-19,404.6,4.046,66790,8919.89252,9212.413793103447,-292.52127310344804,-3.1752945500823455
2021-08-20,414.35,4.1435,67200,9134.84297,9268.965517241379,-134.12254724137892,-1.4470066480654722
2021-08-23,422.15,4.2215,67620,9306.803329999999,9326.896551724138,-20.093221724138857,-0.21543309301982655
2021-08-24,425.3,4.253,68560,9376.24886,9456.551724137931,-80.30286413793146,-0.8491770201283593
2021-08-25,426.2,4.262,69100,9396.090439999998,9531.034482758621,-134.94404275862325,-1.4158383646888837
2021-08-26,424.9,4.249,68590,9367.430379999998,9460.689655172413,-93.25927517241507,-0.9857555693249882
2021-08-27,433.45,4.3345,69130,9555.92539,9535.172413793103,20.752976206897074,0.21764657529293185
2021-08-30,437.75,4.3775,70130,9650.72405,9673.103448275862,-22.379398275861604,-0.2313569620704358
2021-08-31,436.55,4.3655,70100,9624.26861,9668.965517241379,-44.69690724137945,-0.4622718651925835
2021-09-01,427.95,4.2795,68900,9434.671289999998,9503.448275862069,-68.77698586207043,-0.7237055841799864
2021-09-02,429.6,4.296,69020,9471.04752,9520.0,-48.95247999999992,-0.5142067226890749
2021-09-03,433.6,4.336,69090,9559.232320000001,9529.655172413793,29.577147586207502,0.31036954696772956
2021-09-06,433.0,4.33,69510,9546.0046,9587.586206896553,-41.58160689655233,-0.4337025607826275
2021-09-07,427.35,4.2735,69070,9421.44357,9526.896551724138,-105.45298172413823,-1.1068975206312468
2021-09-08,423.55,4.2355,68680,9337.66801,9473.103448275862,-135.4354382758629,-1.4296839363715872
2021-09-09,427.9,4.279,69300,9433.56898,9558.620689655172,-125.05170965517209,-1.3082610317460284
2021-09-10,442.55,4.4255,70080,9756.54581,9666.206896551725,90.33891344827498,0.9345849350741918
2021-09-13,436.6,4.3660000000000005,71480,9625.370920000001,9859.310344827587,-233.93942482758575,-2.3727767627308287
2021-09-14,431.4,4.314,69840,9510.730679999999,9633.103448275862,-122.37276827586356,-1.27033586769761
2021-09-15,440.25,4.4025,69810,9705.839549999999,9628.965517241379,76.87403275862016,0.7983623227331273
2021-09-16,428.2,4.282,69650,9440.18284,9606.896551724138,-166.7137117241382,-1.7353545010768154
2021-09-17,423.75,4.2375,69270,9342.077249999998,9554.48275862069,-212.40550862069176,-2.223097932005219
2021-09-22,422.25,4.2225,68780,9309.00795,9486.896551724138,-177.88860172413843,-1.8750979390811335
2021-09-23,423.15,4.2315,68660,9328.84953,9470.344827586207,-141.49529758620702,-1.4940881262743968
2021-09-24,428.1,4.281000000000001,69250,9437.97822,9551.724137931034,-113.74591793103355,-1.1908417400721925
2021-09-27,427.9,4.279,69340,9433.56898,9564.137931034482,-130.56895103448187,-1.3651930992212196
2021-09-28,424.6,4.246,69230,9360.81652,9548.965517241379,-188.1489972413783,-1.9703600028889108
2021-09-29,417.7,4.177,68360,9208.697739999998,9428.965517241379,-220.26777724138083,-2.3360757533645566
2021-09-30,410.5,4.105,67950,9049.965100000001,9372.413793103447,-322.4486931034462,-3.440401802796152
2021-10-08,427.85,4.2785,68840,9432.46667,9495.172413793103,-62.705743793103466,-0.6603960524404419
2021-10-11,433.85,4.3385,70260,9564.743869999998,9691.034482758621,-126.29061275862296,-1.3031695737261833
2021-10-12,432.1,4.321000000000001,69680,9526.163020000002,9611.034482758621,-84.8714627586196,-0.8830627224454536
2021-10-13,448.95,4.4895,70100,9897.641489999998,9668.965517241379,228.67597275861954,2.3650510734664647
2021-10-14,461.1,4.611000000000001,72480,10165.502820000002,9997.241379310344,168.26144068965732,1.6830787044702205
2021-10-15,472.1,4.721,73820,10408.01102,10182.068965517241,225.94205448275898,2.219019093741537
2021-10-18,471.15,4.7115,76270,10387.06713,10520.0,-132.93287000000055,-1.2636204372623627
2021-10-19,468.45,4.6845,75810,10327.542389999999,10456.551724137931,-129.00933413793246,-1.2337655619311572
2021-10-20,473.15,4.7315,73380,10431.159529999999,10121.379310344828,309.7802196551711,3.0606522110929277
2021-10-21,455.75,4.5575,72890,10047.55565,10053.793103448275,-6.237453448275119,-0.06204079777746551
2021-10-22,450.15,4.5015,72390,9924.09693,9984.827586206897,-60.73065620689704,-0.6082293928719484
2021-10-25,452.95,4.5295,72110,9985.826289999999,9946.206896551725,39.61939344827442,0.39833671127442727
2021-10-26,449.55,4.4955,72000,9910.869209999999,9931.034482758621,-20.16527275862245,-0.20305309375001773
2021-10-27,438.75,4.3875,70560,9672.77025,9732.413793103447,-59.64354310344788,-0.6128340242346899
2021-10-28,443.25,4.4325,71110,9771.978149999999,9808.275862068966,-36.297712068966575,-0.37007229995782265
2021-10-29,437.4,4.374,70540,9643.00788,9729.655172413793,-86.64729241379428,-0.8905484406010893
2021-11-01,438.9,4.388999999999999,70140,9676.077179999998,9674.48275862069,1.5944213793081872,0.016480688622732186
2021-11-02,437.1,4.371,69660,9636.39402,9608.275862068966,28.118157931034148,0.29264519810507833
2021-11-03,434.75,4.3475,71350,9584.58545,9841.379310344828,-256.7938603448274,-2.6093279432375596
2021-11-04,432.1,4.321000000000001,70150,9526.163020000002,9675.862068965518,-149.69904896551634,-1.5471391375623569
2021-11-05,434.1,4.341,69590,9570.25542,9598.620689655172,-28.365269655172597,-0.29551401781865405
2021-11-08,439.75,4.3975,70000,9694.81645,9655.172413793103,39.644036206897,0.4105989464285761
2021-11-09,437.3,4.373,70550,9640.80326,9731.034482758621,-90.23122275862079,-0.9272521119773219
2021-11-10,430.15,4.3015,70330,9483.172929999999,9700.689655172413,-217.51672517241423,-2.2422810429404283
2021-11-11,440.35,4.4035,70420,9708.04417,9713.103448275862,-5.059278275863107,-0.05208714498723023
2021-11-12,445.15,4.451499999999999,70570,9813.865929999998,9733.793103448275,80.07282655172276,0.8226271680600681
2021-11-15,440.95,4.4094999999999995,70830,9721.271889999998,9769.655172413793,-48.383282413795314,-0.4952404313144374
2021-11-16,434.45,4.3445,70360,9577.97159,9704.827586206897,-126.85599620689754,-1.3071432241330403
2021-11-17,420.15,4.201499999999999,70140,9262.710929999997,9674.48275862069,-411.77182862069276,-4.256267119332795
2021-11-18,429.95,4.2995,68910,9478.76369,9504.827586206897,-26.06389620689697,-0.27421745392541436
2021-11-19,439.8,4.398,70960,9695.918759999999,9787.586206896553,-91.66744689655388,-0.9365684751973161
2021-11-22,439.2,4.3919999999999995,70180,9682.691039999998,9680.0,2.6910399999978836,0.027799999999978134
2021-11-23,441.85,4.4185,70740,9741.113469999998,9757.241379310344,-16.127909310345785,-0.16529169140515543
2021-11-24,447.3,4.473,71220,9861.265259999998,9823.448275862069,37.81698413792947,0.3849664911541542
2021-11-25,443.7,4.437,71970,9781.898940000001,9926.896551724138,-144.99761172413673,-1.4606540016673493
2021-11-26,428.65,4.2865,70560,9450.10363,9732.413793103447,-282.31016310344785,-2.900720921910427
2021-11-29,435.5,4.355,70230,9601.1201,9686.896551724138,-85.77645172413759,-0.8854894987896875
2021-11-30,431.05,4.3105,69450,9503.01451,9579.310344827587,-76.29583482758608,-0.7964647984161253
2021-12-01,422.8,4.228,69650,9321.13336,9606.896551724138,-285.76319172413787,-2.9745630150753763
2021-12-02,429.0,4.29,68650,9457.8198,9468.965517241379,-11.145717241379316,-0.11770786598689009
2021-12-03,426.9,4.269,69460,9411.52278,9580.689655172413,-169.1668751724137,-1.7657066585084935
2021-12-06,433.4,4.334,69080,9554.823079999998,9528.275862068966,26.54721793103272,0.2786151273885165
2021-12-07,434.0,4.34,69420,9568.050799999999,9575.172413793103,-7.1216137931041885,-0.07437582829156636
2021-12-08,438.0,4.38,69570,9656.2356,9595.862068965518,60.37353103448186,0.6291621388529444
2021-12-09,431.5,4.315,69710,9512.935300000001,9615.172413793103,-102.23711379310225,-1.0632894491464515
2021-12-10,429.4,4.294,69530,9466.63828,9590.344827586207,-123.70654758620731,-1.2899071911405193
2021-12-13,429.25,4.2925,69570,9463.33135,9595.862068965518,-132.53071896551774,-1.3811236344688853
2021-12-14,426.7,4.2669999999999995,68910,9407.113539999998,9504.827586206897,-97.71404620689827,-1.0280464881729974
2021-12-15,424.5,4.245,68000,9358.6119,9379.310344827587,-20.698444827587082,-0.22068194852942108
2021-12-16,429.9,4.2989999999999995,68590,9477.661379999998,9460.689655172413,16.971724827584694,0.17939204694560293
2021-12-17,428.5,4.285,69370,9446.796699999999,9568.275862068966,-121.47916206896662,-1.269603466916546
2021-12-20,430.35,4.3035000000000005,68630,9487.582170000001,9466.206896551725,21.375273448276857,0.2258061088445391
2021-12-21,434.95,4.3495,69230,9588.99469,9548.965517241379,40.029172758620916,0.4191990502672276
2021-12-22,438.8,4.388,69690,9673.87256,9612.413793103447,61.45876689655233,0.639368718610998
2021-12-23,440.5,4.405,70180,9711.3511,9680.0,31.35109999999986,0.3238749999999986
2021-12-24,440.35,4.4035,69750,9708.04417,9620.689655172413,87.35451482758617,0.9079859964157703
2021-12-27,446.5,4.465,69530,9843.628299999998,9590.344827586207,253.28347241379197,2.641025708327329
2021-12-28,443.45,4.4345,70470,9776.38739,9720.0,56.38738999999987,0.5801171810699575
2021-12-29,441.5,4.415,70200,9733.397299999999,9682.758620689656,50.63867931034292,0.5229778133902937
2021-12-30,438.8,4.388,69950,9673.87256,9648.275862068966,25.596697931034214,0.2652981558255869
2021-12-31,445.75,4.4575,70380,9827.093649999999,9707.586206896553,119.50744310344635,1.2310726946575532
2022-01-04,447.0,4.47,69730,9854.651399999999,9617.931034482759,236.72036551723977,2.461239997131777
2022-01-05,439.1,4.391,70110,9680.48642,9670.344827586207,10.14159241379275,0.10487312081015182
2022-01-06,435.4,4.354,69490,9598.91548,9584.827586206897,14.087893793102921,0.14698119153834535
2022-01-07,440.0,4.4,69520,9700.328,9588.965517241379,111.3624827586209,1.1613607594936732
2022-01-10,437.25,4.3725,69780,9639.700949999999,9624.827586206897,14.873363793101817,0.15453122312981968
2022-01-11,443.2,4.4319999999999995,69720,9770.875839999999,9616.551724137931,154.32411586206763,1.6047760183591369
2022-01-12,455.65,4.5565,71170,10045.35103,9816.551724137931,228.79930586206865,2.330750270479131
2022-01-13,451.1,4.511,71440,9945.04082,9853.793103448275,91.2477165517248,0.9260161604143404
2022-01-14,442.85,4.4285000000000005,71460,9763.159670000001,9856.551724137931,-93.39205413793024,-0.9475124440246211
2022-01-17,443.05,4.4305,70170,9767.56891,9678.620689655172,88.94822034482786,0.9190175252957132
2022-01-18,440.25,4.4025,70100,9705.839549999999,9668.965517241379,36.87403275862016,0.3813648181169703
2022-01-19,445.0,4.45,70020,9810.559,9657.931034482759,152.62796551724023,1.5803381176806506
2022-01-20,453.0,4.53,71180,9986.9286,9817.931034482759,168.99756551724022,1.7213154678280298
2022-01-21,451.7,4.5169999999999995,71290,9958.26854,9833.103448275862,125.1650917241368,1.2728950974891173
2022-01-24,445.2,4.452,70480,9814.96824,9721.379310344828,93.58892965517225,0.9627124574347315
2022-01-25,445.8,4.458,69570,9828.19596,9595.862068965518,232.33389103448098,2.4211883139283987
2022-01-26,445.45,4.4544999999999995,70730,9820.479789999998,9755.862068965518,64.61772103447947,0.6623476283047874
2022-01-27,441.6,4.416,69780,9735.601920000001,9624.827586206897,110.77433379310423,1.1509227858985465
2022-01-28,432.8,4.328,70290,9541.59536,9695.172413793103,-153.57705379310391,-1.5840569640062647
2022-02-07,448.35,4.4835,70430,9884.41377,9714.48275862069,169.93101137930898,1.7492543411898198
2022-02-08,447.1,4.471,70590,9856.85602,9736.551724137931,120.3042958620681,1.235594482221269
2022-02-09,463.45,4.6345,70450,10217.311389999999,9717.241379310344,500.07001068965474,5.146213736692686
2022-02-10,461.85,4.6185,73030,10182.03747,10073.103448275862,108.93402172413698,1.0814345577159978
2022-02-11,443.55,4.4355,71480,9778.59201,9859.310344827587,-80.71833482758666,-0.8187016333240112
2022-02-14,449.0,4.49,71360,9898.7438,9842.758620689656,55.98517931034439,0.5687956137892333
2022-02-15,453.25,4.5325,71060,9992.440149999999,9801.379310344828,191.06083965517064,1.9493260448916225
2022-02-16,453.55,4.5355,71510,9999.05401,9863.448275862069,135.605734137931,1.3748308942805199
2022-02-17,449.9,4.499,71160,9918.585379999999,9815.172413793103,103.41296620689536,1.05360315486227
2022-02-18,451.4,4.513999999999999,71890,9951.654679999998,9915.862068965518,35.792611034479705,0.36096317985808574
2022-02-21,448.2,4.482,71460,9881.10684,9856.551724137931,24.555115862069215,0.24912481108312598
2022-02-22,450.5,4.505,71030,9931.8131,9797.241379310344,134.5717206896552,1.3735674714909196
2022-02-23,445.95,4.4595,71300,9831.50289,9834.48275862069,-2.9798686206904677,-0.030300206872378527
2022-02-24,450.45,4.5045,70970,9930.71079,9788.965517241379,141.74527275862056,1.448010747498942
2022-02-25,448.65,4.4864999999999995,70690,9891.027629999999,9750.344827586207,140.68280241379216,1.4428495084170223
2022-02-28,450.55,4.5055000000000005,70990,9932.915410000001,9791.724137931034,141.191272068967,1.4419449535145947
2022-03-01,457.3,4.573,71050,10081.72726,9800.0,281.72725999999966,2.87476795918367
2022-03-02,467.55,4.6755,71520,10307.70081,9864.827586206897,442.87322379310353,4.4894167680369135
2022-03-03,478.35,4.7835,73010,10545.79977,10070.344827586207,475.4549424137931,4.721337258594714
2022-03-04,491.6,4.916,72890,10837.91192,10053.793103448275,784.1188165517251,7.799233667169718
2022-03-07,474.75,4.7475,74980,10466.433449999999,10342.068965517241,124.36448448275769,1.202510686182973
2022-03-08,470.85,4.7085,74000,10380.45327,10206.896551724138,173.5567182758623,1.700386766891894
2022-03-09,459.1,4.591,72720,10121.41042,10030.344827586207,91.06559241379364,0.907900914466452
2022-03-10,463.7,4.637,71940,10222.822939999998,9922.758620689656,300.0643193103424,3.0240009938837673
2022-03-11,461.05,4.6105,72150,10164.40051,9951.724137931034,212.67637206896507,2.1370806618156575
2022-03-14,450.7,4.507,71780,9936.222339999998,9900.689655172413,35.5326848275854,0.35889100724434964
2022-03-15,450.2,4.502,71360,9925.19924,9842.758620689656,82.44061931034412,0.8375763593049255
2022-03-16,462.2,4.622,72090,10189.753639999999,9943.448275862069,246.30536413793016,2.477061853238998
2022-03-17,469.7,4.697,72250,10355.10014,9965.51724137931,389.5828986206907,3.90930936332181
2022-03-18,471.65,4.7165,72830,10398.09023,10045.51724137931,352.57298862069,3.5097544521488437
2022-03-21,470.15,4.701499999999999,72880,10365.020929999999,10052.413793103447,312.6071368965513,3.1097718749999963
2022-03-22,471.0,4.71,73120,10383.760199999999,10085.51724137931,298.242958620689,2.9571409327133416
2022-03-23,477.7,4.777,73180,10531.46974,10093.793103448275,437.6766365517251,4.336096768242699
2022-03-24,472.4,4.724,73580,10414.62488,10148.965517241379,265.6593627586208,2.61760040771949
2022-03-25,469.05,4.6905,73560,10340.77011,10146.206896551725,194.56321344827484,1.9175955648450143
2022-03-28,472.3,4.723,72940,10412.420259999999,10060.689655172413,351.7306048275859,3.4960884082807757
2022-03-29,474.9,4.749,73570,10469.74038,10147.586206896553,322.15417310344674,3.1746877191789977
2022-03-30,474.6,4.746,74210,10463.12652,10235.862068965518,227.26445103448168,2.2202766069262796
2022-03-31,472.95,4.7295,73320,10426.75029,10113.103448275862,313.64684172413763,3.1013906198854304
2022-04-01,470.55,4.7055,73160,10373.839409999999,10091.034482758621,282.8049272413773,2.802536526107142
2022-04-06,470.45,4.7044999999999995,73720,10371.634789999998,10168.275862068966,203.35892793103267,1.9999351973684032
2022-04-07,471.6,4.716,73410,10396.98792,10125.51724137931,271.4706786206898,2.681054924397223
2022-04-08,472.6,4.726,73760,10419.03412,10173.793103448275,245.2410165517249,2.4105170417570574
2022-04-11,462.95,4.6295,73230,10206.28829,10100.689655172413,105.59863482758738,1.0454596510992877
2022-04-12,469.15,4.6915,73350,10342.974729999998,10117.241379310344,225.7333506896539,2.231174904567131
2022-04-13,469.85,4.6985,74030,10358.40707,10211.034482758621,147.37258724137791,1.4432679420505063
2022-04-14,472.0,4.72,74180,10405.8064,10231.724137931034,174.08226206896506,1.7013971420868115
2022-04-18,480.2,4.802,74760,10586.585239999999,10311.724137931034,274.8611020689641,2.665520318352046
2022-04-19,469.75,4.6975,75040,10356.202449999999,10350.344827586207,5.857622413792342,0.056593500133254905
2022-04-20,466.3,4.663,74480,10280.14306,10273.103448275862,7.0396117241380125,0.06852468447905558
2022-04-21,468.35,4.6835,74480,10325.33777,10273.103448275862,52.23432172413777,0.5084570790816311
2022-04-22,458.1,4.581,75010,10099.364220000001,10346.206896551725,-246.84267655172334,-2.3858277629649303
2022-04-25,449.75,4.4975,73660,9915.278449999998,10160.0,-244.72155000000203,-2.408676673228366
2022-04-26,441.35,4.4135,73260,9730.09037,10104.827586206897,-374.73721620689685,-3.7084968843843873
2022-04-27,446.25,4.4625,73320,9838.116750000001,10113.103448275862,-274.9866982758613,-2.7191128784778975
2022-04-28,444.25,4.4425,73320,9794.02435,10113.103448275862,-319.07909827586263,-3.155105649890895
2022-04-29,438.55,4.3855,73600,9668.36101,10151.724137931034,-483.3631279310339,-4.76138950747282
2022-05-05,429.0,4.29,72760,9457.8198,10035.862068965518,-578.0422689655188,-5.75976697361189
2022-05-06,424.35,4.2435,72050,9355.30497,9937.931034482759,-582.6260644827598,-5.862649503816806
2022-05-09,419.85,4.1985,71440,9256.09707,9853.793103448275,-597.6960334482756,-6.06564423642217
2022-05-10,415.85,4.1585,71720,9167.912269999999,9892.413793103447,-724.5015231034486,-7.323809317484666
2022-05-11,421.45,4.2145,71580,9291.37099,9873.103448275862,-581.7324582758629,-5.892093213886569
2022-05-12,408.75,4.0875,70880,9011.384250000001,9776.551724137931,-765.1674741379302,-7.826557826608344
2022-05-13,416.45,4.1645,71060,9181.13999,9801.379310344828,-620.2393203448282,-6.328082004643969
2022-05-16,420.65,4.2065,71270,9273.73403,9830.344827586207,-556.6107975862069,-5.662169612038726
2022-05-17,423.05,4.2305,71790,9326.644909999999,9902.068965517241,-575.4240555172419,-5.811149745786326
2022-05-18,415.2,4.152,71340,9153.58224,9840.0,-686.4177600000003,-6.975790243902442
2022-05-19,427.6,4.276,71530,9426.955119999999,9866.206896551725,-439.2517765517259,-4.452083573325895
2022-05-20,430.05,4.3005,71900,9480.96831,9917.241379310344,-436.273069310344,-4.399137347009727
2022-05-23,433.95,4.3395,72050,9566.94849,9937.931034482759,-370.9825444827584,-3.732995763358776
2022-05-24,431.25,4.3125,71770,9507.42375,9899.310344827587,-391.88659482758703,-3.9587262261390634
2022-05-25,426.9,4.269,71810,9411.52278,9904.827586206897,-493.3048062068974,-4.980448189667186
2022-05-26,427.3,4.273,71080,9420.34126,9804.137931034482,-383.79667103448264,-3.9146396525042197
2022-05-27,432.15,4.3214999999999995,71900,9527.265329999998,9917.241379310344,-389.97604931034584,-3.9323036961057127
2022-05-30,433.3,4.333,71950,9552.61846,9924.137931034482,-371.5194710344822,-3.7435943919388412
2022-05-31,428.3,4.283,72120,9442.38746,9947.586206896553,-505.1987468965526,-5.078606371325577
2022-06-01,432.5,4.325,71600,9534.9815,9875.862068965518,-340.88056896551825,-3.451653805865932
2022-06-02,455.8,4.558,72130,10048.657959999999,9948.965517241379,99.69244275862002,1.0020382781089632
2022-06-06,442.95,4.4295,72680,9765.36429,10024.827586206897,-259.4632962068972,-2.588207068657134
2022-06-07,444.8,4.448,72460,9806.14976,9994.48275862069,-188.33299862068998,-1.884369638421201
2022-06-08,444.5,4.445,72790,9799.5359,10040.0,-240.46409999999923,-2.395060756972104
2022-06-09,436.75,4.3675,72810,9628.677849999998,10042.758620689656,-414.0807706896576,-4.1231775683285505
2022-06-10,427.85,4.2785,72650,9432.46667,10020.689655172413,-588.2229851724132,-5.870084848589121
2022-06-13,419.9,4.199,71720,9257.19938,9892.413793103447,-635.2144131034474,-6.421227684049072
2022-06-14,413.8,4.138,71570,9122.71756,9871.724137931034,-749.0065779310353,-7.587393726421693
2022-06-15,416.1,4.1610000000000005,70670,9173.42382,9747.586206896553,-574.1623868965526,-5.890303247488334
2022-06-16,410.5,4.105,70540,9049.965100000001,9729.655172413793,-679.6900724137922,-6.9857570527360275
2022-06-17,401.0,4.01,69740,8840.526199999998,9619.310344827587,-778.7841448275885,-8.09604968454261
2022-06-20,399.75,3.9975,68000,8812.96845,9379.310344827587,-566.3418948275867,-6.038204025735299
2022-06-21,402.45,4.0245,68030,8872.49319,9383.448275862069,-510.9550858620696,-5.445280571071593
2022-06-22,393.0,3.93,67060,8664.1566,9249.655172413793,-585.4985724137932,-6.3299502684163444
2022-06-23,373.95,3.7395,66380,8244.17649,9155.862068965518,-911.6855789655183,-9.957397480415798
2022-06-24,373.65,3.7365,63440,8237.562629999999,8750.344827586207,-512.782197586208,-5.860137031052976
2022-06-27,375.95,3.7595,63750,8288.26889,8793.103448275862,-504.83455827586295,-5.741255760784323
2022-06-28,375.6,3.7560000000000002,64890,8280.55272,8950.344827586207,-669.7921075862068,-7.483422376329172
2022-06-29,377.15,3.7714999999999996,63470,8314.72433,8754.48275862069,-439.7584286206911,-5.023237131715788
2022-06-30,367.75,3.6775,63850,8107.49005,8806.896551724138,-699.4065017241373,-7.941577349256063
2022-07-01,361.15,3.6115,61630,7961.985129999999,8500.689655172413,-538.7045251724139,-6.3371861228297925
2022-07-04,356.75,3.5675,60660,7864.981849999999,8366.896551724138,-501.91470172413847,-5.998815673425658
2022-07-05,342.8,3.428,60110,7557.43736,8291.034482758621,-733.5971227586215,-8.848077091998013
2022-07-06,343.85,3.4385000000000003,57620,7580.585870000001,7947.586206896552,-367.00033689655083,-4.617758490975345
2022-07-07,354.05,3.5405,58640,7805.45711,8088.275862068966,-282.8187520689653,-3.496650669338333
2022-07-08,351.65,3.5164999999999997,58960,7752.546229999999,8132.413793103448,-379.86756310344936,-4.671030923507476
2022-07-11,342.4,3.424,58480,7548.618879999999,8066.206896551724,-517.5880165517246,-6.416746101231197
2022-07-12,325.8,3.258,57320,7182.651959999999,7906.206896551724,-723.5549365517245,-9.151732885554784
2022-07-13,331.7,3.3169999999999997,56030,7312.724539999999,7728.275862068966,-415.55132206896633,-5.377024959842952
2022-07-14,322.55,3.2255000000000003,55450,7111.001810000001,7648.275862068966,-537.2740520689649,-7.024773449053193
2022-07-15,324.5,3.245,53480,7153.9919,7376.551724137931,-222.55982413793117,-3.017125514210922
2022-07-18,331.65,3.3164999999999996,56390,7311.622229999999,7777.931034482759,-466.30880448276,-5.995280781166891
2022-07-19,329.25,3.2925,56030,7258.71135,7728.275862068966,-469.564512068966,-6.075928453507056
2022-07-20,331.35,3.3135000000000003,56840,7305.0083700000005,7840.0,-534.9916299999995,-6.823872831632648
2022-07-21,330.5,3.305,56180,7286.2691,7748.9655172413795,-462.6964172413791,-5.971073380206477
2022-07-22,332.3,3.323,56930,7325.952259999999,7852.413793103448,-526.4615331034493,-6.7044547953627385
2022-07-25,336.65,3.3665,57220,7421.853229999999,7892.413793103448,-470.56056310344957,-5.962188190318087
2022-07-26,339.0,3.39,58890,7473.6618,8122.758620689655,-649.096820689655,-7.991088385124807
2022-07-27,347.15,3.4715,58390,7653.33833,8053.793103448276,-400.4547734482767,-4.972250569446833
2022-07-28,349.3,3.4930000000000003,59990,7700.737660000001,8274.48275862069,-573.7450986206895,-6.933908926487746
2022-07-29,359.15,3.5915,60100,7917.89273,8289.655172413793,-371.7624424137939,-4.484655087354419
2022-08-01,353.05,3.5305,60840,7783.41091,8391.724137931034,-608.3132279310348,-7.248965980440504
2022-08-02,347.25,3.4725,60250,7655.54295,8310.344827586207,-654.8018775862065,-7.879358692946053
2022-08-03,347.75,3.4775,59780,7666.566049999999,8245.51724137931,-578.9511913793103,-7.021405382234862
2022-08-04,347.25,3.4725,58750,7655.54295,8103.448275862069,-447.9053258620688,-5.527342319148935
2022-08-05,355.05,3.5505,60310,7827.503309999999,8318.620689655172,-491.11737965517295,-5.90383187282375
2022-08-08,358.7,3.5869999999999997,60930,7907.971939999999,8404.137931034482,-496.16599103448243,-5.903829698014111
2022-08-09,358.8,3.588,61220,7910.17656,8444.137931034482,-533.961371034482,-6.323456288794503
2022-08-10,363.55,3.6355,61040,8014.8960099999995,8419.310344827587,-404.4143348275875,-4.803414035878127
2022-08-11,369.3,3.693,62690,8141.66166,8646.896551724138,-505.2348917241379,-5.842962139097145
2022-08-12,367.7,3.677,62930,8106.38774,8680.0,-573.6122599999999,-6.608436175115207
2022-08-15,360.3,3.603,61480,7943.24586,8480.0,-536.75414,-6.329647877358491
2022-08-16,362.5,3.625,62040,7991.7474999999995,8557.241379310344,-565.4938793103447,-6.608366578014184
2022-08-17,358.75,3.5875,61960,7909.07425,8546.206896551725,-637.132646551725,-7.455151206423509
2022-08-18,364.9,3.6489999999999996,61170,8044.658379999999,8437.241379310344,-392.58299931034526,-4.652978167402327
2022-08-19,366.95,3.6694999999999998,61980,8089.853089999999,8548.965517241379,-459.1124272413799,-5.370385765569546
2022-08-22,365.4,3.654,62770,8055.681479999999,8657.931034482759,-602.2495544827598,-6.9560447188147325
2022-08-23,368.4,3.6839999999999997,63040,8121.820079999999,8695.172413793103,-573.3523337931047,-6.593915640862959
2022-08-24,363.85,3.6385,63420,8021.50987,8747.586206896553,-726.0763368965527,-8.300305018133091
2022-08-25,369.95,3.6995,62780,8155.99169,8659.310344827587,-503.3186548275871,-5.812456590474683
2022-08-26,369.4,3.694,63690,8143.866279999999,8784.827586206897,-640.9613062068975,-7.296230915371341
2022-08-29,360.0,3.6,62550,7936.632,8627.586206896553,-690.9542068965529,-8.00866187050361
2022-08-30,355.7,3.557,62200,7841.833339999999,8579.310344827587,-737.4770048275877,-8.595994027331207
2022-08-31,351.15,3.5115,62060,7741.52313,8560.0,-818.4768700000004,-9.561645677570098
2022-09-01,340.75,3.4075,60680,7512.24265,8369.655172413793,-857.4125224137933,-10.244299254284774
2022-09-02,340.1,3.4010000000000002,59540,7497.91262,8212.413793103447,-714.5011731034474,-8.70025781827342
2022-09-05,345.75,3.4575,60580,7622.47365,8355.862068965518,-733.3884189655182,-8.776933043083536
2022-09-06,345.85,3.4585000000000004,61630,7624.67827,8500.689655172413,-876.0113851724127,-10.305180176050612
2022-09-07,344.15,3.4414999999999996,60550,7587.199729999998,8351.724137931034,-764.524407931036,-9.154090763831562
2022-09-08,355.4,3.554,61150,7835.219479999999,8434.48275862069,-599.2632786206914,-7.104920310711385
2022-09-09,355.15,3.5515,63070,7829.70793,8699.310344827587,-869.6024148275874,-9.99622246313621
2022-09-13,353.0,3.53,63190,7782.308599999999,8715.862068965518,-933.5534689655187,-10.710971118847935
2022-09-14,351.55,3.5155000000000003,62280,7750.34161,8590.344827586207,-840.0032175862061,-9.77845749438021
2022-09-15,347.25,3.4725,62220,7655.54295,8582.068965517241,-926.5260155172409,-10.796068165380902
2022-09-16,354.1,3.5410000000000004,61950,7806.5594200000005,8544.827586206897,-738.2681662068962,-8.639942219531877
2022-09-19,352.5,3.525,62280,7771.285499999999,8590.344827586207,-819.0593275862075,-9.534650168593457
2022-09-20,349.75,3.4975,62600,7710.65845,8634.48275862069,-923.8243086206903,-10.699243190894576
2022-09-21,343.85,3.4385000000000003,62760,7580.585870000001,8656.551724137931,-1075.9658541379304,-12.42949719964945
2022-09-22,346.3,3.463,62430,7634.59906,8611.034482758621,-976.4354227586218,-11.339350977094357
2022-09-23,334.65,3.3465,62180,7377.760829999999,8576.551724137931,-1198.790894137932,-13.977539373592803
2022-09-26,329.4,3.2939999999999996,60700,7262.018279999998,8372.413793103447,-1110.395513103449,-13.262549373970355
2022-09-27,329.3,3.293,61280,7259.81366,8452.413793103447,-1192.6001331034477,-14.109580556462134
2022-09-28,338.05,3.3805,60020,7452.717909999999,8278.620689655172,-825.9027796551727,-9.976333143118964
2022-09-29,342.7,3.427,60870,7555.2327399999995,8395.862068965518,-840.6293289655187,-10.012424240184014
2022-09-30,338.9,3.389,61320,7471.457179999999,8457.931034482759,-986.4738544827596,-11.663299812459242
2022-10-10,343.75,3.4375,61260,7578.381249999999,8449.655172413793,-871.273922413794,-10.311354778811634
2022-10-11,342.05,3.4205,62360,7540.902709999999,8601.379310344828,-1060.4766003448285,-12.32914585070559
2022-10-12,342.8,3.428,62720,7557.43736,8651.034482758621,-1093.5971227586215,-12.641229496173478
2022-10-13,346.0,3.46,62340,7627.985199999999,8598.620689655172,-970.6354896551729,-11.288269650304787
2022-10-14,340.55,3.4055,63700,7507.833409999999,8786.206896551725,-1278.3734865517254,-14.549776730769242
2022-10-17,340.75,3.4075,63080,7512.24265,8700.689655172413,-1188.447005172413,-13.659227627615717
2022-10-18,336.2,3.362,62650,7411.93244,8641.379310344828,-1229.4468703448283,-14.227437845171595
2022-10-19,332.4,3.324,62120,7328.15688,8568.275862068966,-1240.118982068966,-14.473378332260149
2022-10-20,339.8,3.398,62270,7491.29876,8588.965517241379,-1097.666757241379,-12.779964653926445
2022-10-21,347.85,3.4785000000000004,62820,7668.770670000001,8664.827586206897,-996.056916206896,-11.495403760744978
2022-10-24,343.4,3.4339999999999997,63810,7570.665079999999,8801.379310344828,-1230.714230344829,-13.983197257483168
2022-10-25,340.15,3.4015,63060,7499.014929999999,8697.931034482759,-1198.9161044827597,-13.783922863146222
2022-10-26,353.95,3.5395,62750,7803.252489999999,8655.172413793103,-851.9199237931043,-9.842899517928297
2022-10-27,352.8,3.528,63450,7777.899359999999,8751.724137931034,-973.824777931035,-11.12723347517731
2022-10-28,343.2,3.432,62830,7566.25584,8666.206896551725,-1099.9510565517248,-12.69241629794685
2022-10-31,337.9,3.3789999999999996,62060,7449.410979999999,8560.0,-1110.5890200000013,-12.97417079439254
2022-11-01,346.7,3.467,63350,7643.4175399999995,8737.931034482759,-1094.5134944827596,-12.526002896606167
2022-11-02,343.5,3.435,63570,7572.8697,8768.275862068966,-1195.4061620689654,-13.633309226050022
2022-11-03,342.4,3.424,63350,7548.618879999999,8737.931034482759,-1189.31215448276,-13.610912580899779
2022-11-04,369.8,3.698,64250,8152.684759999999,8862.068965517241,-709.3842055172418,-8.004724498054479
2022-11-07,360.05,3.6005000000000003,65730,7937.73431,9066.206896551725,-1128.4725865517248,-12.447020009888947
2022-11-08,366.3,3.6630000000000003,65780,8075.52306,9073.103448275862,-997.5803882758619,-10.994919147157187
2022-11-09,367.5,3.675,66580,8101.978499999999,9183.448275862069,-1081.4697758620696,-11.776292993391415
2022-11-10,377.55,3.7755,66750,8323.542809999999,9206.896551724138,-883.3537417241387,-9.594478842696638
2022-11-11,393.6,3.9360000000000004,67630,8677.384320000001,9328.275862068966,-650.8915420689646,-6.977618926511893
2022-11-14,383.9,3.839,67010,8463.53618,9242.758620689656,-779.2224406896567,-8.430626316967633
2022-11-15,381.95,3.8194999999999997,67190,8420.546089999998,9267.586206896553,-847.0401168965545,-9.139813733442507
2022-11-16,375.7,3.7569999999999997,66710,8282.757339999998,9201.379310344828,-918.6219703448296,-9.983524636486306
2022-11-17,367.95,3.6795,66510,8111.899289999999,9173.793103448275,-1061.893813448276,-11.575297169598558
2022-11-18,363.65,3.6365,65740,8017.100629999999,9067.586206896553,-1050.4855768965535,-11.585063024794664
2022-11-21,358.1,3.5810000000000004,65030,7894.7442200000005,8969.655172413793,-1074.910952413793,-11.983860379824694
2022-11-22,362.05,3.6205000000000003,64410,7981.82671,8884.137931034482,-902.3112210344816,-10.15642967318738
2022-11-23,364.25,3.6425,64890,8030.32835,8950.344827586207,-920.0164775862067,-10.279117679919864
2022-11-24,363.0,3.63,65110,8002.770599999999,8980.689655172413,-977.9190551724141,-10.889130932268474
2022-11-25,361.75,3.6175,65170,7975.21285,8988.965517241379,-1013.7526672413787,-11.277745646002757
2022-11-28,359.95,3.5995,64130,7935.529689999999,8845.51724137931,-909.9875513793104,-10.287556132075473
2022-11-29,364.6,3.6460000000000004,65080,8038.04452,8976.551724137931,-938.5072041379308,-10.455097157344802
2022-11-30,378.3,3.783,64680,8340.077459999999,8921.379310344828,-581.3018503448293,-6.515829336734713
2022-12-01,379.6,3.7960000000000003,65890,8368.73752,9088.275862068966,-719.538342068965,-7.917215025041731
2022-12-02,385.45,3.8545,66240,8497.707789999999,9136.551724137931,-638.8439341379326,-6.992177721165476
2022-12-05,378.85,3.7885000000000004,66260,8352.202870000001,9139.310344827587,-787.107474827586,-8.6123289956233
2022-12-06,382.15,3.8215,65770,8424.955329999999,9071.724137931034,-646.7688079310356,-7.129502596168477
2022-12-07,384.4,3.844,65440,8474.55928,9026.206896551725,-551.6476165517252,-6.111621668704167
2022-12-08,388.05,3.8805,66360,8555.027909999999,9153.103448275862,-598.0755382758634,-6.5341284697106845
2022-12-09,385.55,3.8555,67120,8499.912409999999,9257.931034482759,-758.0186244827601,-8.187775666716345
2022-12-12,380.65,3.8064999999999998,66030,8391.88603,9107.586206896553,-715.7001768965529,-7.858286055580808
2022-12-13,384.6,3.846,66070,8478.96852,9113.103448275862,-634.134928275862,-6.95849588315423
2022-12-14,386.1,3.861,66510,8512.03782,9173.793103448275,-661.7552834482758,-7.213540527740189
2022-12-15,377.65,3.7765,65980,8325.74743,9100.689655172413,-774.9422251724136,-8.515203292664443
2022-12-16,377.0,3.77,65260,8311.4174,9001.379310344828,-689.9619103448276,-7.665068725099602
2022-12-19,376.15,3.7615,65110,8292.678129999998,8980.689655172413,-688.0115251724146,-7.661009917831373
2022-12-20,380.75,3.8075,65060,8394.09065,8973.793103448275,-579.7024534482753,-6.4599489509683305
2022-12-21,381.65,3.8164999999999996,65760,8413.932229999999,9070.344827586207,-656.412597586208,-7.236908960614367
2022-12-22,376.45,3.7645,65820,8299.29199,9078.620689655172,-779.3286996551724,-8.584219192494682
2022-12-23,381.15,3.8114999999999997,65450,8402.909129999998,9027.586206896553,-624.6770768965544,-6.919646764705911
2022-12-27,385.05,3.8505000000000003,66420,8488.88931,9161.379310344828,-672.4900003448274,-7.340488561427279
2022-12-28,383.35,3.8335000000000004,66440,8451.41077,9164.137931034482,-712.7271610344815,-7.777350869205285
2022-12-29,382.9,3.8289999999999997,66430,8441.489979999998,9162.758620689656,-721.2686406896573,-7.871741148577473
2022-12-30,381.9,3.819,66260,8419.44378,9139.310344827587,-719.8665648275874,-7.876596128886218
2023-01-03,376.85,3.7685000000000004,65790,8308.11047,9074.48275862069,-766.3722886206906,-8.445355057759548
2023-01-04,374.15,3.7415,64560,8248.585729999999,8904.827586206897,-656.2418562068979,-7.36950659464066
2023-01-05,382.65,3.8265,64290,8435.97843,8867.586206896553,-431.60777689655333,-4.867252111525916
2023-01-06,392.3,3.923,65240,8648.724259999999,8998.620689655172,-349.89642965517305,-3.8883340205395536
2023-01-09,401.0,4.01,66090,8840.526199999998,9115.862068965518,-275.3358689655197,-3.0204040702073196
2023-01-10,408.05,4.0805,66590,8995.95191,9184.827586206897,-188.87567620689697,-2.056387824748465
2023-01-11,417.65,4.1765,68000,9207.59543,9379.310344827587,-171.71491482758756,-1.8307840183823674
2023-01-12,417.2,4.172,68660,9197.67464,9470.344827586207,-272.67018758620725,-2.8792002039032956
2023-01-13,421.7,4.217,68630,9296.882539999999,9466.206896551725,-169.32435655172594,-1.788724442663577
2023-01-16,413.85,4.1385000000000005,68640,9123.819870000001,9467.586206896553,-343.76633689655137,-3.6309818509615344
2023-01-17,423.25,4.2325,68400,9331.05415,9434.48275862069,-103.42860862069028,-1.096282766812872
2023-01-18,422.75,4.2275,70300,9320.03105,9696.551724137931,-376.52067413793156,-3.88303682432433
2023-01-19,424.8,4.248,69680,9365.22576,9611.034482758621,-245.80872275862203,-2.5575677956372123
2023-01-20,427.85,4.2785,70420,9432.46667,9713.103448275862,-280.6367782758625,-2.88925964569725
2023-01-30,418.35,4.1835,69330,9223.02777,9562.758620689656,-339.7308506896552,-3.552644839896149
2023-01-31,422.25,4.2225,69240,9309.00795,9550.344827586207,-241.33687758620727,-2.5269964796360527
2023-02-01,418.05,4.1805,69700,9216.413910000001,9613.793103448275,-397.37919344827424,-4.133427765423225
2023-02-02,408.6,4.086,69060,9008.07732,9525.51724137931,-517.4399213793095,-5.4321451346654985
2023-02-03,403.05,4.0305,68890,8885.72091,9502.068965517241,-616.3480555172409,-6.4864616090869465
2023-02-06,403.65,4.0365,68340,8898.94863,9426.206896551725,-527.2582665517239,-5.593535897717293
2023-02-07,406.8,4.0680000000000005,68260,8968.39416,9415.172413793103,-446.77825379310343,-4.745300820392616
2023-02-08,404.7,4.047,68640,8922.097139999998,9467.586206896553,-545.4890668965545,-5.761648798076952
2023-02-09,406.8,4.0680000000000005,68640,8968.39416,9467.586206896553,-499.1920468965527,-5.272643269230779
2023-02-10,401.5,4.015,68420,8851.549299999999,9437.241379310344,-585.6920793103454,-6.206178858520907
2023-02-13,406.05,4.0605,68150,8951.85951,9400.0,-448.1404899999998,-4.767452021276593
2023-02-14,408.8,4.088,68680,9012.48656,9473.103448275862,-460.61688827586295,-4.8623652300524265
2023-02-15,402.45,4.0245,68640,8872.49319,9467.586206896553,-595.0930168965533,-6.285583293269246
2023-02-16,412.1,4.121,68510,9085.23902,9449.655172413793,-364.4161524137926,-3.8563962998102412
2023-02-17,412.7,4.127,68880,9098.46674,9500.689655172413,-402.2229151724132,-4.233618082171888
2023-02-20,417.85,4.1785000000000005,69400,9212.00467,9572.413793103447,-360.4091231034472,-3.7650808969740526
2023-02-21,421.5,4.215,70100,9292.4733,9668.965517241379,-376.49221724137897,-3.893821077032807
2023-02-22,417.75,4.1775,70090,9209.80005,9667.586206896553,-457.7861568965527,-4.735268422742198
2023-02-23,405.15,4.0515,70010,8932.01793,9656.551724137931,-724.5337941379312,-7.503028149550066
2023-02-24,395.85,3.9585000000000004,69610,8726.98827,9601.379310344828,-874.3910403448281,-9.106931536417186
2023-02-27,400.8,4.008,68300,8836.11696,9420.689655172413,-584.5726951724137,-6.20520064421669
2023-02-28,407.4,4.074,69050,8981.621879999999,9524.137931034482,-542.5160510344831,-5.696222114409852
2023-03-01,416.85,4.1685,70080,9189.95847,9666.206896551725,-476.24842655172506,-4.926942198202064
2023-03-02,407.3,4.073,69780,8979.41726,9624.827586206897,-645.4103262068966,-6.705681950415592
2023-03-03,406.9,4.069,69820,8970.59878,9630.344827586207,-659.7460475862063,-6.850700150386703
2023-03-06,407.6,4.0760000000000005,69310,8986.031120000001,9560.0,-573.9688799999985,-6.003858577405842
2023-03-07,396.55,3.9655,69590,8742.42061,9598.620689655172,-856.2000796551729,-8.920032443598224
2023-03-08,402.95,4.0295,68880,8883.51629,9500.689655172413,-617.1733651724135,-6.496090153164921
2023-03-09,400.7,4.007,69290,8833.912339999999,9557.241379310344,-723.3290393103453,-7.568387263674417
2023-03-10,400.7,4.007,68810,8833.912339999999,9491.034482758621,-657.1221427586224,-6.923609264641785
2023-03-13,404.05,4.0405,69270,8907.767109999999,9554.48275862069,-646.7156486206914,-6.768714382127923
2023-03-14,400.5,4.005,68550,8829.5031,9455.172413793103,-625.6693137931034,-6.617217396061268
2023-03-15,388.35,3.8835,68660,8561.64177,9470.344827586207,-908.7030575862063,-9.595247840809781
2023-03-16,387.25,3.8725,66420,8537.390949999999,9161.379310344828,-623.9883603448288,-6.811074394007842
2023-03-17,389.5,3.895,67220,8586.9949,9271.724137931034,-684.7292379310347,-7.385133851532284
2023-03-20,395.65,3.9564999999999997,66840,8722.579029999999,9219.310344827587,-496.731314827588,-5.387944393327368
2023-03-21,400.4,4.004,67530,8827.29848,9314.48275862069,-487.18427862069075,-5.230395409447664
2023-03-22,403.55,4.0355,68080,8896.744009999999,9390.344827586207,-493.600817586208,-5.256471691392491
2023-03-23,410.4,4.104,68350,9047.760479999999,9427.586206896553,-379.82572689655353,-4.028875669348958
2023-03-24,407.3,4.073,69760,8979.41726,9622.068965517241,-642.6517055172408,-6.6789347262041225
2023-03-27,409.7,4.0969999999999995,69250,9032.328139999998,9551.724137931034,-519.3959979310366,-5.4377198339350405
2023-03-28,407.65,4.076499999999999,69320,8987.133429999998,9561.379310344828,-574.2458803448299,-6.005889544864421
2023-03-29,408.25,4.0825,69280,9000.361149999999,9555.862068965518,-555.5009189655193,-5.8131952403291205
2023-03-30,411.1,4.111000000000001,69660,9063.19282,9608.275862068966,-545.0830420689654,-5.673057787826584
2023-03-31,408.15,4.0815,69200,8998.15653,9544.827586206897,-546.6710562068965,-5.7274062969653174
2023-04-03,405.2,4.052,69150,8933.120239999998,9537.931034482759,-604.8107944827607,-6.3411110050614825
2023-04-04,396.95,3.9695,69080,8751.23909,9528.275862068966,-777.0367720689665,-8.155061664012749
2023-04-06,401.1,4.011,68520,8842.73082,9451.034482758621,-608.3036627586207,-6.436371212784588
2023-04-10,398.75,3.9875,68740,8790.92225,9481.379310344828,-690.4570603448283,-7.282242780768118
2023-04-11,402.95,4.0295,68880,8883.51629,9500.689655172413,-617.1733651724135,-6.496090153164921
2023-04-12,406.85,4.0685,68860,8969.49647,9497.931034482759,-528.434564482759,-5.5636807907348285
2023-04-13,412.7,4.127,69170,9098.46674,9540.689655172413,-442.2229151724132,-4.635125249385566
2023-04-14,411.75,4.1175,70050,9077.52285,9662.068965517241,-584.5461155172416,-6.0499062633833
2023-04-17,407.2,4.072,70170,8977.21264,9678.620689655172,-701.4080496551724,-7.2469835542254515
2023-04-18,408.9,4.0889999999999995,69780,9014.691179999998,9624.827586206897,-610.1364062068988,-6.339193099742069
2023-04-19,407.25,4.0725,69470,8978.31495,9582.068965517241,-603.754015517241,-6.300873200662152
2023-04-20,401.85,4.0185,69350,8859.26547,9565.51724137931,-706.2517713793095,-7.38330979452054
2023-04-21,398.45,3.9844999999999997,68660,8784.308389999998,9470.344827586207,-686.0364375862082,-7.244049188027978
2023-04-24,395.9,3.9589999999999996,68370,8728.090579999998,9430.344827586207,-702.2542475862083,-7.446750468041554
2023-04-25,386.5,3.865,68080,8520.8563,9390.344827586207,-869.488527586207,-9.259388697121036
2023-04-26,385.3,3.853,67430,8494.40086,9300.689655172413,-806.2887951724133,-8.669129119086454
2023-04-27,389.25,3.8925,66560,8581.48335,9180.689655172413,-599.2063051724126,-6.526811467097343
2023-04-28,389.6,3.8960000000000004,67410,8589.19952,9297.931034482759,-708.7315144827589,-7.622464738169414
2023-05-04,385.8,3.858,66920,8505.42396,9230.344827586207,-724.9208675862064,-7.85367048714883
2023-05-05,389.1,3.891,66810,8578.17642,9215.172413793103,-636.9959937931035,-6.912469622810957
2023-05-08,392.35,3.9235,67470,8649.82657,9306.206896551725,-656.3803265517254,-7.053145646213145
2023-05-09,390.4,3.904,67070,8606.83648,9251.034482758621,-644.1980027586214,-6.963523960041755
2023-05-10,384.9,3.8489999999999998,67240,8485.58238,9274.48275862069,-788.9003786206904,-8.5061388236169
2023-05-11,369.8,3.698,65310,8152.684759999999,9008.275862068966,-855.5911020689664,-9.49783416015925
2023-05-12,372.35,3.7235,64610,8208.90257,8911.724137931034,-702.8215679310342,-7.886482537532887
2023-05-15,374.3,3.7430000000000003,64980,8251.89266,8962.758620689656,-710.8659606896563,-7.931329970760245
2023-05-16,366.0,3.66,64360,8068.9092,8877.241379310344,-808.3321793103441,-9.105668582970782
2023-05-17,374.8,3.748,64550,8262.91576,8903.448275862069,-640.532515862069,-7.194207188226182
2023-05-18,369.5,3.695,65760,8146.070899999999,9070.344827586207,-924.2739275862077,-10.190063830596117
2023-05-19,372.75,3.7275,65690,8217.72105,9060.689655172413,-842.9686051724129,-9.30358104353782
2023-05-22,367.75,3.6775,64860,8107.49005,8946.206896551725,-838.7168465517243,-9.375111220320692
2023-05-23,363.95,3.6395,64220,8023.714489999999,8857.931034482759,-834.2165444827597,-9.417735826066657
2023-05-24,356.55,3.5655,63850,7860.57261,8806.896551724138,-946.3239417241375,-10.745260105716518
2023-05-25,359.05,3.5905,63460,7915.68811,8753.103448275862,-837.4153382758623,-9.567067763157896
2023-05-26,367.15,3.6715,64630,8094.26233,8914.48275862069,-820.2204286206907,-9.200987323998154
2023-05-29,367.25,3.6725,65210,8096.466949999999,8994.48275862069,-898.0158086206911,-9.98407393421256
2023-05-30,366.0,3.66,64800,8068.9092,8937.931034482759,-869.021834482759,-9.72285231481482
2023-05-31,366.55,3.6655,64920,8081.03461,8954.48275862069,-873.4481486206905,-9.754311579636484
2023-06-01,371.25,3.7125,65720,8184.651749999999,9064.827586206897,-880.1758362068977,-9.709791254564832
2023-06-02,372.9,3.7289999999999996,66250,8221.027979999999,9137.931034482759,-916.9030544827601,-10.03403342641511
2023-06-05,376.15,3.7615,65770,8292.678129999998,9071.724137931034,-779.046007931036,-8.587628945567904
2023-06-06,376.6,3.766,66450,8302.59892,9165.51724137931,-862.9183213793094,-9.41483495861549
2023-06-07,375.5,3.755,66540,8278.3481,9177.931034482759,-899.5829344827598,-9.80158742861438
2023-06-08,378.65,3.7864999999999998,66660,8347.793629999998,9194.48275862069,-846.6891286206919,-9.208665140264051
2023-06-09,377.15,3.7714999999999996,67080,8314.72433,9252.413793103447,-937.6894631034484,-10.134538770870606
2023-06-12,375.2,3.752,66830,8271.73424,9217.931034482759,-946.1967944827593,-10.264741523268
2023-06-13,382.85,3.8285,67340,8440.38767,9288.275862068966,-847.8881920689655,-9.128585376447877
2023-06-14,385.85,3.8585000000000003,67730,8506.52627,9342.068965517241,-835.5426955172406,-8.94387205448102
2023-06-15,389.1,3.891,67850,8578.17642,9358.620689655172,-780.4442696551723,-8.33930870302137
2023-06-16,387.95,3.8794999999999997,68630,8552.823289999998,9466.206896551725,-913.3836065517262,-9.648886999125768
2023-06-19,386.3,3.863,68450,8516.44706,9441.379310344828,-924.9322503448275,-9.796579715120526
2023-06-20,387.95,3.8794999999999997,68570,8552.823289999998,9457.931034482759,-905.1077444827606,-9.569828128190192
2023-06-21,390.5,3.905,68930,8609.041099999999,9507.586206896553,-898.545106896554,-9.45082260989412
2023-06-26,379.9,3.799,68490,8375.35138,9446.896551724138,-1071.5451717241376,-11.342827412760984
2023-06-27,379.1,3.7910000000000004,68460,8357.71442,9442.758620689656,-1085.0442006896556,-11.490754389424485
2023-06-28,372.8,3.728,67680,8218.82336,9335.172413793103,-1116.349053793103,-11.958526359338057
2023-06-29,369.75,3.6975,67230,8151.582449999999,9273.103448275862,-1121.5209982758633,-12.09434365238734
2023-06-30,376.4,3.764,67300,8298.18968,9282.758620689656,-984.5689406896563,-10.606426181277872
2023-07-03,379.15,3.7914999999999996,68260,8358.816729999999,9415.172413793103,-1056.3556837931046,-11.21971682903605
2023-07-04,378.55,3.7855000000000003,68110,8345.58901,9394.48275862069,-1048.8937486206905,-11.164997324181481
2023-07-05,375.95,3.7595,67760,8288.26889,9346.206896551725,-1057.9380065517253,-11.319437053571441
2023-07-06,374.45,3.7445,67800,8255.19959,9351.724137931034,-1096.5245479310342,-11.725373115781707
2023-07-07,378.1,3.781,67610,8335.66822,9325.51724137931,-989.8490213793102,-10.614414147315484
2023-07-10,378.85,3.7885000000000004,67750,8352.202870000001,9344.827586206897,-992.6247162068958,-10.62218330996309
2023-07-11,377.1,3.7710000000000004,68130,8313.62202,9397.241379310344,-1083.6193593103435,-11.531249603698798
2023-07-12,385.25,3.8525,67750,8493.29855,9344.827586206897,-851.5290362068972,-9.112303339483402
2023-07-13,395.2,3.952,68610,8712.658239999999,9463.448275862069,-750.79003586207,-7.933577845795084
2023-07-14,392.35,3.9235,69290,8649.82657,9557.241379310344,-907.4148093103449,-9.49452643599365
2023-07-17,384.05,3.8405,68740,8466.84311,9481.379310344828,-1014.5362003448281,-10.700301792988077
2023-07-18,383.25,3.8325,68510,8449.20615,9449.655172413793,-1000.4490224137935,-10.587148463727928
2023-07-19,381.6,3.8160000000000003,68760,8412.82992,9484.137931034482,-1071.3080110344818,-11.295786910994755
2023-07-20,382.75,3.8275,68500,8438.18305,9448.275862068966,-1010.0928120689659,-10.690763339416062
2023-07-21,381.75,3.8175,68720,8416.136849999999,9478.620689655172,-1062.4838396551731,-11.209266352590229
2023-07-24,384.7,3.847,68290,8481.173139999999,9419.310344827587,-938.137204827588,-9.959722851076311
2023-07-25,392.4,3.924,69040,8650.92888,9522.758620689656,-871.8297406896563,-9.155222508690626
2023-07-26,390.3,3.903,69120,8604.63186,9533.793103448275,-929.1612434482759,-9.74597658420139
2023-07-27,384.65,3.8465,69000,8480.070829999999,9517.241379310344,-1037.1705493103455,-10.89780649637682
2023-07-28,393.3,3.9330000000000003,69100,8670.77046,9531.034482758621,-860.2640227586216,-9.02592498552823
2023-07-31,401.6,4.016,69530,8853.75392,9590.344827586207,-736.5909075862073,-7.680546641737385
2023-08-01,390.8,3.908,70600,8615.65496,9737.931034482759,-1122.2760744827592,-11.524789716713887
2023-08-02,384.4,3.844,69420,8474.55928,9575.172413793103,-1100.6131337931038,-11.494447162201098
2023-08-03,389.65,3.8964999999999996,68860,8590.301829999999,9497.931034482759,-907.6292044827605,-9.556072803514397
2023-08-04,384.65,3.8465,69350,8480.070829999999,9565.51724137931,-1085.446411379311,-11.34749312545062
2023-08-07,383.95,3.8394999999999997,69030,8464.63849,9521.379310344828,-1056.7408203448285,-11.098610672895852
2023-08-08,377.9,3.779,68730,8331.258979999999,9480.0,-1148.7410200000013,-12.117521308016892
2023-08-09,378.5,3.785,68600,8344.4867,9462.068965517241,-1117.5822655172415,-11.81118283527697
2023-08-10,375.55,3.7555,68590,8279.45041,9460.689655172413,-1181.2392451724136,-12.48576254191573
2023-08-11,371.85,3.7185,68200,8197.87947,9406.896551724138,-1209.0170817241378,-12.852454314516129
2023-08-14,372.75,3.7275,67940,8217.72105,9371.034482758621,-1153.3134327586213,-12.30721576022962
2023-08-15,365.85,3.6585,68520,8065.602269999999,9451.034482758621,-1385.432212758622,-14.659053623029786
2023-08-16,364.75,3.6475,67550,8041.351449999999,9317.241379310344,-1275.889929310345,-13.693859344929685
2023-08-17,368.6,3.6860000000000004,67980,8126.22932,9376.551724137931,-1250.3224041379308,-13.334565210355983
2023-08-18,371.95,3.7195,68000,8200.08409,9379.310344827587,-1179.2262548275867,-12.572632863970593
2023-08-21,372.05,3.7205,68500,8202.288709999999,9448.275862068966,-1245.9871520689667,-13.1874552591241
2023-08-22,375.75,3.7575,68670,8283.859649999999,9471.724137931034,-1187.864487931036,-12.5411643184797
2023-08-23,381.0,3.81,69130,8399.6022,9535.172413793103,-1135.570213793104,-11.90927824388833
2023-08-24,376.85,3.7685000000000004,68870,8308.11047,9499.310344827587,-1191.1998748275873,-12.53985638521854
2023-08-25,376.55,3.7655000000000003,68930,8301.49661,9507.586206896553,-1206.0895968965524,-12.68554994559699
2023-08-28,380.05,3.8005,68900,8378.658309999999,9503.448275862069,-1124.78996586207,-11.835598334542826
2023-08-29,383.75,3.8375,69190,8460.229249999999,9543.448275862069,-1083.2190258620703,-11.350394475357724
2023-08-30,383.9,3.839,69380,8463.53618,9569.655172413793,-1106.1189924137943,-11.558608669645443
2023-08-31,383.3,3.833,69430,8450.30846,9576.551724137931,-1126.243264137931,-11.760425846176004
2023-09-01,385.05,3.8505000000000003,69730,8488.88931,9617.931034482759,-1129.0417244827586,-11.738925143410297
2023-09-04,383.15,3.8314999999999997,69340,8447.00153,9564.137931034482,-1117.1364010344823,-11.680471455869625
2023-09-05,383.65,3.8364999999999996,69050,8458.024629999998,9524.137931034482,-1066.1133010344838,-11.193803667632164
2023-09-06,379.1,3.7910000000000004,69490,8357.71442,9584.827586206897,-1227.1131662068965,-12.802662908332133
2023-09-07,375.85,3.7585,69220,8286.06427,9547.586206896553,-1261.5219368965518,-13.212993415920254
2023-09-08,371.45,3.7144999999999997,68750,8189.060989999999,9482.758620689656,-1293.6976306896568,-13.642629560000016
2023-09-11,380.2,3.802,69080,8381.96524,9528.275862068966,-1146.310622068966,-12.030619585987266
2023-09-12,378.9,3.7889999999999997,69250,8353.30518,9551.724137931034,-1198.418957931035,-12.546624469314086
2023-09-13,378.3,3.783,69130,8340.077459999999,9535.172413793103,-1195.0949537931047,-12.533543201215114
2023-09-14,381.75,3.8175,69470,8416.136849999999,9582.068965517241,-1165.932115517242,-12.167853515906152
2023-09-15,379.65,3.7965,69780,8369.839829999999,9624.827586206897,-1254.9877562068978,-13.03906740111781
2023-09-18,377.85,3.7785,69450,8330.15667,9579.310344827587,-1249.1536748275867,-13.040121155507563
2023-09-19,375.15,3.7514999999999996,68790,8270.63193,9488.275862068966,-1217.643932068966,-12.833142182730054
2023-09-20,373.9,3.739,68740,8243.07418,9481.379310344828,-1238.3051303448283,-13.060390158568527
2023-09-21,369.05,3.6905,68510,8136.15011,9449.655172413793,-1313.505062413794,-13.900031677857255
2023-09-22,369.35,3.6935000000000002,68210,8142.76397,9408.275862068966,-1265.5118920689656,-13.45105001832576
2023-09-25,367.4,3.674,67670,8099.77388,9333.793103448275,-1234.0192234482756,-13.220983256982413
2023-09-26,364.55,3.6455,67190,8036.94221,9267.586206896553,-1230.6439968965524,-13.279013212531632
2023-09-27,364.45,3.6445,67000,8034.73759,9241.379310344828,-1206.6417203448282,-13.056943988805978
2023-09-28,371.15,3.7114999999999996,67240,8182.447129999999,9274.48275862069,-1092.0356286206916,-11.774625680398593
2023-10-09,365.6,3.656,67400,8060.09072,9296.551724137931,-1236.461004137931,-13.300211097922848
2023-10-10,363.0,3.63,66460,8002.770599999999,9166.896551724138,-1164.1259517241388,-12.699237360818547
2023-10-11,361.05,3.6105,66930,7959.78051,9231.724137931034,-1271.9436279310348,-13.777963995965939
2023-10-12,358.5,3.585,66940,7903.5626999999995,9233.103448275862,-1329.5407482758628,-14.399716798625642
2023-10-13,357.0,3.57,66470,7870.493399999999,9168.275862068966,-1297.7824620689662,-14.155141943734023
2023-10-16,358.15,3.5814999999999997,66630,7895.846529999999,9190.344827586207,-1294.4982975862076,-14.085415965030776
2023-10-17,359.1,3.591,65880,7916.79042,9086.896551724138,-1170.1061317241374,-12.876851024590158
2023-10-18,358.15,3.5814999999999997,66700,7895.846529999999,9200.0,-1304.153470000001,-14.175581195652187
2023-10-19,358.5,3.585,66470,7903.5626999999995,9168.275862068966,-1264.713162068966,-13.79444926282534
2023-10-20,355.2,3.552,66160,7830.81024,9125.51724137931,-1294.70700137931,-14.18776565900846
2023-10-23,358.0,3.58,65640,7892.5396,9053.793103448275,-1161.2535034482753,-12.826154631322359
2023-10-24,363.05,3.6305,66490,8003.87291,9171.034482758621,-1167.1615727586213,-12.726607613926912
2023-10-25,358.6,3.5860000000000003,66920,7905.76732,9230.344827586207,-1324.5775075862066,-14.350249447101012
2023-10-26,359.3,3.593,66550,7921.199659999999,9179.310344827587,-1258.1106848275876,-13.705939090909105
2023-10-27,364.3,3.6430000000000002,66880,8031.43066,9224.827586206897,-1193.3969262068968,-12.936793832236845
2023-10-30,365.4,3.654,67320,8055.681479999999,9285.51724137931,-1229.8357613793105,-13.24466617647059
2023-10-31,365.25,3.6525,67310,8052.3745499999995,9284.137931034482,-1231.7633810344823,-13.267396393552216
2023-11-01,366.05,3.6605000000000003,67280,8070.01151,9280.0,-1209.9884899999997,-13.03866907327586
2023-11-02,368.7,3.687,67410,8128.433939999999,9297.931034482759,-1169.49709448276,-12.578035803293295
2023-11-03,367.25,3.6725,67740,8096.466949999999,9343.448275862069,-1246.9813258620698,-13.346050505609695
2023-11-06,371.2,3.7119999999999997,67590,8183.549439999999,9322.758620689656,-1139.209180689657,-12.219657582482633
2023-11-07,368.55,3.6855,67410,8125.12701,9297.931034482759,-1172.804024482759,-12.613602102803743
2023-11-08,363.65,3.6365,67500,8017.100629999999,9310.344827586207,-1293.2441975862075,-13.890400640740749
2023-11-09,363.2,3.6319999999999997,67130,8007.179839999999,9259.310344827587,-1252.130504827588,-13.522934842842266
2023-11-10,359.6,3.596,67230,7927.81352,9273.103448275862,-1345.2899282758626,-14.507440101145328
2023-11-13,367.05,3.6705,67210,8092.05771,9270.344827586207,-1178.2871175862065,-12.710283592471356
2023-11-14,367.6,3.676,67480,8104.18312,9307.586206896553,-1203.4030868965528,-12.92927145820985
2023-11-15,371.3,3.713,67770,8185.75406,9347.586206896553,-1161.8321468965523,-12.429220990113626
2023-11-16,369.55,3.6955,67850,8147.17321,9358.620689655172,-1211.4474796551722,-12.94472251658069
2023-11-17,373.4,3.734,67920,8232.05108,9368.275862068966,-1136.2247820689663,-12.128430020612493
2023-11-20,380.75,3.8075,67920,8394.09065,9368.275862068966,-974.1852120689655,-10.398767354976442
2023-11-21,380.45,3.8045,68280,8387.476789999999,9417.931034482759,-1030.4542444827603,-10.941407839045125
2023-11-22,376.75,3.7675,67930,8305.90585,9369.655172413793,-1063.7493224137943,-11.353132029294875
2023-11-23,377.15,3.7714999999999996,67800,8314.72433,9351.724137931034,-1036.9998079310353,-11.088862252949863
2023-11-24,379.05,3.7905,68050,8356.61211,9386.206896551725,-1029.5947865517246,-10.969231745040416
2023-11-27,380.0,3.8,68100,8377.555999999999,9393.103448275862,-1015.5474482758636,-10.811628487518373
2023-11-28,384.75,3.8475,67700,8482.27545,9337.931034482759,-855.6555844827599,-9.163224501477119
2023-11-29,383.35,3.8335000000000004,68090,8451.41077,9391.724137931034,-940.313367931034,-10.012148505654277
2023-11-30,385.35,3.8535000000000004,68220,8495.50317,9409.655172413793,-914.1520024137935,-9.715042535180302
2023-12-01,391.85,3.9185000000000003,68360,8638.80347,9428.965517241379,-790.1620472413779,-8.3801562938853
2023-12-04,382.5,3.825,68580,8432.6715,9459.310344827587,-1026.6388448275866,-10.853210301837274
2023-12-05,378.5,3.785,67900,8344.4867,9365.51724137931,-1021.0305413793103,-10.902019771723122
2023-12-06,372.95,3.7295,68050,8222.13029,9386.206896551725,-1164.0766065517255,-12.401991767083041
2023-12-07,379.95,3.7995,67480,8376.45369,9307.586206896553,-931.1325168965523,-10.004017112477776
2023-12-08,383.4,3.8339999999999996,68000,8452.513079999999,9379.310344827587,-926.7972648275882,-9.881294367647078
2023-12-11,378.35,3.7835,68350,8341.17977,9427.586206896553,-1086.406436896552,-11.523696660570595
2023-12-12,379.3,3.793,68170,8362.12366,9402.758620689656,-1040.6349606896565,-11.067336753703989
2023-12-13,383.45,3.8345,67810,8453.615389999999,9353.103448275862,-899.4880582758633,-9.61700106547708
2023-12-14,387.3,3.873,68200,8538.49326,9406.896551724138,-868.4032917241384,-9.231559919354844
2023-12-15,387.85,3.8785000000000003,68630,8550.61867,9466.206896551725,-915.5882265517248,-9.672176369663418
2023-12-18,384.65,3.8465,68650,8480.070829999999,9468.965517241379,-988.8946872413799,-10.443534570284056
2023-12-19,390.65,3.9065,68480,8612.34803,9445.51724137931,-833.1692113793106,-8.820789694071264
2023-12-20,388.1,3.8810000000000002,68990,8556.130220000001,9515.862068965518,-959.7318489655172,-10.085600674010726
2023-12-21,392.7,3.927,68970,8657.542739999999,9513.103448275862,-855.5607082758634,-8.993497368421066
2023-12-22,390.05,3.9005,69040,8599.12031,9522.758620689656,-923.6383106896556,-9.699272526796063
2023-12-26,390.2,3.9019999999999997,69330,8602.427239999999,9562.758620689656,-960.3313806896567,-10.042409505264692
2023-12-27,395.5,3.955,69260,8719.2721,9553.103448275862,-833.8313482758622,-8.728381858215421
2023-12-28,391.65,3.9164999999999996,69340,8634.394229999998,9564.137931034482,-929.7437010344838,-9.721144840640335
2023-12-29,389.1,3.891,68920,8578.17642,9506.206896551725,-928.0304765517249,-9.762363544689503
2024-01-02,387.1,3.8710000000000004,68960,8534.08402,9511.724137931034,-977.6401179310342,-10.278264000870067
2024-01-03,387.25,3.8725,68610,8537.390949999999,9463.448275862069,-926.0573258620698,-9.785622522227088
2024-01-04,385.0,3.85,68390,8487.787,9433.103448275862,-945.3164482758621,-10.021266632548617
2024-01-05,380.15,3.8015,68390,8380.86293,9433.103448275862,-1052.240518275863,-11.154764961982755
2024-01-08,382.3,3.823,68280,8428.26226,9417.931034482759,-989.6687744827595,-10.50834595049796
2024-01-09,376.1,3.761,68220,8291.57582,9409.655172413793,-1118.0793524137935,-11.882256383758431
2024-01-10,378.75,3.7875,67810,8349.99825,9353.103448275862,-1003.1051982758618,-10.724838058545934
2024-01-11,379.0,3.79,68190,8355.5098,9405.51724137931,-1050.00744137931,-11.163739477929312
2024-01-12,373.5,3.735,68200,8234.2557,9406.896551724138,-1172.640851724138,-12.46575685483871
2024-01-15,378.3,3.783,67700,8340.077459999999,9337.931034482759,-997.8535744827605,-10.686024246676533
2024-01-16,376.75,3.7675,67810,8305.90585,9353.103448275862,-1047.1975982758631,-11.19625805559653
2024-01-17,374.15,3.7415,67720,8248.585729999999,9340.689655172413,-1092.1039251724142,-11.691898194772598
2024-01-18,375.75,3.7575,67870,8283.859649999999,9361.379310344828,-1077.5196603448294,-11.510266004862256
2024-01-19,379.0,3.79,67770,8355.5098,9347.586206896553,-992.0764068965527,-10.613182750479574
2024-01-22,374.55,3.7455000000000003,67910,8257.40421,9366.896551724138,-1109.492341724137,-11.844823262406116
2024-01-23,380.55,3.8055000000000003,68110,8389.681410000001,9394.48275862069,-1004.8013486206892,-10.69565376229628
2024-01-24,387.35,3.8735000000000004,68380,8539.595570000001,9431.724137931034,-892.1285679310331,-9.458806840450409
2024-01-25,386.85,3.8685,68880,8528.57247,9500.689655172413,-972.1171851724139,-10.23206967552265
2024-01-26,385.35,3.8535000000000004,68870,8495.50317,9499.310344827587,-1003.807174827587,-10.56715843981415
2024-01-29,388.5,3.885,68780,8564.948699999999,9486.896551724138,-921.9478517241387,-9.718118530095966
2024-01-30,391.2,3.912,68980,8624.47344,9514.48275862069,-890.0093186206905,-9.354258567700791
2024-01-31,389.4,3.8939999999999997,69350,8584.79028,9565.51724137931,-980.7269613793105,-10.252733193943767
2024-02-01,385.3,3.853,69000,8494.40086,9517.241379310344,-1022.8405193103445,-10.747237340579707
2024-02-02,381.85,3.8185000000000002,68630,8418.34147,9466.206896551725,-1047.8654265517252,-11.069538601923368
2024-02-05,377.2,3.772,68540,8315.82664,9453.793103448275,-1137.966463448276,-12.037141610738257
2024-02-06,378.35,3.7835,68060,8341.17977,9387.586206896553,-1046.406436896552,-11.146703889950045
2024-02-07,373.55,3.7355,68140,8235.35801,9398.620689655172,-1163.2626796551722,-12.376951023627823
2024-02-08,370.75,3.7075,67960,8173.62865,9373.793103448275,-1200.1644534482757,-12.803402424220128
2024-02-19,381.2,3.812,68340,8404.011439999998,9426.206896551725,-1022.1954565517262,-10.844186508633326
2024-02-20,385.75,3.8575,68320,8504.32165,9423.448275862069,-919.126625862069,-9.753612467066745
2024-02-21,388.0,3.88,69000,8553.925599999999,9517.241379310344,-963.3157793103455,-10.121796231884066
2024-02-22,389.45,3.8945,69260,8585.89259,9553.103448275862,-967.2108582758628,-10.124572224227556
2024-02-23,388.7,3.887,69370,8569.35794,9568.275862068966,-998.9179220689657,-10.439894673489983
2024-02-26,383.6,3.8360000000000003,69050,8456.92232,9524.137931034482,-1067.2156110344822,-11.205377523533667
2024-02-27,385.3,3.853,69000,8494.40086,9517.241379310344,-1022.8405193103445,-10.747237340579707
2024-02-28,383.9,3.839,68760,8463.53618,9484.137931034482,-1020.6017510344827,-10.761144117219313
2024-02-29,384.65,3.8465,68990,8480.070829999999,9515.862068965518,-1035.7912389655194,-10.884891263226576
2024-03-01,385.85,3.8585000000000003,68920,8506.52627,9506.206896551725,-999.6806265517243,-10.516083201538017
2024-03-04,385.55,3.8555,69170,8499.912409999999,9540.689655172413,-1040.777245172414,-10.908826120427936
2024-03-05,384.3,3.843,69050,8472.354659999999,9524.137931034482,-1051.7832710344828,-11.043343540912383
2024-03-06,386.85,3.8685,69080,8528.57247,9528.275862068966,-999.7033920689664,-10.491965246815296
2024-03-07,392.55,3.9255,69500,8654.23581,9586.206896551725,-931.9710865517245,-9.722000543165471
2024-03-08,389.1,3.891,69990,8578.17642,9653.793103448275,-1075.6166834482756,-11.141907351050149
2024-03-11,393.1,3.931,69490,8666.361219999999,9584.827586206897,-918.4663662068979,-9.582502741401653
2024-03-12,393.65,3.9364999999999997,69900,8678.48663,9641.379310344828,-962.8926803448285,-9.987084309728193
2024-03-13,405.8,4.058,70420,8946.34796,9713.103448275862,-766.7554882758632,-7.894031936949741
2024-03-14,405.2,4.052,71570,8933.120239999998,9871.724137931034,-938.603897931036,-9.508003716641067
2024-03-15,412.05,4.1205,73130,9084.136709999999,10086.896551724138,-1002.7598417241388,-9.941212706823475
2024-03-18,413.05,4.1305000000000005,72830,9106.182910000001,10045.51724137931,-939.3343313793084,-9.350781137580649
2024-03-19,406.85,4.0685,72920,8969.49647,10057.931034482759,-1088.434564482759,-10.82165467978607
2024-03-20,409.1,4.091,72620,9019.10042,10016.551724137931,-997.4513041379305,-9.958030783530702
2024-03-21,406.35,4.0635,73240,8958.47337,10102.068965517241,-1143.5955955172412,-11.320409704396504
2024-03-22,399.7,3.997,72290,8811.86614,9971.034482758621,-1159.1683427586213,-11.625356875086462
2024-03-25,401.1,4.011,72300,8842.73082,9972.413793103447,-1129.6829731034468,-11.328079605809114
2024-03-26,400.6,4.006,72000,8831.70772,9931.034482758621,-1099.326762758621,-11.069609763888892
2024-03-27,401.25,4.0125,72090,8846.03775,9943.448275862069,-1097.4105258620693,-11.036518674573454
2024-03-28,401.15,4.0115,72500,8843.833129999999,10000.0,-1156.166870000001,-11.56166870000001
2024-04-01,405.7,4.0569999999999995,73100,8944.143339999999,10082.758620689656,-1138.615280689657,-11.29269601231192
2024-04-02,408.1,4.081,73230,8997.05422,10100.689655172413,-1103.635435172413,-10.926337436842818
2024-04-03,421.2,4.212,73980,9285.859439999998,10204.137931034482,-918.2784910344835,-8.999079562043804
2024-04-08,429.4,4.294,75540,9466.63828,10419.310344827587,-952.6720648275877,-9.14333130791635
2024-04-09,430.05,4.3005,76130,9480.96831,10500.689655172413,-1019.7213451724128,-9.710994026664906
2024-04-10,427.65,4.2764999999999995,76800,9428.057429999999,10593.103448275862,-1165.0460182758634,-10.998155771484388
2024-04-11,426.35,4.2635000000000005,76270,9399.39737,10520.0,-1120.6026299999994,-10.652116254752846
2024-04-12,431.5,4.315,76910,9512.935300000001,10608.275862068966,-1095.3405620689646,-10.325340105317895
2024-04-15,437.75,4.3775,76970,9650.72405,10616.551724137931,-965.8276741379304,-9.097376429128227
2024-04-16,429.6,4.296,76730,9471.04752,10583.448275862069,-1112.4007558620688,-10.51075912941483
2024-04-17,434.1,4.341,76920,9570.25542,10609.655172413793,-1039.399752413794,-9.796734535881443
2024-04-18,443.0,4.43,78780,9766.4666,10866.206896551725,-1099.740296551725,-10.120737687230267
2024-04-19,449.25,4.4925,79370,9904.25535,10947.586206896553,-1043.330856896553,-9.530236503086819
2024-04-22,448.25,4.4825,79550,9882.209149999999,10972.413793103447,-1090.2046431034487,-9.935868840351985
2024-04-23,442.35,4.423500000000001,78020,9752.13657,10761.379310344828,-1009.2427403448273,-9.378377169315558
2024-04-24,448.45,4.4845,79380,9886.61839,10948.965517241379,-1062.347127241379,-9.702716896573442
2024-04-25,455.95,4.5595,80160,10051.96489,11056.551724137931,-1004.5868341379319,-9.085896391591824
2024-04-26,458.75,4.5875,81100,10113.69425,11186.206896551725,-1072.5126465517242,-9.587813424784217
2024-04-29,467.85,4.6785000000000005,80940,10314.314670000002,11164.137931034482,-849.8232610344803,-7.6120813472942706
2024-04-30,454.05,4.5405,82180,10010.077109999998,11335.172413793103,-1325.095303793105,-11.690120409467037
2024-05-06,460.85,4.6085,81300,10159.99127,11213.793103448275,-1053.801833448275,-9.397371823493227
2024-05-07,459.0,4.59,80500,10119.2058,11103.448275862069,-984.2424758620691,-8.864295590062113
2024-05-08,454.05,4.5405,79540,10010.077109999998,10971.034482758621,-960.957372758623,-8.759040674503416
2024-05-09,460.3,4.603,79630,10147.865859999998,10983.448275862069,-835.5824158620708,-7.6076510297626685
2024-05-10,465.2,4.652,80970,10255.89224,11168.275862068966,-912.3836220689664,-8.169422329257756
2024-05-13,477.15,4.7715,81150,10519.344329999998,11193.103448275862,-673.7591182758642,-6.019412948244012
2024-05-14,490.6,4.906000000000001,82280,10815.865720000002,11348.965517241379,-533.099797241377,-4.697342647058804
2024-05-15,492.2,4.922,81780,10851.13964,11280.0,-428.8603600000006,-3.8019535460992957
2024-05-16,487.9,4.879,82600,10756.340979999999,11393.103448275862,-636.7624682758633,-5.589016822033909
2024-05-17,508.1,5.081,84250,11201.67422,11620.689655172413,-419.01543517241225,-3.6057708071216483
2024-05-20,510.5,5.105,87670,11254.5851,12092.413793103447,-837.8286931034472,-6.928547992471761
2024-05-21,510.2,5.102,87090,11247.97124,12012.413793103447,-764.4425531034467,-6.36377139740497
2024-05-22,479.85,4.798500000000001,86220,10578.86907,11892.413793103447,-1313.5447231034468,-11.045232245998598
2024-05-23,477.55,4.7755,83080,10528.16281,11459.310344827587,-931.1475348275872,-8.125685637337513
2024-05-24,475.9,4.7589999999999995,84050,10491.786579999998,11593.103448275862,-1101.3168682758642,-9.499758828078543
2024-05-27,482.8,4.828,83530,10643.90536,11521.379310344828,-877.4739503448272,-7.616049491200763
2024-05-28,487.6,4.876,84600,10749.72712,11668.965517241379,-919.2383972413791,-7.877634018912529
2024-05-29,477.7,4.777,85470,10531.46974,11788.965517241379,-1257.4957772413782,-10.666718597168588
2024-05-30,465.5,4.655,82860,10262.5061,11428.965517241379,-1166.459417241378,-10.206167964035712
2024-05-31,462.75,4.6275,82500,10201.87905,11379.310344827587,-1177.4312948275874,-10.34712350000001
2024-06-03,468.05,4.6805,81510,10318.72391,11242.758620689656,-924.0347106896552,-8.21893221997301
2024-06-04,454.35,4.5435,81970,10016.69097,11306.206896551725,-1289.515926551725,-11.405380587410036
2024-06-05,462.65,4.6265,80060,10199.67443,11042.758620689656,-843.0841906896567,-7.6347244347989145
2024-06-06,467.05,4.6705000000000005,81250,10296.67771,11206.896551724138,-910.2188417241377,-8.12195274153846
2024-06-07,444.7,4.447,81530,9803.94514,11245.51724137931,-1441.57210137931,-12.819082221268241
2024-06-11,451.65,4.5165,79870,9957.166229999999,11016.551724137931,-1059.3854941379323,-9.616307540378125
2024-06-12,453.4,4.534,79880,9995.74708,11017.931034482759,-1022.1839544827599,-9.27745827491238
2024-06-13,448.4,4.484,80000,9885.51608,11034.48275862069,-1148.9666786206908,-10.41251052500001
2024-06-14,449.8,4.498,79550,9916.38076,10972.413793103447,-1056.0330331034475,-9.6244368196103
2024-06-17,445.9,4.459,78110,9830.40058,10773.793103448275,-943.3925234482758,-8.756363839457176
2024-06-18,449.15,4.491499999999999,78370,9902.050729999999,10809.655172413793,-907.6044424137945,-8.396238621283667
2024-06-19,451.0,4.51,79040,9942.8362,10902.068965517241,-959.2327655172412,-8.79863050354251
2024-06-20,456.2,4.562,79390,10057.47644,10950.344827586207,-892.8683875862062,-8.153792429777043
2024-06-21,442.95,4.4295,79310,9765.36429,10939.310344827587,-1173.9460548275874,-10.731444833564504
2024-06-24,442.6,4.426,78670,9757.64812,10851.034482758621,-1093.3863627586215,-10.076332947756459
2024-06-25,437.0,4.37,78670,9634.1894,10851.034482758621,-1216.845082758622,-11.214092856234917
2024-06-26,437.1,4.371,78480,9636.39402,10824.827586206897,-1188.433566206897,-10.978775936544347
2024-06-27,433.5,4.335,77550,9557.027699999999,10696.551724137931,-1139.5240241379324,-10.653190425531928
2024-06-28,437.3,4.373,78370,9640.80326,10809.655172413793,-1168.851912413793,-10.813036066096718
2024-07-01,441.65,4.4165,78060,9736.70423,10766.896551724138,-1030.1923217241383,-9.568145442608254
2024-07-02,442.7,4.427,78690,9759.852739999998,10853.793103448275,-1093.940363448277,-10.078876140551541
2024-07-03,452.7,4.527,79630,9980.31474,10983.448275862069,-1003.133535862069,-9.133138434007284
2024-07-04,456.5,4.565,79870,10064.0903,11016.551724137931,-952.4614241379313,-8.645730969074748
2024-07-05,466.7,4.667,80370,10288.961539999998,11085.51724137931,-796.5557013793114,-7.185552861764349
2024-07-08,460.55,4.6055,79930,10153.37741,11024.827586206897,-871.4501762068976,-7.904433601276126
2024-07-09,458.45,4.5845,80480,10107.08039,11100.689655172413,-993.6092651724139,-8.950878693464217
2024-07-10,459.25,4.5925,79580,10124.71735,10976.551724137931,-851.8343741379304,-7.760491596506654
2024-07-11,452.75,4.5275,79920,9981.41705,11023.448275862069,-1042.0312258620688,-9.452860845220219
2024-07-12,458.1,4.581,78950,10099.364220000001,10889.655172413793,-790.2909524137922,-7.257263337555406
2024-07-15,451.1,4.511,79490,9945.04082,10964.137931034482,-1019.0971110344817,-9.29482205937853
2024-07-16,445.65,4.4565,79280,9824.88903,10935.172413793103,-1110.283383793103,-10.153323073284556
2024-07-17,441.6,4.416,78500,9735.601920000001,10827.586206896553,-1091.9842868965516,-10.085205197452227
2024-07-18,426.5,4.265,78380,9402.7043,10811.034482758621,-1408.330182758622,-13.026784670834408
2024-07-19,423.75,4.2375,76580,9342.077249999998,10562.758620689656,-1220.6813706896573,-11.556463747061915
2024-07-22,419.75,4.1975,75760,9253.89245,10449.655172413793,-1195.762722413794,-11.443083074841615
2024-07-23,416.6,4.166,74710,9184.44692,10304.827586206897,-1120.3806662068964,-10.87238633382412
2024-07-24,407.8,4.078,75000,8990.44036,10344.827586206897,-1354.3872262068962,-13.092409853333331
2024-07-25,411.7,4.117,73030,9076.42054,10073.103448275862,-996.6829082758632,-9.89449689853486
2024-07-26,410.85,4.1085,74150,9057.681270000001,10227.586206896553,-1169.9049368965516,-11.43871988199595
2024-07-29,409.35,4.093500000000001,74040,9024.61197,10212.413793103447,-1187.8018231034475,-11.630960585494321
2024-07-30,409.2,4.092,73420,9021.30504,10126.896551724138,-1105.5915117241384,-10.917377363116323
2024-07-31,419.5,4.195,74470,9248.3809,10271.724137931034,-1023.3432379310343,-9.962721196454947
2024-08-01,406.75,4.0675,74780,8967.29185,10314.48275862069,-1347.1909086206906,-13.061158180663288
2024-08-02,412.7,4.127,73700,9098.46674,10165.51724137931,-1067.05050137931,-10.49676544776119
2024-08-05,400.35,4.0035,72210,8826.19617,9960.0,-1133.8038300000007,-11.383572590361453
2024-08-06,400.9,4.0089999999999995,70850,8838.321579999998,9772.413793103447,-934.0922131034495,-9.558459484827113
2024-08-07,392.7,3.927,71390,8657.542739999999,9846.896551724138,-1189.3538117241387,-12.078463559322042
2024-08-08,398.25,3.9825,70680,8779.89915,9748.965517241379,-969.0663672413793,-9.940196890916809
2024-08-09,398.35,3.9835000000000003,71670,8782.10377,9885.51724137931,-1103.41347137931,-11.161919446769915
2024-08-12,406.8,4.0680000000000005,72190,8968.39416,9957.241379310344,-988.8472193103444,-9.930935503532341
2024-08-13,406.05,4.0605,72280,8951.85951,9969.655172413793,-1017.7956624137933,-10.208935462783622
2024-08-14,404.15,4.0415,72010,8909.97173,9932.413793103447,-1022.4420631034482,-10.293993830717955
2024-08-15,414.1,4.141,72830,9129.33142,10045.51724137931,-916.1858213793093,-9.120344919675949
2024-08-16,415.05,4.1505,73930,9150.275309999999,10197.241379310344,-1046.9660693103451,-10.267150010144736
2024-08-19,419.6,4.196000000000001,73900,9250.58552,10193.103448275862,-942.5179282758618,-9.246623788903921
2024-08-20,415.35,4.1535,73770,9156.88917,10175.172413793103,-1018.2832437931029,-10.007528151687673
2024-08-21,420.0,4.2,73910,9259.404,10194.48275862069,-935.0787586206898,-9.172400216479502
2024-08-22,413.8,4.138,73930,9122.71756,10197.241379310344,-1074.523819310345,-10.537397118896257
2024-08-23,420.4,4.204,73500,9268.222479999999,10137.931034482759,-869.7085544827605,-8.578757850340155
2024-08-26,420.8,4.208,75170,9277.04096,10368.275862068966,-1091.2349020689653,-10.524747957961951
2024-08-27,430.2,4.302,75010,9484.275239999999,10346.206896551725,-861.9316565517256,-8.33089522730304
2024-08-28,421.3,4.213,74590,9288.06406,10288.275862068966,-1000.211802068965,-9.721860256066492
2024-08-29,421.05,4.2105,74200,9282.55251,10234.48275862069,-951.9302486206907,-9.30120525943397
2024-08-30,421.9,4.218999999999999,74220,9301.291779999998,10237.241379310344,-935.9495993103465,-9.142595789544613
2024-09-02,419.55,4.1955,73610,9249.48321,10153.103448275862,-903.620238275862,-8.899941213829642
2024-09-03,408.95,4.0895,72890,9015.79349,10053.793103448275,-1037.9996134482753,-10.324457672520232
2024-09-04,408.8,4.088,71700,9012.48656,9889.655172413793,-877.1686124137941,-8.86955709902372
2024-09-05,414.0,4.14,71520,9127.126799999998,9864.827586206897,-737.7007862068986,-7.478091023489954
2024-09-06,406.4,4.064,73050,8959.57568,10075.862068965518,-1116.2863889655182,-11.078817686516093
2024-09-09,414.0,4.14,72410,9127.126799999998,9987.586206896553,-860.4594068965544,-8.615288910371522
2024-09-10,410.4,4.104,73110,9047.760479999999,10084.137931034482,-1036.3774510344829,-10.277303405826839
2024-09-11,416.8,4.168,73270,9188.85616,10106.206896551725,-917.3507365517253,-9.077102279241174
2024-09-12,421.0,4.21,73830,9281.4502,10183.448275862069,-901.9980758620695,-8.85749160232968
2024-09-13,422.1,4.221,73960,9305.70102,10201.379310344828,-895.6782903448275,-8.779972424283395
2024-09-18,427.0,4.27,74510,9413.727399999998,10277.241379310344,-863.5139793103463,-8.402196148168045
2024-09-19,434.8,4.348,75640,9585.687759999999,10433.103448275862,-847.4156882758634,-8.122374061343217
2024-09-20,433.35,4.3335,75840,9553.72077,10460.689655172413,-906.9688851724131,-8.670258989319615
2024-09-23,434.5,4.345,75310,9579.0739,10387.586206896553,-808.5123068965531,-7.7834473841455445
2024-09-24,452.65,4.5264999999999995,76760,9979.212429999998,10587.586206896553,-608.3737768965548,-5.746104588978663
2024-09-25,448.55,4.4855,77070,9888.82301,10630.344827586207,-741.5218175862065,-6.975519887764365
2024-09-26,464.8,4.648,77740,10247.07376,10722.758620689656,-475.6848606896565,-4.436217185490107
2024-09-27,458.85,4.5885,78780,10115.898869999999,10866.206896551725,-750.3080265517256,-6.904967241051041
2024-09-30,455.0,4.55,78830,10031.020999999999,10873.103448275862,-842.0824482758635,-7.744637511099849
2024-10-08,447.45,4.4745,77310,9864.572189999999,10663.448275862069,-798.8760858620699,-7.491723738843625
2024-10-09,441.35,4.4135,77560,9730.09037,10697.931034482759,-967.8406644827592,-9.046989192238271
2024-10-10,444.75,4.4475,76870,9805.047449999998,10602.758620689656,-797.7111706896576,-7.523619080915854
2024-10-11,449.35,4.4935,77220,9906.45997,10651.034482758621,-744.5745127586215,-6.990630947293454
2024-10-14,440.35,4.4035,77570,9708.04417,10699.310344827587,-991.2661748275877,-9.264767007219298
2024-10-15,434.25,4.3425,76520,9573.56235,10554.48275862069,-980.9204086206901,-9.293874754966025
2024-10-16,436.8,4.368,76720,9629.78016,10582.068965517241,-952.2888055172407,-8.99907956204379
2024-10-17,433.15,4.3315,76020,9549.311529999999,10485.51724137931,-936.2057113793107,-8.928560125624841
2024-10-18,439.2,4.3919999999999995,76980,9682.691039999998,10617.931034482759,-935.2399944827612,-8.808118939984436
2024-10-21,435.95,4.3595,77620,9611.040889999998,10706.206896551725,-1095.1660065517262,-10.22926249355838
2024-10-22,438.8,4.388,77200,9673.87256,10648.275862068966,-974.4033020689658,-9.150808212435235
2024-10-23,433.2,4.332,76720,9550.41384,10582.068965517241,-1031.6551255172417,-9.74908714807091
2024-10-24,436.5,4.365,77000,9623.1663,10620.689655172413,-997.5233551724123,-9.392265357142843
2024-10-25,436.9,4.369,76390,9631.984779999999,10536.551724137931,-904.5669441379323,-8.585037760178045
2024-10-28,436.5,4.365,76870,9623.1663,10602.758620689656,-979.592320689655,-9.239032554962922
2024-10-29,436.4,4.364,76500,9620.961679999999,10551.724137931034,-930.7624579310359,-8.820951398692824
2024-10-30,436.0,4.36,76670,9612.1432,10575.172413793103,-963.0292137931028,-9.106510760401717
2024-10-31,436.4,4.364,76540,9620.961679999999,10557.241379310344,-936.2796993103457,-8.868601802978842
2024-11-01,434.5,4.345,76520,9579.0739,10554.48275862069,-975.4088586206908,-9.241654763460543
2024-11-04,443.0,4.43,77430,9766.4666,10680.0,-913.5334000000003,-8.553683520599254
2024-11-05,446.2,4.462,77630,9837.014439999999,10707.586206896553,-870.5717668965535,-8.13042034007473
2024-11-06,423.8,4.238,76770,9343.17956,10588.965517241379,-1245.7859572413781,-11.764944887325768
2024-11-07,443.65,4.4365,76480,9780.796629999999,10548.965517241379,-768.1688872413797,-7.28193571195084
2024-11-08,431.1,4.311,77100,9504.11682,10634.48275862069,-1130.365938620691,-10.629251692607015
2024-11-11,424.45,4.2444999999999995,76560,9357.509589999998,10560.0,-1202.4904100000022,-11.387219791666688
2024-11-12,414.5,4.145,75310,9138.149899999999,10387.586206896553,-1249.436306896554,-12.02816787279248
2024-11-13,407.0,4.07,74210,8972.8034,10235.862068965518,-1263.0586689655174,-12.339543659884114
2024-11-14,413.4,4.1339999999999995,73170,9113.89908,10092.413793103447,-978.5147131034482,-9.695546904469046
2024-11-15,410.9,4.109,73860,9058.78358,10187.586206896553,-1128.8026268965532,-11.08017742350394
2024-11-18,417.25,4.1725,73760,9198.77695,10173.793103448275,-975.0161534482759,-9.58360508744577
2024-11-19,420.65,4.2065,74330,9273.73403,10252.413793103447,-978.6797631034478,-9.545847279025962
2024-11-20,418.65,4.1865,74550,9229.641629999998,10282.758620689656,-1053.1169906896575,-10.241580392354146
2024-11-21,415.35,4.1535,74440,9156.88917,10267.586206896553,-1110.6970368965522,-10.817508755373458
2024-11-22,413.25,4.1325,73760,9110.59215,10173.793103448275,-1063.200953448275,-10.45038898115509
2024-11-25,416.4,4.164,74160,9180.03768,10228.965517241379,-1048.9278372413792,-10.254486003236245
2024-11-26,413.05,4.1305000000000005,73740,9106.182910000001,10171.034482758621,-1064.85157275862,-10.469451996880926
2024-11-27,414.05,4.1405,74130,9128.22911,10224.827586206897,-1096.5984762068965,-10.724860316336166
2024-11-28,413.15,4.1315,73770,9108.38753,10175.172413793103,-1066.7848837931033,-10.484194669242237
2024-11-29,414.3,4.143,73830,9133.74066,10183.448275862069,-1049.7076158620694,-10.30797807801707
2024-12-02,414.0,4.14,73720,9127.126799999998,10168.275862068966,-1041.1490620689674,-10.239189772110707
2024-12-03,419.55,4.1955,74340,9249.48321,10253.793103448275,-1004.309893448275,-9.794520752623075
2024-12-04,419.75,4.1975,74750,9253.89245,10310.344827586207,-1056.4523775862071,-10.246528076923079
2024-12-05,419.85,4.1985,74530,9256.09707,10280.0,-1023.9029300000002,-9.960145233463038
2024-12-06,419.6,4.196000000000001,74730,9250.58552,10307.586206896553,-1057.000686896552,-10.254589830054867
2024-12-09,426.0,4.26,74740,9391.681199999999,10308.965517241379,-917.2843172413795,-8.897927883328876
2024-12-10,427.2,4.272,75130,9418.13664,10362.758620689656,-944.6219806896552,-9.115545534407026
2024-12-11,426.15,4.2615,75490,9394.98813,10412.413793103447,-1017.4256631034477,-9.771275741820103
2024-12-12,424.15,4.241499999999999,75440,9350.895729999998,10405.51724137931,-1054.6215113793114,-10.135214683854729
2024-12-13,419.55,4.1955,74790,9249.48321,10315.862068965518,-1066.3788589655178,-10.337273335338953
2024-12-16,419.35,4.1935,74390,9245.07397,10260.689655172413,-1015.6156851724136,-9.898123023927946
2024-12-17,414.7,4.147,74350,9142.55914,10255.172413793103,-1112.6132737931039,-10.849288816408881
2024-12-18,408.9,4.0889999999999995,73930,9014.691179999998,10197.241379310344,-1182.5501993103462,-11.596765785202233
2024-12-19,408.3,4.083,73850,9001.46346,10186.206896551725,-1184.7434365517238,-11.63085973595125
2024-12-20,409.8,4.098,73820,9034.53276,10182.068965517241,-1147.536205517241,-11.270167285288535
2024-12-23,409.45,4.0945,74160,9026.81659,10228.965517241379,-1202.1489272413783,-11.752399841558782
2024-12-24,410.25,4.1025,74060,9044.45355,10215.172413793103,-1170.718863793103,-11.460588391169319
2024-12-26,413.85,4.1385000000000005,74040,9123.819870000001,10212.413793103447,-1088.5939231034463,-10.659516399918944
2024-12-27,412.65,4.1265,74090,9097.36443,10219.310344827587,-1121.9459148275873,-10.978685224051839
2024-12-30,408.95,4.0895,74270,9015.79349,10244.137931034482,-1228.3444410344819,-11.990705799784562
2024-12-31,402.3,4.023,73770,8869.186259999999,10175.172413793103,-1305.9861537931047,-12.835027267181792
2025-01-02,403.6,4.0360000000000005,73280,8897.84632,10107.586206896553,-1209.739886896552,-11.968632887554588
2025-01-03,407.6,4.0760000000000005,72920,8986.031120000001,10057.931034482759,-1071.8999144827576,-10.657260532089952
2025-01-06,415.1,4.151,73600,9151.37762,10151.724137931034,-1000.3465179310351,-9.853956868206529
2025-01-07,417.6,4.176,74470,9206.49312,10271.724137931034,-1065.2310179310352,-10.370518168389962
2025-01-08,426.8,4.268,74480,9409.318159999999,10273.103448275862,-863.7852882758634,-8.408221455424288
2025-01-09,431.35,4.3135,74920,9509.62837,10333.793103448275,-824.164733448275,-7.975432885077407
2025-01-10,429.0,4.29,75270,9457.8198,10382.068965517241,-924.2491655172416,-8.902360103626945
2025-01-13,432.55,4.3255,75620,9536.08381,10430.344827586207,-894.2610175862064,-8.5736476824914
2025-01-14,434.75,4.3475,75530,9584.58545,10417.931034482759,-833.3455844827586,-7.999146680127101
2025-01-15,439.7,4.397,75250,9693.71414,10379.310344827587,-685.5962048275869,-6.605411940199342
2025-01-16,443.5,4.435,76260,9777.489699999998,10518.620689655172,-741.1309896551738,-7.045895194072922
2025-01-17,435.1,4.351,76540,9592.30162,10557.241379310344,-964.939759310344,-9.140074804024033
2025-01-20,431.65,4.3165,75400,9516.242229999998,10400.0,-883.757770000002,-8.497670865384634
2025-01-21,433.8,4.338,75630,9563.64156,10431.724137931034,-868.0825779310344,-8.321563784212612
2025-01-22,429.4,4.294,75520,9466.63828,10416.551724137931,-949.913444137932,-9.119269690148315
2025-01-23,432.75,4.3275,74960,9540.49305,10339.310344827587,-798.8172948275878,-7.7260210612326725
2025-01-24,431.1,4.311,75870,9504.11682,10464.827586206897,-960.7107662068975,-9.180378351126937
2025-01-27,424.1,4.2410000000000005,75540,9349.79342,10419.310344827587,-1069.516924827587,-10.26475735371989
2025-02-05,443.7,4.437,75290,9781.898940000001,10384.827586206897,-602.9286462068958,-5.805860917784559
2025-02-06,445.85,4.4585,76480,9829.29827,10548.965517241379,-719.6672472413793,-6.822159443645398
2025-02-07,459.5,4.595,77250,10130.228899999998,10655.172413793103,-524.943513793105,-4.9266543365695945
2025-02-10,469.3,4.6930000000000005,77370,10346.28166,10671.724137931034,-325.44247793103386,-3.0495773103269945
2025-02-11,459.75,4.5975,77150,10135.74045,10641.379310344828,-505.6388603448286,-4.751628953337663
2025-02-12,469.1,4.691,77000,10341.87242,10620.689655172413,-278.81723517241335,-2.6252272142857103
2025-02-13,483.05,4.8305,77560,10649.41691,10697.931034482759,-48.514124482759144,-0.45349072008767893
2025-02-14,468.65,4.6865,78090,10331.95163,10771.034482758621,-439.0828527586218,-4.076515152388279
2025-02-17,464.0,4.64,77030,10229.4368,10624.827586206897,-395.39078620689725,-3.721385434246404
2025-02-18,463.3,4.633,76850,10214.00446,10600.0,-385.9955399999999,-3.6414673584905652
2025-02-19,462.0,4.62,77080,10185.3444,10631.724137931034,-446.37973793103447,-4.198563959522574
2025-02-20,466.3,4.663,77850,10280.14306,10737.931034482759,-457.7879744827587,-4.263279145793193
2025-02-21,459.05,4.5905000000000005,77170,10120.30811,10644.137931034482,-523.8298210344819,-4.9212986944408375
2025-02-24,455.8,4.558,77320,10048.657959999999,10664.827586206897,-616.1696262068981,-5.777586381272648
2025-02-25,469.35,4.6935,76950,10347.38397,10613.793103448275,-266.4091334482746,-2.5100275730994035
2025-02-26,458.05,4.5805,77130,10098.26191,10638.620689655172,-540.3587796551728,-5.079218400751982
2025-02-27,459.35,4.593500000000001,77070,10126.921970000001,10630.344827586207,-503.4228575862053,-4.735715216686114
2025-02-28,456.25,4.5625,76840,10058.578749999999,10598.620689655172,-540.0419396551733,-5.09539831142635
2025-03-03,459.0,4.59,77050,10119.2058,10627.586206896553,-508.3804068965528,-4.783592407527589
2025-03-04,458.0,4.58,76940,10097.159599999999,10612.413793103447,-515.2541931034484,-4.855202625422408
2025-03-05,480.55,4.8055,77510,10594.30141,10691.034482758621,-96.73307275862135,-0.904805544445884
2025-03-06,477.45,4.7745,78260,10525.95819,10794.48275862069,-268.52456862069084,-2.4876094077434305
2025-03-07,471.25,4.7125,78320,10389.27175,10802.758620689656,-413.4868706896559,-3.8276044592696694
2025-03-10,464.5,4.645,78270,10240.459899999998,10795.862068965518,-555.4021689655201,-5.144583780503412
2025-03-11,479.55,4.7955000000000005,78030,10572.255210000001,10762.758620689656,-190.50341068965463,-1.7700240003844625
2025-03-12,484.0,4.84,79410,10670.360799999999,10953.103448275862,-282.74264827586376,-2.581393023548687
2025-03-13,491.95,4.9195,79450,10845.62809,10958.620689655172,-112.99259965517194,-1.0310841378225255
2025-03-14,488.2,4.882,80500,10762.954839999999,11103.448275862069,-340.4934358620703,-3.066555788819888
2025-03-17,497.8,4.978,80520,10974.598359999998,11106.206896551725,-131.6085365517265,-1.1849998633879995
2025-03-18,500.4,5.004,80260,11031.918479999998,11070.344827586207,-38.42634758620807,-0.3471106653376632
2025-03-19,512.15,5.1215,80890,11290.96133,11157.241379310344,133.7199506896559,1.1985036994684204
2025-03-20,511.3,5.113,81670,11272.22206,11264.827586206897,7.394473793103316,0.06564213909636224
2025-03-21,510.35,5.1035,80610,11251.27817,11118.620689655172,132.6574803448275,1.1931109446718762
2025-03-24,508.2,5.082,81840,11203.87884,11288.275862068966,-84.39702206896618,-0.7476520161290382
2025-03-25,522.75,5.2275,81910,11524.65105,11297.931034482759,226.72001551724134,2.0067392412403855
2025-03-26,524.15,5.241499999999999,82000,11555.515729999997,11310.344827586207,245.17090241379083,2.16766956402437
2025-03-27,512.0,5.12,81560,11287.6544,11249.655172413793,37.99922758620596,0.33778126532613195
2025-03-28,510.7,5.107,80450,11258.99434,11096.551724137931,162.44261586206812,1.463901758856425
2025-03-31,505.25,5.0525,79950,11138.84255,11027.586206896553,111.25634310344685,1.0088911663539581
2025-04-01,503.25,5.0325,80430,11094.750149999998,11093.793103448275,0.9570465517226694,0.008626864975742079
2025-04-02,502.7,5.027,79890,11082.62474,11019.310344827587,63.31439517241233,0.574576749280247
2025-04-03,481.15,4.8115,78860,10607.529129999999,10877.241379310344,-269.7122493103452,-2.4796015819173256
2025-04-07,430.45,4.3045,73640,9489.78679,10157.241379310344,-667.4545893103441,-6.571219137017918
2025-04-08,411.55,4.1155,73360,9073.113609999999,10118.620689655172,-1045.5070796551736,-10.332505898991288
2025-04-09,446.65,4.4665,72130,9846.93523,9948.965517241379,-102.03028724137948,-1.025536645639819
2025-04-10,439.05,4.3905,75300,9679.38411,10386.206896551725,-706.8227865517238,-6.8053986752988
2025-04-11,455.25,4.5525,75230,10036.53255,10376.551724137931,-340.01917413793126,-3.276803153662105
2025-04-14,471.6,4.716,76260,10396.98792,10518.620689655172,-121.63276965517252,-1.1563566483084198
2025-04-15,466.7,4.667,75870,10288.961539999998,10464.827586206897,-175.86604620689832,-1.6805441347041161
2025-04-16,472.75,4.7275,75260,10422.341049999999,10380.689655172413,41.651394827586046,0.40123918748338944
2025-04-17,475.6,4.756,75780,10485.17272,10452.413793103447,32.75892689655302,0.3134101609923587
2025-04-21,477.1,4.771,77290,10518.24202,10660.689655172413,-142.44763517241336,-1.336195309871907
2025-04-22,489.75,4.8975,77120,10797.12645,10637.241379310344,159.88507068965555,1.5030689347769746
2025-04-23,488.35,4.883500000000001,77890,10766.261770000001,10743.448275862069,22.81349413793214,0.21234796828862243
2025-04-24,493.85,4.9385,77410,10887.515870000001,10677.241379310344,210.2744906896569,1.9693709565947712
2025-04-25,489.9,4.899,77440,10800.43338,10681.379310344828,119.0540696551725,1.1145945312500007
2025-04-28,489.95,4.8995,77580,10801.535689999999,10700.689655172413,100.84603482758575,0.9424255639339993
2025-04-29,486.1,4.861000000000001,77600,10716.65782,10703.448275862069,13.209544137931516,0.12341391108247873
2025-04-30,460.85,4.6085,77220,10159.99127,10651.034482758621,-491.04321275862094,-4.610286574074076
2025-05-06,475.5,4.755,77600,10482.9681,10703.448275862069,-220.4801758620688,-2.0598985502577305
2025-05-07,461.9,4.619,77790,10183.13978,10729.655172413793,-546.515392413794,-5.093503785833662
2025-05-08,460.05,4.6005,77330,10142.35431,10666.206896551725,-523.852586551724,-4.911329694167851
2025-05-09,465.15,4.6514999999999995,77450,10254.789929999999,10682.758620689656,-427.9686906896568,-4.006162695287297
2025-05-12,463.05,4.6305000000000005,78260,10208.49291,10794.48275862069,-585.9898486206894,-5.428605165474058
2025-05-13,470.85,4.7085,78090,10380.45327,10771.034482758621,-390.5812127586214,-3.6262182001536756
2025-05-14,464.3,4.643,78940,10236.050659999999,10888.275862068966,-652.2252020689666,-5.990160520648604
2025-05-15,468.05,4.6805,77870,10318.72391,10740.689655172413,-421.9657451724124,-3.9286652786695653
2025-05-16,459.1,4.591,78140,10121.41042,10777.931034482759,-656.5206144827589,-6.0913417647811645
2025-05-19,466.3,4.663,77820,10280.14306,10733.793103448275,-453.650043448275,-4.226372160113074
2025-05-20,467.3,4.673,77540,10302.18926,10695.172413793103,-392.98315379310407,-3.6743975561000832
2025-05-21,465.75,4.6575,78100,10268.01765,10772.413793103447,-504.3961431034477,-4.682294542253516
2025-05-22,467.75,4.6775,77920,10312.11005,10747.586206896553,-435.4761568965532,-4.05185079247948
2025-05-23,486.25,4.8625,77790,10719.96475,10729.655172413793,-9.690422413794295,-0.09031438809616742
2025-05-26,484.15,4.8415,78270,10673.66773,10795.862068965518,-122.19433896551891,-1.1318627283761493
2025-05-27,474.35,4.7435,77900,10457.614969999999,10744.827586206897,-287.212616206898,-2.6730314088575233
2025-05-28,468.4,4.684,77870,10326.44008,10740.689655172413,-414.24957517241273,-3.8568247335302335
2025-05-29,467.1,4.671,78130,10297.78002,10776.551724137931,-478.771704137931,-4.442717080506847
2025-05-30,470.2,4.702,77600,10366.123239999999,10703.448275862069,-337.32503586206985,-3.1515547809278432
2025-06-03,486.35,4.8635,77650,10722.16937,10710.344827586207,11.824542413793097,0.11040300386348995
2025-06-04,490.0,4.9,78200,10802.638,10786.206896551725,16.43110344827619,0.15233439897698514
2025-06-05,491.1,4.9110000000000005,78170,10826.88882,10782.068965517241,44.81985448275918,0.4156888128438072
2025-06-06,483.25,4.8325,78930,10653.826149999999,10886.896551724138,-233.07040172413872,-2.1408341726846647
2025-06-09,490.05,4.9005,78910,10803.74031,10884.137931034482,-80.39762103448265,-0.7386677892535791
2025-06-10,488.75,4.8875,78880,10775.080249999999,10880.0,-104.91975000000093,-0.9643359375000086
2025-06-11,480.6,4.806,79290,10595.40372,10936.551724137931,-341.1480041379309,-3.1193379114642443
2025-06-12,489.55,4.8955,78610,10792.71721,10842.758620689656,-50.041410689655095,-0.46151918012975374
2025-06-13,480.4,4.803999999999999,78010,10590.994479999998,10760.0,-169.00552000000243,-1.5706832713754872
2025-06-16,487.2,4.872,78550,10740.90864,10834.48275862069,-93.57411862069057,-0.8636694589433567
2025-06-17,484.35,4.843500000000001,78570,10678.07697,10837.241379310344,-159.16440931034413,-1.4686801164566565
2025-06-18,490.4,4.904,78860,10811.456479999999,10877.241379310344,-65.78489931034528,-0.6047939639868163
2025-06-19,485.55,4.8555,78310,10704.53241,10801.379310344828,-96.8469003448281,-0.8966160483973997
2025-06-20,488.4,4.8839999999999995,77990,10767.364079999998,10757.241379310344,10.122700689653357,0.09410126939349511
2025-06-23,493.75,4.9375,78290,10885.311249999999,10798.620689655172,86.69056034482674,0.8027929013922517
2025-06-24,495.0,4.95,78640,10912.869,10846.896551724138,65.97244827586292,0.6082149669379529
2025-06-25,498.1,4.981,78680,10981.21222,10852.413793103447,128.79842689655197,1.1868182447890212
2025-06-26,510.6,5.106,78890,11256.789719999999,10881.379310344828,375.41040965517095,3.450025947521852
2025-06-27,512.15,5.1215,79920,11290.96133,11023.448275862069,267.51305413793125,2.4267638169419437
2025-06-30,510.85,5.1085,79870,11262.30127,11016.551724137931,245.74954586206877,2.2307301959434063
2025-07-01,509.9,5.099,80640,11241.35738,11122.758620689656,118.59875931034367,1.0662710875495927
2025-07-02,519.6,5.196000000000001,80540,11455.205520000001,11108.965517241379,346.2400027586227,3.1167618822945307
2025-07-03,513.45,5.1345,80560,11319.62139,11111.724137931034,207.89725206896583,1.870972042576964
2025-07-04,506.3,5.063,79730,11161.991059999998,10997.241379310344,164.74968068965427,1.4981000689828088
2025-07-07,500.5,5.005,79270,11034.123099999999,10933.793103448275,100.32999655172353,0.9176138198561822
2025-07-08,550.2,5.502000000000001,79620,12129.81924,10982.068965517241,1147.7502744827598,10.45112972871139
2025-07-09,554.05,5.5405,78400,12214.69711,10813.793103448275,1400.9040065517238,12.954788325892855
2025-07-10,562.7,5.627000000000001,78600,12405.39674,10841.379310344828,1564.0174296551722,14.426369421119592
2025-07-11,558.25,5.5825,78430,12307.29115,10817.931034482759,1489.36011551724,13.767513499298726
2025-07-14,552.4,5.524,78400,12178.32088,10813.793103448275,1364.527776551724,12.618400994897957
2025-07-15,551.5,5.515,78090,12158.479299999999,10771.034482758621,1387.4448172413777,12.881258707901125
2025-07-16,551.55,5.515499999999999,77980,12159.581609999997,10755.862068965518,1403.7195410344793,13.05073951333672
2025-07-17,549.8,5.497999999999999,77840,12121.000759999997,10736.551724137931,1384.449035862066,12.894727016957836
2025-07-18,558.15,5.5815,78410,12305.08653,10815.172413793103,1489.9141162068972,13.776147611911751
2025-07-21,564.1,5.641,79700,12436.261419999999,10993.103448275862,1443.1579717241366,13.127848550815546
2025-07-22,576.75,5.7675,79740,12715.145849999999,10998.620689655172,1716.5251603448269,15.606731141835962
2025-07-23,583.8,5.837999999999999,79590,12870.571559999997,10977.931034482759,1892.6405255172376,17.24041187335089
2025-07-24,582.4,5.824,79890,12839.70688,11019.310344827587,1820.3965351724128,16.520058680685935
2025-07-25,580.4,5.803999999999999,79250,12795.614479999998,10931.034482758621,1864.579997241377,17.057671899053606
2025-07-28,562.0,5.62,79000,12389.964399999999,10896.551724137931,1493.4126758620678,13.705369493670874
2025-07-29,566.55,5.6655,78840,12490.274609999999,10874.48275862069,1615.7918513793084,14.85856281392692
2025-07-30,462.45,4.6245,78930,10195.26519,10886.896551724138,-691.6313617241376,-6.35287897187381
2025-07-31,443.05,4.4305,78040,9767.56891,10764.137931034482,-996.5690210344819,-9.258233473218855
2025-08-01,444.2,4.442,78400,9792.92204,10813.793103448275,-1020.8710634482759,-9.440453073979592
2025-08-04,445.45,4.4544999999999995,78330,9820.479789999998,10804.137931034482,-983.6581410344843,-9.1044574524448
2025-08-05,437.95,4.3795,78580,9655.13329,10838.620689655172,-1183.4873996551723,-10.9191698237465
2025-08-06,441.25,4.4125,78280,9727.88575,10797.241379310344,-1069.3556293103447,-9.903970762008175
2025-08-07,441.4,4.414,78460,9731.192679999998,10822.068965517241,-1090.8762855172426,-10.080108424675007
2025-08-08,448.25,4.4825,78490,9882.209149999999,10826.206896551725,-943.9977465517259,-8.719561297617547
2025-08-11,444.45,4.4445,79020,9798.433589999999,10899.310344827587,-1100.8767548275882,-10.100425806757801
2025-08-12,451.65,4.5165,79020,9957.166229999999,10899.310344827587,-942.144114827588,-8.644070909263494
2025-08-13,455.85,4.5585,79380,10049.76027,10948.965517241379,-899.205247241378,-8.212695946712007
2025-08-14,455.95,4.5595,78950,10051.96489,10889.655172413793,-837.6902824137942,-7.692532675744151
2025-08-15,455.0,4.55,79060,10031.020999999999,10904.827586206897,-873.8065862068979,-8.013025233999507
2025-08-18,454.15,4.5415,78950,10012.28173,10889.655172413793,-877.3734424137929,-8.056944214692841
2025-08-19,449.6,4.496,78890,9911.971520000001,10881.379310344828,-969.4077903448269,-8.908868652554183
2025-08-20,450.35,4.5035,78640,9928.506169999999,10846.896551724138,-918.3903817241389,-8.466849271998992
2025-08-21,451.7,4.5169999999999995,78510,9958.26854,10828.965517241379,-870.6969772413795,-8.040444637625782
2025-08-22,452.95,4.5295,78650,9985.826289999999,10848.275862068966,-862.4495720689665,-7.950107307692317
2025-08-25,453.25,4.5325,79690,9992.440149999999,10991.724137931034,-999.2839879310359,-9.09123969444097
2025-08-26,454.6,4.546,79190,10022.20252,10922.758620689656,-900.5561006896551,-8.244767937870941
2025-08-27,449.9,4.499,79190,9918.585379999999,10922.758620689656,-1004.1732406896572,-9.19340320116178
2025-08-28,454.4,4.544,78930,10017.793279999998,10886.896551724138,-869.1032717241396,-7.983021310021554
2025-08-29,458.45,4.5845,79410,10107.08039,10953.103448275862,-846.0230582758631,-7.724048825714655
2025-09-01,457.25,4.5725,79780,10080.62495,11004.137931034482,-923.5129810344824,-8.392415533341687
2025-09-02,464.05,4.6405,79660,10230.53911,10987.586206896553,-757.0470968965528,-6.890021908737143
2025-09-03,461.7,4.617,80110,10178.730539999999,11049.655172413793,-870.9246324137948,-7.881916845587334
2025-09-04,456.4,4.564,79770,10061.88568,11002.758620689656,-940.8729406896564,-8.551245856838422
2025-09-05,454.2,4.542,80140,10013.384039999999,11053.793103448275,-1040.4090634482764,-9.412235724981288
2025-09-08,456.6,4.566,79650,10066.294919999998,10986.206896551725,-919.9119765517262,-8.37333563088514
2025-09-09,457.45,4.5745,79650,10085.034189999998,10986.206896551725,-901.1727065517262,-8.202764748901462
2025-09-10,460.5,4.605,79790,10152.2751,11005.51724137931,-853.242141379309,-7.752858158917146
2025-09-11,467.0,4.67,80130,10295.5754,11052.413793103447,-756.8383931034477,-6.847720391863218
2025-09-12,464.7,4.647,81060,10244.86914,11180.689655172413,-935.8205151724123,-8.369971299037736
2025-09-15,471.9,4.718999999999999,80940,10403.601779999999,11164.137931034482,-760.5361510344828,-6.8123141771682745
2025-09-16,469.85,4.6985,80880,10358.40707,11155.862068965518,-797.4549989655188,-7.148304577769549
2025-09-17,461.55,4.6155,80560,10175.42361,11111.724137931034,-936.3005279310346,-8.426239855387289
2025-09-18,459.95,4.5995,79580,10140.14969,10976.551724137931,-836.402034137931,-7.619897898341291
2025-09-19,463.05,4.6305000000000005,79850,10208.49291,11013.793103448275,-805.3001934482745,-7.311742520350646
2025-09-22,465.1,4.651,80160,10253.687619999999,11056.551724137931,-802.8641041379324,-7.261433077594822
2025-09-23,464.0,4.64,79920,10229.4368,11023.448275862069,-794.0114758620693,-7.202931931931936
2025-09-24,482.7,4.827,79960,10641.70074,11028.965517241379,-387.2647772413784,-3.511342715107546
2025-09-25,478.75,4.7875,82710,10554.61825,11408.275862068966,-853.657612068966,-7.482792512997224
2025-09-26,476.35,4.7635000000000005,82470,10501.70737,11375.172413793103,-873.4650437931032,-7.678697183824419
2025-09-29,490.55,4.9055,82370,10814.76341,11361.379310344828,-546.6159003448283,-4.811175522034728
2025-09-30,487.65,4.8765,83110,10750.82943,11463.448275862069,-712.6188458620691,-6.2164440289977145
2025-10-09,513.95,5.139500000000001,86750,11330.64449,11965.51724137931,-634.8727513793092,-5.305852965417858
2025-10-10,484.45,4.8445,85910,10680.281589999999,11849.655172413793,-1169.3735824137948,-9.868418661971845
2025-10-13,513.0,5.13,85120,11309.700599999998,11740.689655172413,-430.98905517241474,-3.670900669642865
2025-10-14,499.8,4.998,84410,11018.69076,11642.758620689656,-624.0678606896563,-5.360137412628845
2025-10-15,497.2,4.9719999999999995,85850,10961.37064,11841.379310344828,-880.0086703448287,-7.431639906814221
2025-10-16,498.35,4.9835,85070,10986.72377,11733.793103448275,-747.0693334482748,-6.366818699306445
2025-10-17,499.75,4.9975,84390,11017.58845,11640.0,-622.4115500000007,-5.347178264604817
2025-10-20,504.85,5.048500000000001,85380,11130.024070000001,11776.551724137931,-646.5276541379299,-5.489957241157169
2025-10-21,495.15,4.951499999999999,85400,10916.175929999998,11779.310344827587,-863.1344148275894,-7.327546261709628
2025-10-22,500.3,5.003,85420,11029.71386,11782.068965517241,-752.3551055172411,-6.385594140716458
2025-10-23,508.55,5.0855,86070,11211.59501,11871.724137931034,-660.1291279310353,-5.560516065411882
2025-10-24,511.65,5.116499999999999,87720,11279.938229999998,12099.310344827587,-819.372114827589,-6.772056352599202
2025-10-27,515.8,5.1579999999999995,88370,11371.429959999998,12188.965517241379,-817.535557241381,-6.707177537625905
2025-10-28,516.9,5.169,86980,11395.680779999999,11997.241379310344,-601.5605993103454,-5.0141576741779765
2025-10-29,520.1,5.2010000000000005,88710,11466.22862,12235.862068965518,-769.6334489655183,-6.289981405703987
2025-10-30,510.3,5.103,87960,11250.17586,12132.413793103447,-882.2379331034481,-7.271742854706684
2025-10-31,511.35,5.1135,87010,11273.32437,12001.379310344828,-728.0549403448276,-6.066427212389381
2025-11-03,505.0,5.05,87300,11133.330999999998,12041.379310344828,-908.0483103448296,-7.54106557846508
2025-11-04,492.5,4.925,85740,10857.753499999999,11826.206896551725,-968.4533965517257,-8.18904493235364
2025-11-05,498.8,4.988,85670,10996.64456,11816.551724137931,-819.9071641379305,-6.938633057079486
2025-11-06,497.5,4.975,86320,10967.984499999999,11906.206896551725,-938.222396551726,-7.88011164851716
2025-11-07,495.75,4.9575,85940,10929.403649999998,11853.793103448275,-924.389453448277,-7.798258712473828
2025-11-10,509.8,5.098,86480,11239.152759999999,11928.275862068966,-689.1231020689665,-5.777223045790943
2025-11-11,506.3,5.063,86630,11161.991059999998,11948.965517241379,-786.9744572413802,-6.586130457116479
2025-11-12,508.55,5.0855,86840,11211.59501,11977.931034482759,-766.33602448276,-6.397899789843402
2025-11-13,505.7,5.0569999999999995,87550,11148.763339999998,12075.862068965518,-927.0987289655204,-7.677288161050853
2025-11-14,504.95,5.0495,86900,11132.22869,11986.206896551725,-853.9782065517247,-7.124674335443043
2025-11-17,506.6,5.066,86450,11168.60492,11924.137931034482,-755.5330110344821,-6.336164638519371
2025-11-18,504.45,5.0445,85650,11121.20559,11813.793103448275,-692.5875134482758,-5.862532950963222
2025-11-19,510.85,5.1085,86110,11262.30127,11877.241379310344,-614.9401093103443,-5.17746579084891
2025-11-20,503.2,5.032,86130,11093.64784,11880.0,-786.3521600000004,-6.61912592592593
2025-11-21,507.7,5.077,85660,11192.855739999999,11815.172413793103,-622.3166737931042,-5.26709769437311
2025-11-24,508.6,5.086,86080,11212.69732,11873.103448275862,-660.406128275863,-5.562203101765808
2025-11-25,511.1,5.111000000000001,86600,11267.812820000001,11944.827586206897,-677.0147662068957,-5.667848793302534
2025-11-26,520.3,5.202999999999999,86590,11470.637859999999,11943.448275862069,-472.81041586206993,-3.958742943757948
2025-11-27,516.2,5.162000000000001,86990,11380.248440000001,11998.620689655172,-618.3722496551709,-5.153694459133221
2025-11-28,527.6,5.276,87430,11631.57512,12059.310344827587,-427.73522482758744,-3.5469294063822585
2025-12-01,526.8,5.268,89280,11613.93816,12314.48275862069,-700.5445986206905,-5.688786223118286
2025-12-02,524.3,5.242999999999999,88920,11558.822659999998,12264.827586206897,-706.0049262068987,-5.7563379610886365
2025-12-03,539.15,5.3915,89210,11886.208729999998,12304.827586206897,-418.6188562068983,-3.4020700678175233
2025-12-04,536.15,5.3614999999999995,90980,11820.070129999998,12548.965517241379,-728.8953872413804,-5.808410153330411
2025-12-05,545.3,5.452999999999999,92780,12021.792859999998,12797.241379310344,-775.4485193103465,-6.059497483293827
2025-12-08,542.6,5.426,92970,11962.26812,12823.448275862069,-861.1801558620682,-6.715667559427767
2025-12-09,532.95,5.3295,91090,11749.52229,12564.137931034482,-814.6156410344811,-6.483657259303972
2025-12-10,540.65,5.406499999999999,91850,11919.278029999998,12668.965517241379,-749.687487241381,-5.917511467065881
2025-12-11,548.8,5.4879999999999995,92310,12098.954559999998,12732.413793103447,-633.4592331034492,-4.975170014082988
2025-12-12,535.7,5.357,94170,11810.14934,12988.965517241379,-1178.8161772413787,-9.075520107252837
2025-12-15,540.7,5.407,92490,11920.38034,12757.241379310344,-836.8610393103445,-6.559890296248241
2025-12-16,536.2,5.362,91920,11821.17244,12678.620689655172,-857.4482496551718,-6.76294583333333
2025-12-17,542.65,5.4265,92820,11963.370429999999,12802.758620689656,-839.3881906896568,-6.556307242512402
2025-12-18,542.45,5.4245,92600,11958.96119,12772.413793103447,-813.4526031034475,-6.368824376349886
2025-12-19,548.25,5.4825,93180,12086.82915,12852.413793103447,-765.5846431034479,-5.956738208306501
2025-12-22,550.3,5.502999999999999,94320,12132.023859999998,13009.655172413793,-877.631312413796,-6.745999803859225
2025-12-23,555.95,5.559500000000001,93930,12256.584890000002,12955.862068965518,-699.2771789655162,-5.397380546683692
2025-12-24,557.25,5.5725,96100,12285.244949999998,13255.172413793103,-969.9274637931048,-7.31735079344434
2025-12-26,585.05,5.850499999999999,98720,12898.129309999998,13616.551724137931,-718.4224141379327,-5.276096538188829
2025-12-29,556.95,5.569500000000001,98860,12278.63109,13635.862068965518,-1357.2309789655174,-9.953393280902286
2025-12-30,574.65,5.7465,98090,12668.848829999999,13529.655172413793,-860.8063424137945,-6.362367195942512
2025-12-31,569.4,5.694,98240,12553.10628,13550.344827586207,-997.2385475862066,-7.359506789495112
2026-01-05,598.95,5.9895000000000005,101350,13204.57149,13979.310344827587,-774.7388548275867,-5.542039168722253
2026-01-06,606.05,6.060499999999999,105320,13361.099509999998,14526.896551724138,-1165.7970417241395,-8.025093574344865
2026-01-07,585.1,5.851,103410,12899.231619999999,14263.448275862069,-1364.2166558620702,-9.564423900009679
2026-01-08,580.55,5.805499999999999,101220,12798.921409999999,13961.379310344828,-1162.4579003448289,-8.326239653724569
2026-01-09,589.05,5.890499999999999,101580,12986.314109999998,14011.034482758621,-1024.7203727586239,-7.3136667675723785
2026-01-12,600.7,6.007000000000001,103980,13243.15234,14342.068965517241,-1098.9166255172404,-7.662190358722825
2026-01-13,600.3,6.002999999999999,102480,13234.333859999997,14135.172413793103,-900.8385537931063,-6.373028410421567
2026-01-14,609.45,6.0945,104120,13436.05659,14361.379310344828,-925.3227203448278,-6.443132657030351
2026-01-15,599.05,5.9905,102810,13206.776109999999,14180.689655172413,-973.9135451724142,-6.867885616671534
2026-01-16,584.85,5.8485000000000005,100770,12893.720070000001,13899.310344827587,-1005.5902748275857,-7.234821367966653
2026-01-19,590.5,5.905,101180,13018.2811,13955.862068965518,-937.580968965518,-6.718187413520463
2026-01-20,582.95,5.8295,101230,12851.83229,13962.758620689656,-1110.9263306896555,-7.9563527585695955
2026-01-21,580.4,5.803999999999999,101280,12795.614479999998,13969.655172413793,-1174.040692413795,-8.404220991311231
2026-01-22,580.2,5.8020000000000005,100700,12791.205240000001,13889.655172413793,-1098.4499324137923,-7.908403187686192
2026-01-23,593.65,5.9365,101340,13087.72663,13977.931034482759,-890.2044044827599,-6.36864212798501
2026-01-26,590.55,5.9055,101880,13019.383409999999,14052.413793103447,-1033.030383103449,-7.351266467903421
2026-01-27,595.05,5.9505,102600,13118.59131,14151.724137931034,-1033.1328279310346,-7.300402536549709
2026-01-28,599.55,5.9955,103060,13217.79921,14215.172413793103,-997.373203793104,-7.016258225790805
2026-01-29,632.35,6.3235,109110,13940.914569999999,15049.655172413793,-1108.7406024137945,-7.367215990743295
